_split,query_id,rows,unique_dates,minimum_date,maximum_date,applications,multi_date
dev,Q_0002f8ac268df6a281c7,2,1,2016-09-28,2016-09-28,1,False
dev,Q_000402deb3096bc4d7ab,2,1,2017-03-22,2017-03-22,1,False
dev,Q_001994c0bf28fa1117f5,2,1,2017-02-08,2017-02-08,1,False
dev,Q_002520c63c6c36466fb0,2,1,2017-03-15,2017-03-15,1,False
dev,Q_003ad82735df2db6af02,2,1,2016-12-28,2016-12-28,1,False
dev,Q_0042087a2b2489ba4eeb,2,1,2017-03-29,2017-03-29,1,False
dev,Q_006492ec854a306261a2,2,1,2016-09-28,2016-09-28,1,False
dev,Q_007f6a3ae8240d99d2fa,2,1,2017-01-04,2017-01-04,1,False
dev,Q_00820119fe1da115d8d8,2,1,2016-12-14,2016-12-14,1,False
dev,Q_008df02ddf5f72729f5e,2,1,2017-04-19,2017-04-19,1,False
dev,Q_008e468c657a98bc8cef,2,1,2016-10-12,2016-10-12,1,False
dev,Q_00cb0ea25cdb2bfc4372,2,1,2016-10-05,2016-10-05,1,False
dev,Q_00f5bd8c65de36690b04,2,1,2016-11-23,2016-11-23,1,False
dev,Q_0132cf0e40e957c20703,2,1,2016-09-28,2016-09-28,1,False
dev,Q_0153675bcfa5f4f90408,2,1,2017-04-26,2017-04-26,1,False
dev,Q_017078a8f4d52e4c2552,2,1,2017-02-15,2017-02-15,1,False
dev,Q_01aa928600aa9ed472b7,2,1,2017-03-29,2017-03-29,1,False
dev,Q_01dc84aeaa3aa7b2cbb1,2,1,2016-11-23,2016-11-23,1,False
dev,Q_01debef8abefe65d3b30,2,1,2017-03-22,2017-03-22,1,False
dev,Q_01eadc4f0a76a6b8b94c,2,1,2017-01-04,2017-01-04,1,False
dev,Q_0200554a8591773d15f0,2,1,2016-12-21,2016-12-21,1,False
dev,Q_0215e2cea256528c1b68,2,1,2017-01-11,2017-01-11,1,False
dev,Q_0228bf1570b1e9a4d1be,2,1,2017-03-08,2017-03-08,1,False
dev,Q_026841a081d0c63e0e14,2,1,2016-11-23,2016-11-23,1,False
dev,Q_029ba111c3d7c2833dff,2,1,2017-05-03,2017-05-03,1,False
dev,Q_02b739c6b713b279f053,2,1,2017-04-26,2017-04-26,1,False
dev,Q_02ca4d615e96e33d9c83,2,1,2016-10-12,2016-10-12,1,False
dev,Q_02dcf432fd32bb9e538b,2,1,2017-03-22,2017-03-22,1,False
dev,Q_03084c2a6b93146f3369,2,1,2016-12-21,2016-12-21,1,False
dev,Q_030fb70d723facc226aa,2,1,2017-02-22,2017-02-22,1,False
dev,Q_031ee5a90a651612f6d6,2,1,2016-09-28,2016-09-28,1,False
dev,Q_03234ff0d332254ebfd3,2,1,2017-01-25,2017-01-25,1,False
dev,Q_032ce37583299878c8f6,2,1,2016-12-14,2016-12-14,1,False
dev,Q_0339f4728604387e0fe9,2,1,2016-09-28,2016-09-28,1,False
dev,Q_035c0256b849b1217e79,2,1,2017-03-01,2017-03-01,1,False
dev,Q_035c87fadf1d714c3deb,2,1,2017-01-04,2017-01-04,1,False
dev,Q_036e98feaa565d450f71,2,1,2016-10-19,2016-10-19,1,False
dev,Q_039bfeb8ef00b6ad75e9,2,1,2017-01-04,2017-01-04,1,False
dev,Q_03fb34ae12ae297b6295,2,1,2017-02-22,2017-02-22,1,False
dev,Q_041c17df093f3e338f0e,2,1,2017-02-22,2017-02-22,1,False
dev,Q_0437a78250817ddb4a0e,2,1,2017-03-15,2017-03-15,1,False
dev,Q_0465c6983b4c677cb8aa,2,1,2016-12-28,2016-12-28,1,False
dev,Q_046731c00144f64fc7bd,2,1,2016-09-28,2016-09-28,1,False
dev,Q_04a65a35170f50757b63,2,1,2017-04-19,2017-04-19,1,False
dev,Q_04d0f82b1b6a63dacd5a,2,1,2017-01-04,2017-01-04,1,False
dev,Q_04eebbc794990d6cb876,2,1,2016-09-28,2016-09-28,1,False
dev,Q_04efb18d0257194ca336,2,1,2016-12-21,2016-12-21,1,False
dev,Q_0512547f51d32380d060,2,1,2016-12-28,2016-12-28,1,False
dev,Q_054397900f5d8aa629c9,2,1,2016-12-28,2016-12-28,1,False
dev,Q_05458139ab457990e3cd,2,1,2016-12-21,2016-12-21,1,False
dev,Q_0547e30db4ae0391ca0c,2,1,2017-02-01,2017-02-01,1,False
dev,Q_05648ab4bb81962eab92,2,1,2017-05-03,2017-05-03,1,False
dev,Q_056ae34a069d4b8e5824,2,1,2017-02-22,2017-02-22,1,False
dev,Q_057d0a5428dfe555227d,2,1,2017-01-04,2017-01-04,1,False
dev,Q_05831e57b2f6711d3397,2,1,2016-12-28,2016-12-28,1,False
dev,Q_05921e7ca0dc97ea7b94,2,1,2016-12-28,2016-12-28,1,False
dev,Q_05a330060208e81bda7f,2,1,2016-11-16,2016-11-16,1,False
dev,Q_05b7152a95d5f58e9099,2,1,2017-02-01,2017-02-01,1,False
dev,Q_05bd42decb13cc106353,2,1,2016-11-23,2016-11-23,1,False
dev,Q_05cecd488f4f86d8f8f6,2,1,2017-05-10,2017-05-10,1,False
dev,Q_05d1e94d0eb7f130dd12,2,1,2017-02-01,2017-02-01,1,False
dev,Q_05e4bad1ce18aa9d83a3,2,1,2016-11-16,2016-11-16,1,False
dev,Q_05e64abe9ffecbdd65eb,2,1,2017-04-12,2017-04-12,1,False
dev,Q_05e8ba5ffd7868e359d7,2,1,2016-09-28,2016-09-28,1,False
dev,Q_05fb2255e3055d66c3aa,2,1,2017-01-25,2017-01-25,1,False
dev,Q_063368bfb99c183b44ed,2,1,2017-02-08,2017-02-08,1,False
dev,Q_0643d3a8f5ab6914afd2,2,1,2016-12-28,2016-12-28,1,False
dev,Q_0648ae97e9606e902fe1,2,1,2017-02-08,2017-02-08,1,False
dev,Q_0661862b0d8df0d8a8e0,2,1,2016-09-28,2016-09-28,1,False
dev,Q_067728075a5db21b8255,2,1,2017-01-04,2017-01-04,1,False
dev,Q_069ac8df3b26f974a696,2,1,2016-12-21,2016-12-21,1,False
dev,Q_06b5f9f70aa4a5818228,2,1,2016-12-07,2016-12-07,1,False
dev,Q_06b8ace345a757ed6dd9,2,1,2016-11-09,2016-11-09,1,False
dev,Q_06c5e4e0e9968d933323,2,1,2017-04-19,2017-04-19,1,False
dev,Q_06c7755588a8d943947e,2,1,2017-03-29,2017-03-29,1,False
dev,Q_06e12f564eb37942ad2d,2,1,2016-11-23,2016-11-23,1,False
dev,Q_06fcca0ce05b7fd30cb6,2,1,2017-05-03,2017-05-03,1,False
dev,Q_07289a4ae446057daf9a,2,1,2017-02-15,2017-02-15,1,False
dev,Q_07a08bdeb6acb37ad221,2,1,2017-05-03,2017-05-03,1,False
dev,Q_07c3e7ceaf9c78e1db9b,2,1,2016-11-23,2016-11-23,1,False
dev,Q_07f3cb1100123d9cc76e,2,1,2016-09-28,2016-09-28,1,False
dev,Q_07f53ffac87625e88c5a,2,1,2017-01-11,2017-01-11,1,False
dev,Q_0884ece379875e57839b,2,1,2016-11-02,2016-11-02,1,False
dev,Q_08a8398a5327c83acd3f,2,1,2016-12-21,2016-12-21,1,False
dev,Q_08ad32f75ee2a380009a,2,1,2017-02-15,2017-02-15,1,False
dev,Q_08be4d661015b90f843a,2,1,2016-09-28,2016-09-28,1,False
dev,Q_08c272c3d4383c19d6c1,2,1,2016-10-19,2016-10-19,1,False
dev,Q_08c3656674961f13943b,2,1,2017-03-22,2017-03-22,1,False
dev,Q_09147d38a8b4134acf1c,2,1,2017-01-11,2017-01-11,1,False
dev,Q_091b3def9ebbd9a14944,2,1,2017-05-03,2017-05-03,1,False
dev,Q_094a262b73fb416fe43a,2,1,2016-11-23,2016-11-23,1,False
dev,Q_0960ecb8c7337cfde1db,2,1,2017-03-22,2017-03-22,1,False
dev,Q_09ab7db27da7d9a0e23b,2,1,2017-02-01,2017-02-01,1,False
dev,Q_09d1dd9ef0a76d1f1692,2,1,2016-12-07,2016-12-07,1,False
dev,Q_09edb17d1a4af9153b1e,2,1,2017-01-04,2017-01-04,1,False
dev,Q_09f0e1cdc195721d4047,2,1,2016-11-23,2016-11-23,1,False
dev,Q_09fec8fdd9fb25444bc5,2,1,2017-02-15,2017-02-15,1,False
dev,Q_0a2a82209bc9bd71bd5d,2,1,2016-12-07,2016-12-07,1,False
dev,Q_0a4a718b6925898984e6,2,1,2016-12-28,2016-12-28,1,False
dev,Q_0a60660fb69476944d07,2,1,2017-02-22,2017-02-22,1,False
dev,Q_0ae015ef3765450973ec,2,1,2017-01-11,2017-01-11,1,False
dev,Q_0afda8aa3e59c31a9a82,2,1,2016-11-23,2016-11-23,1,False
dev,Q_0aff720fcc575475ff3e,2,1,2016-12-28,2016-12-28,1,False
dev,Q_0b5e6c8a531f2c85f6e5,2,1,2016-11-23,2016-11-23,1,False
dev,Q_0b787a39e7cf482e8732,2,1,2017-04-19,2017-04-19,1,False
dev,Q_0b920f30b4127a299da4,2,1,2017-01-04,2017-01-04,1,False
dev,Q_0bc529e4128204bd87dd,2,1,2016-10-05,2016-10-05,1,False
dev,Q_0bef71f5042a571f4c82,2,1,2016-12-14,2016-12-14,1,False
dev,Q_0c03356252a925d8068d,2,1,2017-02-08,2017-02-08,1,False
dev,Q_0c0a112e78dcf1dd295e,2,1,2016-11-02,2016-11-02,1,False
dev,Q_0c507810993412f1cbce,2,1,2017-05-03,2017-05-03,1,False
dev,Q_0c888f673de9968a0e45,2,1,2017-04-19,2017-04-19,1,False
dev,Q_0c969821505dbe9e2263,2,1,2016-12-21,2016-12-21,1,False
dev,Q_0ca8bb0a8d3019b3f9d8,2,1,2017-03-29,2017-03-29,1,False
dev,Q_0cde31045c2b27a6d489,2,1,2016-10-05,2016-10-05,1,False
dev,Q_0cf081531dd870d50dc3,2,1,2017-01-25,2017-01-25,1,False
dev,Q_0d7cfe086c8b130fb4a8,2,1,2016-10-05,2016-10-05,1,False
dev,Q_0d85bd4430aa903195ce,2,1,2017-02-08,2017-02-08,1,False
dev,Q_0da12f59bcd4b6af3174,2,1,2016-12-28,2016-12-28,1,False
dev,Q_0dcd624c823de8deaa72,2,1,2016-12-28,2016-12-28,1,False
dev,Q_0ddd08b332c06f695b22,2,1,2016-11-16,2016-11-16,1,False
dev,Q_0dffc141b3f744c54ff1,2,1,2017-02-15,2017-02-15,1,False
dev,Q_0e2e81d964bd1d6f9406,2,1,2016-11-23,2016-11-23,1,False
dev,Q_0e679a5c4dfceabbbd9d,2,1,2016-12-21,2016-12-21,1,False
dev,Q_0e928933e8bf56fbd990,2,1,2016-09-28,2016-09-28,1,False
dev,Q_0eb42b6f7bdae33e01d8,2,1,2016-11-16,2016-11-16,1,False
dev,Q_0eb45aae43ae7453721b,2,1,2017-01-25,2017-01-25,1,False
dev,Q_0ef661c9604f3292fd06,2,1,2016-11-02,2016-11-02,1,False
dev,Q_0f1fa8522eaf4be16ded,2,1,2016-09-28,2016-09-28,1,False
dev,Q_0f39a5044a7ab6fe6682,2,1,2016-11-02,2016-11-02,1,False
dev,Q_0f5c67f6a6d2d798d1f6,2,1,2017-04-26,2017-04-26,1,False
dev,Q_1068c5c5e3932ee9de19,2,1,2016-11-09,2016-11-09,1,False
dev,Q_10cd7cf7557789d9c3ab,2,1,2016-09-28,2016-09-28,1,False
dev,Q_10e137591fe3e846edad,2,1,2016-11-23,2016-11-23,1,False
dev,Q_10e349506656da9f90e7,2,1,2017-01-25,2017-01-25,1,False
dev,Q_10fb75237bdae6f55a65,2,1,2017-03-01,2017-03-01,1,False
dev,Q_112ba31c5675adb3dc7c,2,1,2016-10-19,2016-10-19,1,False
dev,Q_1132cbfc16471ee2ae4c,2,1,2016-11-09,2016-11-09,1,False
dev,Q_113b26a71ff8205271e4,2,1,2016-12-28,2016-12-28,1,False
dev,Q_11625b06e1b00c8935ad,2,1,2016-10-26,2016-10-26,1,False
dev,Q_1196042edf27dd30bdbf,2,1,2017-03-08,2017-03-08,1,False
dev,Q_11aecd6b33ae04a22836,2,1,2017-03-15,2017-03-15,1,False
dev,Q_11c61c6b6d2a03527c4e,2,1,2016-11-02,2016-11-02,1,False
dev,Q_12300ce79c85b6f64823,2,1,2016-09-28,2016-09-28,1,False
dev,Q_12412f4057485edac356,2,1,2016-10-26,2016-10-26,1,False
dev,Q_12a9df9c0199eb8615b1,2,1,2017-02-08,2017-02-08,1,False
dev,Q_12b3b272732a6877539a,2,1,2016-12-21,2016-12-21,1,False
dev,Q_12efc6f8917206a0dd5b,2,1,2017-02-08,2017-02-08,1,False
dev,Q_12f3c93d3d9ab55159c1,2,1,2016-09-28,2016-09-28,1,False
dev,Q_130a7ea44dae47475309,2,1,2017-05-03,2017-05-03,1,False
dev,Q_130b9e81e4cd5af9186a,2,1,2017-05-03,2017-05-03,1,False
dev,Q_1310881aefa4670e177f,2,1,2017-05-03,2017-05-03,1,False
dev,Q_1386563e2376e594ff14,2,1,2016-11-23,2016-11-23,1,False
dev,Q_139b1052dda32cdb17f6,2,1,2016-12-21,2016-12-21,1,False
dev,Q_13ca80413a1f41f53e84,2,1,2017-02-15,2017-02-15,1,False
dev,Q_14209b0543c8d6240392,2,1,2017-04-19,2017-04-19,1,False
dev,Q_1437c57b44ae0cc30203,2,1,2017-03-29,2017-03-29,1,False
dev,Q_1439791c13c90aaf9c4d,2,1,2017-05-03,2017-05-03,1,False
dev,Q_146f315b3fba1bf52536,2,1,2016-11-02,2016-11-02,1,False
dev,Q_14789e1539a93d7ba10e,2,1,2017-01-18,2017-01-18,1,False
dev,Q_1494798ebed5f10bab74,2,1,2017-05-03,2017-05-03,1,False
dev,Q_14be5eb34a156bf0d753,2,1,2016-10-12,2016-10-12,1,False
dev,Q_14c5072378cd048ff29e,2,1,2016-11-23,2016-11-23,1,False
dev,Q_14cc89cb4c95698996b9,2,1,2017-03-29,2017-03-29,1,False
dev,Q_14edee4e2618e00ac191,2,1,2016-12-21,2016-12-21,1,False
dev,Q_14f086271a88d95d435b,2,1,2017-03-08,2017-03-08,1,False
dev,Q_1513c43d0cb76292768b,2,1,2017-04-19,2017-04-19,1,False
dev,Q_1520354c32c460e82240,2,1,2016-12-28,2016-12-28,1,False
dev,Q_1530386a449a27c047e3,2,1,2016-11-02,2016-11-02,1,False
dev,Q_15c2b2d1c5646db6e253,2,1,2016-12-28,2016-12-28,1,False
dev,Q_15d8e07cb69837c6a844,2,1,2017-03-22,2017-03-22,1,False
dev,Q_15e234e80cc91f5c947a,2,1,2017-05-03,2017-05-03,1,False
dev,Q_15ee67a39709dfdf8f8d,2,1,2017-05-10,2017-05-10,1,False
dev,Q_1602d036ff06f2966584,2,1,2017-03-29,2017-03-29,1,False
dev,Q_16320e0c11ec1bf2f7c5,2,1,2017-01-11,2017-01-11,1,False
dev,Q_167797c90d71c3f61618,2,1,2017-04-19,2017-04-19,1,False
dev,Q_16946fbc999a93b33cf3,2,1,2017-04-26,2017-04-26,1,False
dev,Q_16a6df6ff05e5f830bf4,2,1,2016-10-05,2016-10-05,1,False
dev,Q_16f2813024ae06d8ffef,2,1,2017-02-15,2017-02-15,1,False
dev,Q_17158d34e20f901f1145,2,1,2017-03-08,2017-03-08,1,False
dev,Q_171fd429c57b0ad582df,2,1,2017-05-03,2017-05-03,1,False
dev,Q_178ea21ff64d9f337b42,2,1,2017-02-22,2017-02-22,1,False
dev,Q_17958c0a1a22493e1928,2,1,2016-12-21,2016-12-21,1,False
dev,Q_17a294f9b14d9f11df45,2,1,2017-01-04,2017-01-04,1,False
dev,Q_17bc6d791ec9d364cf8a,2,1,2016-12-21,2016-12-21,1,False
dev,Q_17c13b4daa4c749f1736,2,1,2016-10-19,2016-10-19,1,False
dev,Q_182729af005571c018c5,2,1,2017-02-22,2017-02-22,1,False
dev,Q_189822b66b59bc4a78ee,2,1,2016-12-07,2016-12-07,1,False
dev,Q_18f36649ae6df3972b7d,2,1,2016-09-28,2016-09-28,1,False
dev,Q_190ccb013a0e35bea601,2,1,2017-02-22,2017-02-22,1,False
dev,Q_190e9cda92c458387ee8,2,1,2016-09-28,2016-09-28,1,False
dev,Q_191790aeb3a24d8188de,2,1,2017-01-11,2017-01-11,1,False
dev,Q_191b31a41a3381138054,2,1,2016-12-28,2016-12-28,1,False
dev,Q_194fece17d6759941348,2,1,2017-03-22,2017-03-22,1,False
dev,Q_1965a294f19383fb1538,2,1,2016-12-21,2016-12-21,1,False
dev,Q_198732bb64be3ebd39af,2,1,2017-03-22,2017-03-22,1,False
dev,Q_19af49eed5b14bf60bd6,2,1,2016-10-05,2016-10-05,1,False
dev,Q_19cfbe375accb6d1f214,2,1,2017-04-19,2017-04-19,1,False
dev,Q_1a2c17aa13665bad0eb5,2,1,2017-01-04,2017-01-04,1,False
dev,Q_1aabf65fcb3a2c726a22,2,1,2017-04-26,2017-04-26,1,False
dev,Q_1ab673994d896b888e66,2,1,2016-10-19,2016-10-19,1,False
dev,Q_1af86a88128375824e6d,2,1,2016-12-21,2016-12-21,1,False
dev,Q_1b3cc8ce112707c16089,2,1,2017-03-29,2017-03-29,1,False
dev,Q_1b455bd504191813d290,2,1,2016-12-14,2016-12-14,1,False
dev,Q_1b92211518d5c76f91af,2,1,2016-11-30,2016-11-30,1,False
dev,Q_1b990abb60951d99ce51,2,1,2016-12-28,2016-12-28,1,False
dev,Q_1bb18880e00a9d5de4ae,2,1,2017-02-08,2017-02-08,1,False
dev,Q_1bc64c64b7947675ccba,2,1,2017-04-19,2017-04-19,1,False
dev,Q_1be33b362969c5e660b9,2,1,2016-11-23,2016-11-23,1,False
dev,Q_1bf2a59c59c1eb7c8614,2,1,2017-04-19,2017-04-19,1,False
dev,Q_1c236052daffdbbc872d,2,1,2016-12-21,2016-12-21,1,False
dev,Q_1c24b94dbe3619a78308,2,1,2017-02-08,2017-02-08,1,False
dev,Q_1c29be3cbb01b3ef9a91,2,1,2017-04-19,2017-04-19,1,False
dev,Q_1c830ded476fc7143269,2,1,2017-05-03,2017-05-03,1,False
dev,Q_1d62e2bae3a255445500,2,1,2016-12-28,2016-12-28,1,False
dev,Q_1d781d2ac85b01a60c2e,2,1,2017-01-04,2017-01-04,1,False
dev,Q_1d82e61e60a28be2cd5b,2,1,2016-11-02,2016-11-02,1,False
dev,Q_1d8cb6d39af28f0137cc,2,1,2017-01-04,2017-01-04,1,False
dev,Q_1d93aaee80534f21f543,2,1,2017-04-26,2017-04-26,1,False
dev,Q_1de34d78b2825885caa8,2,1,2016-10-05,2016-10-05,1,False
dev,Q_1de78f43b0027c917e9a,2,1,2017-02-01,2017-02-01,1,False
dev,Q_1df0fc661074ef2663dc,2,1,2016-12-28,2016-12-28,1,False
dev,Q_1e03b8a6a365f7c9741f,2,1,2016-12-14,2016-12-14,1,False
dev,Q_1e550da5deb6893e479f,2,1,2017-03-08,2017-03-08,1,False
dev,Q_1e6ed214a60ef879e0af,2,1,2017-04-19,2017-04-19,1,False
dev,Q_1e6fc7456cf1579a2587,2,1,2017-05-03,2017-05-03,1,False
dev,Q_1e7899a5e0b6057b50e5,2,1,2016-10-12,2016-10-12,1,False
dev,Q_1eb3790e6c6992b8bb20,2,1,2016-11-23,2016-11-23,1,False
dev,Q_1ef695582182ca6b1f93,2,1,2016-12-21,2016-12-21,1,False
dev,Q_1f7b9e7121782ac2fea0,2,1,2016-09-28,2016-09-28,1,False
dev,Q_2007c8e1a131798bdb7a,2,1,2016-10-26,2016-10-26,1,False
dev,Q_20316fd5a778f3d38af2,2,1,2017-02-15,2017-02-15,1,False
dev,Q_203ecb08a3fbd4208809,2,1,2016-10-05,2016-10-05,1,False
dev,Q_204a9a4a2e2809dbcd6a,2,1,2017-03-15,2017-03-15,1,False
dev,Q_205538bf66da436062a2,2,1,2016-11-02,2016-11-02,1,False
dev,Q_20554545046acdd1ed5a,2,1,2017-05-10,2017-05-10,1,False
dev,Q_209f78fcfaa8386302cd,2,1,2017-02-08,2017-02-08,1,False
dev,Q_20b6828ecb0a90728eb7,2,1,2017-04-26,2017-04-26,1,False
dev,Q_20d05cc84256b7fa7ae2,2,1,2016-12-21,2016-12-21,1,False
dev,Q_20dc3b26eb577cf33d94,2,1,2017-04-26,2017-04-26,1,False
dev,Q_20dd0501504101095d93,2,1,2016-10-05,2016-10-05,1,False
dev,Q_20e57fb64f9184183bae,2,1,2017-02-08,2017-02-08,1,False
dev,Q_21065d63bd1b0c4b8542,2,1,2017-03-29,2017-03-29,1,False
dev,Q_213399faf528caa8e2d5,2,1,2016-11-02,2016-11-02,1,False
dev,Q_214ac6bc13857ff3bce0,2,1,2017-03-22,2017-03-22,1,False
dev,Q_217fc2c7a334bd9d0992,2,1,2017-04-19,2017-04-19,1,False
dev,Q_21835cc7f4a7de1b8fe1,2,1,2016-12-21,2016-12-21,1,False
dev,Q_21a4b362166890de4a26,2,1,2017-03-15,2017-03-15,1,False
dev,Q_22285ebee92f3b6d0c49,2,1,2016-12-21,2016-12-21,1,False
dev,Q_22610c5fd44d269c3c64,2,1,2016-12-07,2016-12-07,1,False
dev,Q_2266f144e1122d76e826,2,1,2017-01-25,2017-01-25,1,False
dev,Q_22858e17faeaead95829,2,1,2017-02-08,2017-02-08,1,False
dev,Q_22c23a61dcf12c3fc03f,2,1,2017-04-19,2017-04-19,1,False
dev,Q_22e3702a792a67eed7a5,2,1,2016-12-14,2016-12-14,1,False
dev,Q_230b0d2e37623c7e7eb3,2,1,2016-12-21,2016-12-21,1,False
dev,Q_2315dd7a3b7242dea2fe,2,1,2017-01-04,2017-01-04,1,False
dev,Q_2347cc52a1458a142e06,2,1,2016-12-14,2016-12-14,1,False
dev,Q_23690533caf424cee807,2,1,2016-10-05,2016-10-05,1,False
dev,Q_23d4e0870da86dfe8851,2,1,2016-12-07,2016-12-07,1,False
dev,Q_24211d586f34daf68128,2,1,2016-11-02,2016-11-02,1,False
dev,Q_243509964167d97ec348,2,1,2016-12-28,2016-12-28,1,False
dev,Q_24695ffd1bfb537bde7a,2,1,2017-02-08,2017-02-08,1,False
dev,Q_247ea75cb9bc02e54040,2,1,2016-11-30,2016-11-30,1,False
dev,Q_24d0ce8ddd6e19ee30fa,2,1,2016-12-14,2016-12-14,1,False
dev,Q_2542947e6d45089117bc,2,1,2016-10-05,2016-10-05,1,False
dev,Q_2562160c4b52d19eeb60,2,1,2017-02-01,2017-02-01,1,False
dev,Q_256dd1098e3ff6751033,2,1,2017-04-12,2017-04-12,1,False
dev,Q_2573f02d9b1ccdc25149,2,1,2017-01-04,2017-01-04,1,False
dev,Q_25768fbad7803d294e36,2,1,2016-10-05,2016-10-05,1,False
dev,Q_25a4d1b8a2f4bb68252c,2,1,2016-10-19,2016-10-19,1,False
dev,Q_25d622e53bb73f71cb1a,2,1,2016-09-28,2016-09-28,1,False
dev,Q_26550dea67ac38367b1f,2,1,2017-01-25,2017-01-25,1,False
dev,Q_26942e1aa0f6d4c55ab2,2,1,2017-03-22,2017-03-22,1,False
dev,Q_26b6af78ec4206c5e8bd,2,1,2017-01-18,2017-01-18,1,False
dev,Q_26d0a1f189d36512fb21,2,1,2017-04-19,2017-04-19,1,False
dev,Q_26dfd7dbf14f6ddb956e,2,1,2017-04-19,2017-04-19,1,False
dev,Q_2703d31aa75b37f14618,2,1,2017-05-10,2017-05-10,1,False
dev,Q_2715a602bdcd9bd271b7,2,1,2017-01-04,2017-01-04,1,False
dev,Q_2736da14059ccd32e3ad,2,1,2016-09-28,2016-09-28,1,False
dev,Q_2746a98cbbcd6d3afbf9,2,1,2016-09-28,2016-09-28,1,False
dev,Q_27cffcf517ab8ffff715,2,1,2017-03-15,2017-03-15,1,False
dev,Q_27e8a165f2590afd2b91,2,1,2017-01-04,2017-01-04,1,False
dev,Q_28850ac48995a9b2e3b3,2,1,2016-11-02,2016-11-02,1,False
dev,Q_28b2fdef1b36718ec3ee,2,1,2017-02-22,2017-02-22,1,False
dev,Q_28c35a9489825724ec56,2,1,2017-02-08,2017-02-08,1,False
dev,Q_28dcc1251f3725e68cbe,2,1,2016-12-21,2016-12-21,1,False
dev,Q_28e991fb6e8b66178a2a,2,1,2017-02-08,2017-02-08,1,False
dev,Q_28f6d6b2a4eea0bd5e16,2,1,2017-04-26,2017-04-26,1,False
dev,Q_292154f296e33dd6297e,2,1,2017-01-04,2017-01-04,1,False
dev,Q_2947d40ded0f68d9d567,2,1,2016-09-28,2016-09-28,1,False
dev,Q_296014e73abf2ab9775c,2,1,2016-12-28,2016-12-28,1,False
dev,Q_2990b4ef981e1efd0087,2,1,2017-04-26,2017-04-26,1,False
dev,Q_2993f5c771635ba137c0,2,1,2016-09-28,2016-09-28,1,False
dev,Q_29cdb25af2dc2185ccb0,2,1,2016-09-28,2016-09-28,1,False
dev,Q_29dd29f27f4f50851fb9,2,1,2017-03-29,2017-03-29,1,False
dev,Q_2a1afbcddef66f882493,2,1,2016-10-12,2016-10-12,1,False
dev,Q_2a2c0a24fee55d4f9564,2,1,2016-12-28,2016-12-28,1,False
dev,Q_2a322bca4b97def050b0,2,1,2016-12-14,2016-12-14,1,False
dev,Q_2a45bcc41347971ae5fc,2,1,2016-09-28,2016-09-28,1,False
dev,Q_2a5c09fb9b3a12b97886,2,1,2016-11-02,2016-11-02,1,False
dev,Q_2a6a20090149752620c1,2,1,2017-04-19,2017-04-19,1,False
dev,Q_2a6a648293a27700bff5,2,1,2017-02-08,2017-02-08,1,False
dev,Q_2a781ff288ce405f6522,2,1,2017-02-22,2017-02-22,1,False
dev,Q_2ab20c561f61a8f29dd7,2,1,2017-05-03,2017-05-03,1,False
dev,Q_2b0c72c0574fb8ff8fa3,2,1,2017-05-03,2017-05-03,1,False
dev,Q_2b2f133f95fb261f9f75,2,1,2016-11-09,2016-11-09,1,False
dev,Q_2b65d90df8bd1325ee7b,2,1,2016-12-28,2016-12-28,1,False
dev,Q_2b6df76010ad8d99fead,2,1,2016-12-28,2016-12-28,1,False
dev,Q_2b762ad68956d4d35b44,2,1,2017-03-22,2017-03-22,1,False
dev,Q_2b7bfa799c14783a98e4,2,1,2017-01-04,2017-01-04,1,False
dev,Q_2b845c2d8f1dbb7d17cd,2,1,2017-01-11,2017-01-11,1,False
dev,Q_2ba60b1cdc36f05c535e,2,1,2017-05-03,2017-05-03,1,False
dev,Q_2bed758066b86f71359d,2,1,2016-12-28,2016-12-28,1,False
dev,Q_2c3084f70698b6e18c3f,2,1,2016-12-07,2016-12-07,1,False
dev,Q_2c6bc50d09f457c3931e,2,1,2016-11-23,2016-11-23,1,False
dev,Q_2c8603cd80192318cfe1,2,1,2017-01-25,2017-01-25,1,False
dev,Q_2cc29d9620c8bfcf5b4d,2,1,2016-12-28,2016-12-28,1,False
dev,Q_2d3b1db886c2304e58a1,2,1,2016-11-09,2016-11-09,1,False
dev,Q_2d598dd07ea2c50a63f5,2,1,2017-01-04,2017-01-04,1,False
dev,Q_2d6502417733e8584e4a,2,1,2016-11-23,2016-11-23,1,False
dev,Q_2d72381ae5ad491f0b3f,2,1,2016-10-05,2016-10-05,1,False
dev,Q_2d8000d819ef6ea49807,2,1,2016-09-28,2016-09-28,1,False
dev,Q_2d806767fe95bca0a3c3,2,1,2016-12-28,2016-12-28,1,False
dev,Q_2d931cccaa061f761bad,2,1,2016-11-02,2016-11-02,1,False
dev,Q_2de8dd44584100ef167f,2,1,2016-11-30,2016-11-30,1,False
dev,Q_2e3648f6221940983b40,2,1,2016-12-28,2016-12-28,1,False
dev,Q_2e5a6052910c1baa9426,2,1,2017-03-22,2017-03-22,1,False
dev,Q_2e6bd1b9e3a05be54103,2,1,2017-04-19,2017-04-19,1,False
dev,Q_2e72e9cc22f68f30c82f,2,1,2017-02-01,2017-02-01,1,False
dev,Q_2ec8a2767e22188dc08f,2,1,2017-03-15,2017-03-15,1,False
dev,Q_2eff442a7f417f8a5b4f,2,1,2017-03-29,2017-03-29,1,False
dev,Q_2f2794e9f49d9263fa0d,2,1,2016-10-19,2016-10-19,1,False
dev,Q_2f361c0358768f0d0b9f,2,1,2017-04-26,2017-04-26,1,False
dev,Q_2fac3694ff4096fdee04,2,1,2017-03-29,2017-03-29,1,False
dev,Q_2ff03c06648f7ab463b8,2,1,2017-01-04,2017-01-04,1,False
dev,Q_300c80b821dfffa9fe47,2,1,2016-12-21,2016-12-21,1,False
dev,Q_304999c80fe2c4d25821,2,1,2016-12-14,2016-12-14,1,False
dev,Q_3066422190f0a05254bb,2,1,2017-02-15,2017-02-15,1,False
dev,Q_307b1fa5f4bae034ea62,2,1,2016-11-23,2016-11-23,1,False
dev,Q_3086c1ee74d3bfb10499,2,1,2016-09-28,2016-09-28,1,False
dev,Q_30a67afe48a3f741362b,2,1,2016-10-05,2016-10-05,1,False
dev,Q_30d07e05b2a5c52026dd,2,1,2017-02-15,2017-02-15,1,False
dev,Q_30dd50a7de928dfcf4de,2,1,2017-01-11,2017-01-11,1,False
dev,Q_30f1565f52bd7b153bfb,2,1,2017-03-29,2017-03-29,1,False
dev,Q_3132b436cd94c5f3f89c,2,1,2016-10-05,2016-10-05,1,False
dev,Q_317b5dab6ff727b331c6,2,1,2017-05-03,2017-05-03,1,False
dev,Q_31bdc82bf1fe2bf220c5,2,1,2016-12-21,2016-12-21,1,False
dev,Q_31c47774c1321965d7a0,2,1,2016-12-21,2016-12-21,1,False
dev,Q_31d08892cf615431f0d5,2,1,2016-10-19,2016-10-19,1,False
dev,Q_31dd2490ae2c6236f3c7,2,1,2016-11-23,2016-11-23,1,False
dev,Q_320a5b396dacbd1c16d8,2,1,2017-03-01,2017-03-01,1,False
dev,Q_321be5a0d28a6f7e772b,2,1,2016-12-28,2016-12-28,1,False
dev,Q_32329e688ef6a4031505,2,1,2016-12-28,2016-12-28,1,False
dev,Q_3232aeaa8a6dcb0a75cb,2,1,2016-11-23,2016-11-23,1,False
dev,Q_324bc6d24ece3a3e4df2,2,1,2016-12-21,2016-12-21,1,False
dev,Q_328525720724940a3f19,2,1,2017-03-22,2017-03-22,1,False
dev,Q_328542ae8c806a2a2ce2,2,1,2016-09-28,2016-09-28,1,False
dev,Q_32d1210532fcfd722289,2,1,2016-11-02,2016-11-02,1,False
dev,Q_3301edb70198efc3d19c,2,1,2017-02-08,2017-02-08,1,False
dev,Q_3304f4aab46bd89ddf6b,2,1,2017-01-11,2017-01-11,1,False
dev,Q_331ac62f71a1b1319176,2,1,2017-03-22,2017-03-22,1,False
dev,Q_331dbb85f7d74f2727ef,2,1,2017-02-08,2017-02-08,1,False
dev,Q_332f4d7c2e58dcff801b,2,1,2017-03-29,2017-03-29,1,False
dev,Q_333ec972a85b8d772281,2,1,2017-03-08,2017-03-08,1,False
dev,Q_334db03bbe96da061e9d,2,1,2016-09-28,2016-09-28,1,False
dev,Q_33573684c6d788d6e7a6,2,1,2017-05-03,2017-05-03,1,False
dev,Q_3377e5561267c391d984,2,1,2017-02-15,2017-02-15,1,False
dev,Q_3395f065077b9c49a71a,2,1,2017-03-15,2017-03-15,1,False
dev,Q_3399e74f95a5248636b3,2,1,2017-02-08,2017-02-08,1,False
dev,Q_33db5678f16f1a2bbd40,2,1,2017-03-08,2017-03-08,1,False
dev,Q_33e25d4f9747d6bbf57f,2,1,2017-02-15,2017-02-15,1,False
dev,Q_3415c8a75115b206af0f,2,1,2017-02-01,2017-02-01,1,False
dev,Q_3421f3eaa26c4c3593c7,2,1,2017-03-08,2017-03-08,1,False
dev,Q_3429c2a944d4ebaeb003,2,1,2017-03-15,2017-03-15,1,False
dev,Q_34381b2cab0a1f1cf6a1,2,1,2016-12-21,2016-12-21,1,False
dev,Q_345424510150e74d3807,2,1,2017-01-18,2017-01-18,1,False
dev,Q_34aa38b8a36bb3b4cd10,2,1,2017-01-04,2017-01-04,1,False
dev,Q_34cc07f75d328438230b,2,1,2017-01-18,2017-01-18,1,False
dev,Q_34dd3aa9d98e80b16c65,2,1,2016-12-14,2016-12-14,1,False
dev,Q_34e3d4ba19e9444eb490,2,1,2017-02-01,2017-02-01,1,False
dev,Q_34fcab4881b5f8c84764,2,1,2016-09-28,2016-09-28,1,False
dev,Q_35103098f019d1dae8c3,2,1,2016-09-28,2016-09-28,1,False
dev,Q_3584c81ec2340ce09c0c,2,1,2017-03-29,2017-03-29,1,False
dev,Q_35d34f44ad51a1153173,2,1,2016-11-02,2016-11-02,1,False
dev,Q_35fbf2ff08c13ada8679,2,1,2016-12-14,2016-12-14,1,False
dev,Q_360364317303d9e9a039,2,1,2017-02-08,2017-02-08,1,False
dev,Q_3635d20f3c3afe9ce0ca,2,1,2017-05-03,2017-05-03,1,False
dev,Q_3639ff45e1a8cd09e495,2,1,2017-02-22,2017-02-22,1,False
dev,Q_365e2e1d673aaa12809d,2,1,2017-05-10,2017-05-10,1,False
dev,Q_370bc761d7ed2c36be9d,2,1,2016-09-28,2016-09-28,1,False
dev,Q_372f64c3f9d95ab2fb8c,2,1,2017-01-11,2017-01-11,1,False
dev,Q_3757955231d17345b35a,2,1,2016-11-02,2016-11-02,1,False
dev,Q_3786bad34b070ea76894,2,1,2017-01-11,2017-01-11,1,False
dev,Q_3789c75f0419d209bc69,2,1,2017-01-04,2017-01-04,1,False
dev,Q_37ae0aa42593e8d4e4b3,2,1,2016-12-21,2016-12-21,1,False
dev,Q_37b3b85977b9ac398a83,2,1,2017-04-26,2017-04-26,1,False
dev,Q_37b7b5c1747d8e7b5bd8,2,1,2017-02-22,2017-02-22,1,False
dev,Q_37ca7e3d23792abbe0f0,2,1,2017-03-22,2017-03-22,1,False
dev,Q_37cac1f4a51c961eca1c,2,1,2016-12-07,2016-12-07,1,False
dev,Q_3814004ad99b94ee62a1,2,1,2017-03-01,2017-03-01,1,False
dev,Q_38193c769d6ba7bc25dd,2,1,2017-02-08,2017-02-08,1,False
dev,Q_38c81632e09cc4119925,2,1,2016-11-02,2016-11-02,1,False
dev,Q_38c9cbb06e11ae459c1c,3,1,2016-09-28,2016-09-28,2,False
dev,Q_38df0fa82e9eb3dbb785,2,1,2016-11-23,2016-11-23,1,False
dev,Q_38f1e8a1caf2c43ed54f,2,1,2017-03-01,2017-03-01,1,False
dev,Q_39019ddf1c3d9bab45b8,2,1,2017-02-01,2017-02-01,1,False
dev,Q_39061126d6d35b3d2b4b,2,1,2016-11-02,2016-11-02,1,False
dev,Q_393a34a1ace2fe0976cb,2,1,2017-03-15,2017-03-15,1,False
dev,Q_39481207241b62e186d5,2,1,2016-10-05,2016-10-05,1,False
dev,Q_395602bff70d945e07d1,2,1,2016-12-28,2016-12-28,1,False
dev,Q_395e4e327d448bf20a2a,2,1,2016-11-23,2016-11-23,1,False
dev,Q_396e0f0bdb17b2f26f53,2,1,2017-04-19,2017-04-19,1,False
dev,Q_3998026de3f2c7794183,2,1,2016-12-28,2016-12-28,1,False
dev,Q_399913bea8fe2c7ea723,2,1,2016-10-26,2016-10-26,1,False
dev,Q_39e18ae2accb79a03a2d,2,1,2017-02-08,2017-02-08,1,False
dev,Q_3a2bcdd62941ac599e43,2,1,2016-12-21,2016-12-21,1,False
dev,Q_3a4d6ce146fcc6a722e7,2,1,2017-03-22,2017-03-22,1,False
dev,Q_3a60193e0e62b29493df,2,1,2017-01-11,2017-01-11,1,False
dev,Q_3a65d73b609bf12d7975,2,1,2017-02-01,2017-02-01,1,False
dev,Q_3a6ac4044a62f62f2b70,2,1,2017-01-11,2017-01-11,1,False
dev,Q_3aa37b341895d57abe10,2,1,2017-01-18,2017-01-18,1,False
dev,Q_3aae2482e464ede4a08e,2,1,2016-12-28,2016-12-28,1,False
dev,Q_3b2308f61d16bddba7d9,2,1,2016-10-26,2016-10-26,1,False
dev,Q_3b4469af69752cbb98bd,2,1,2017-03-22,2017-03-22,1,False
dev,Q_3b66f214c0fbd4a462bc,2,1,2017-03-29,2017-03-29,1,False
dev,Q_3b842ab4a91dc0f40324,2,1,2016-12-28,2016-12-28,1,False
dev,Q_3b96d149afaba70ef769,2,1,2017-04-19,2017-04-19,1,False
dev,Q_3bd1c345d95d03a31d9d,2,1,2017-01-04,2017-01-04,1,False
dev,Q_3bee9d4d91392a688897,2,1,2017-04-19,2017-04-19,1,False
dev,Q_3c1ef44bf0d2fe5875c3,2,1,2017-01-04,2017-01-04,1,False
dev,Q_3c7339cbd231740b7809,2,1,2017-01-25,2017-01-25,1,False
dev,Q_3c901c94553e078128b8,2,1,2016-09-28,2016-09-28,1,False
dev,Q_3cbb5be5bf2fb6163417,2,1,2016-12-28,2016-12-28,1,False
dev,Q_3ce31e69a580bf2a0b35,2,1,2017-03-29,2017-03-29,1,False
dev,Q_3d3c1f4e4f2ae5fa16a7,2,1,2017-05-03,2017-05-03,1,False
dev,Q_3db608e1a573466686ac,2,1,2017-01-04,2017-01-04,1,False
dev,Q_3dc0ed0ca2c525091a5c,2,1,2016-09-28,2016-09-28,1,False
dev,Q_3dc60fea7836611adbaa,2,1,2016-12-21,2016-12-21,1,False
dev,Q_3de3d52dc7f266b34e06,2,1,2017-03-08,2017-03-08,1,False
dev,Q_3e03fd39839d706bc084,2,1,2017-02-15,2017-02-15,1,False
dev,Q_3e1e885ccc9e2efb988e,2,1,2017-03-15,2017-03-15,1,False
dev,Q_3e21cd33ed2d2c96c086,2,1,2016-12-21,2016-12-21,1,False
dev,Q_3e940096b7e2ca89f23a,2,1,2016-12-14,2016-12-14,1,False
dev,Q_3ee32ba8002c0a976ee5,2,1,2017-02-08,2017-02-08,1,False
dev,Q_3ee404d7b6164f6a676e,2,1,2016-12-21,2016-12-21,1,False
dev,Q_3ef9ac95c51284db23f9,2,1,2016-12-14,2016-12-14,1,False
dev,Q_3f1e9ae5e48e817297be,2,1,2016-09-28,2016-09-28,1,False
dev,Q_3f24d0853530e63391c6,2,1,2017-03-08,2017-03-08,1,False
dev,Q_3f4cf22aad9198abcf4b,2,1,2016-09-28,2016-09-28,1,False
dev,Q_3f7e99b2b881254b53d0,2,1,2016-10-26,2016-10-26,1,False
dev,Q_3f857ec390f806c53c1f,2,1,2017-04-19,2017-04-19,1,False
dev,Q_3f8c3bb7d5de49d82ce2,2,1,2017-05-03,2017-05-03,1,False
dev,Q_3f95d4107e8852493e49,2,1,2017-03-29,2017-03-29,1,False
dev,Q_3f9b9a996f75dd80d7cc,2,1,2016-12-21,2016-12-21,1,False
dev,Q_3fb2590bb6ab9b875935,2,1,2016-10-26,2016-10-26,1,False
dev,Q_3fbcfc2e39d9a9050983,2,1,2016-10-05,2016-10-05,1,False
dev,Q_3fe3bdf8e3e5b93160ce,2,1,2017-02-01,2017-02-01,1,False
dev,Q_403ac5b14bf14371a081,2,1,2017-04-26,2017-04-26,1,False
dev,Q_40abaa58d38cbb547acc,2,1,2017-03-01,2017-03-01,1,False
dev,Q_40b3afe7f033b4bd4552,2,1,2017-03-22,2017-03-22,1,False
dev,Q_40e1e0e7431f100af02b,2,1,2017-01-18,2017-01-18,1,False
dev,Q_40ea0f7e3c290a234154,2,1,2017-02-08,2017-02-08,1,False
dev,Q_41012d161e4eb0fd5857,2,1,2017-01-04,2017-01-04,1,False
dev,Q_410c03fca64cf88a6a76,2,1,2016-10-19,2016-10-19,1,False
dev,Q_4112cb48346353e2dc66,2,1,2016-11-30,2016-11-30,1,False
dev,Q_412b1b26233add1314d1,2,1,2016-11-23,2016-11-23,1,False
dev,Q_416a41085b101a83fa60,2,1,2016-11-23,2016-11-23,1,False
dev,Q_4170b690eda282a6bddc,2,1,2017-02-15,2017-02-15,1,False
dev,Q_4185b0e6b62f3f3ae156,2,1,2016-10-05,2016-10-05,1,False
dev,Q_41c5b5dd2ad177efeb0f,2,1,2017-02-08,2017-02-08,1,False
dev,Q_41fc0a02aa9bb48adca7,2,1,2017-05-03,2017-05-03,1,False
dev,Q_4217711396eda57054d2,2,1,2017-05-10,2017-05-10,1,False
dev,Q_422f7ca167bfffa6d3b6,2,1,2016-09-28,2016-09-28,1,False
dev,Q_4244f4c934a83045bfae,2,1,2017-03-01,2017-03-01,1,False
dev,Q_4290f71a6ce2257c4c3f,2,1,2017-04-19,2017-04-19,1,False
dev,Q_42cb6411576b314cfb5d,2,1,2016-12-07,2016-12-07,1,False
dev,Q_430c76159ce5c38860ca,2,1,2017-02-22,2017-02-22,1,False
dev,Q_4316d2e94e01e3ef5040,2,1,2017-02-15,2017-02-15,1,False
dev,Q_43267177eecaeb3bca4a,2,1,2017-04-12,2017-04-12,1,False
dev,Q_432ad76acdd77cdd233f,2,1,2016-12-07,2016-12-07,1,False
dev,Q_4338906501039312de5c,2,1,2016-12-21,2016-12-21,1,False
dev,Q_435aa4894a9a60d72838,2,1,2016-11-23,2016-11-23,1,False
dev,Q_435e3ea4a1c933f405dd,2,1,2016-12-07,2016-12-07,1,False
dev,Q_438d29df8ac84e522a4c,2,1,2016-11-23,2016-11-23,1,False
dev,Q_43931cec21044c62998e,2,1,2017-02-22,2017-02-22,1,False
dev,Q_43d5b38bd31d515b2da4,2,1,2017-03-29,2017-03-29,1,False
dev,Q_43dca5cfbee8555f62bf,2,1,2017-03-15,2017-03-15,1,False
dev,Q_44091509ad5f5f69ee25,2,1,2017-03-01,2017-03-01,1,False
dev,Q_448f470af68eaf1865b5,2,1,2016-12-21,2016-12-21,1,False
dev,Q_44e79255ac4353f15572,2,1,2017-05-03,2017-05-03,1,False
dev,Q_44f333d9ceb30249d4d4,2,1,2017-05-03,2017-05-03,1,False
dev,Q_452ab4b70780667fe936,2,1,2017-04-12,2017-04-12,1,False
dev,Q_456518223075dab9af53,2,1,2016-09-28,2016-09-28,1,False
dev,Q_459df2a24f47f0c1f690,2,1,2017-03-22,2017-03-22,1,False
dev,Q_45a4a377b79f532e1a48,2,1,2017-03-29,2017-03-29,1,False
dev,Q_45c2698a014aac05e3a3,2,1,2016-10-05,2016-10-05,1,False
dev,Q_45ebb16345c3d29416cc,2,1,2016-10-19,2016-10-19,1,False
dev,Q_45edd23252ba948f4efd,2,1,2017-04-19,2017-04-19,1,False
dev,Q_45ffe9d128de8dbc4d27,2,1,2017-04-19,2017-04-19,1,False
dev,Q_4650411922dc16e48247,2,1,2017-01-11,2017-01-11,1,False
dev,Q_4656c33a97aca26fda4e,2,1,2016-12-21,2016-12-21,1,False
dev,Q_465d6db39e93d63ba2ff,2,1,2016-10-05,2016-10-05,1,False
dev,Q_465d8a1655326e60b5ef,2,1,2017-04-19,2017-04-19,1,False
dev,Q_465ff46af86c4225534f,2,1,2016-12-28,2016-12-28,1,False
dev,Q_469e337e45793053b739,2,1,2016-11-02,2016-11-02,1,False
dev,Q_46cc3f669b078ef83b00,2,1,2016-12-07,2016-12-07,1,False
dev,Q_46ec2ca32c42631852a1,2,1,2016-12-14,2016-12-14,1,False
dev,Q_4714e3e2cdb0a871b99c,2,1,2017-01-25,2017-01-25,1,False
dev,Q_471bdab968f8abf1c902,2,1,2016-10-12,2016-10-12,1,False
dev,Q_47474c327306316a57de,2,1,2017-03-08,2017-03-08,1,False
dev,Q_4752df00a128a0fdef74,2,1,2016-12-14,2016-12-14,1,False
dev,Q_477c6e335f9c70b8481a,2,1,2017-03-01,2017-03-01,1,False
dev,Q_47ba46d7b7468e7b6907,2,1,2017-03-15,2017-03-15,1,False
dev,Q_47dd7af24a61b3e0b6a9,2,1,2016-12-21,2016-12-21,1,False
dev,Q_481473850f104ba98899,2,1,2016-09-28,2016-09-28,1,False
dev,Q_4822056ef4475aa98f54,2,1,2017-01-04,2017-01-04,1,False
dev,Q_48576e3d03924bb04f64,2,1,2017-03-01,2017-03-01,1,False
dev,Q_4863fbeacf41bcce15b6,2,1,2017-02-08,2017-02-08,1,False
dev,Q_48e40e99d315daf8fd08,2,1,2016-09-28,2016-09-28,1,False
dev,Q_48eb59460cbd4da82e8d,2,1,2016-10-19,2016-10-19,1,False
dev,Q_491b7891f06c7e8fa5af,2,1,2016-11-23,2016-11-23,1,False
dev,Q_496e5481627355104a65,2,1,2016-10-05,2016-10-05,1,False
dev,Q_4971156abbac78314a1d,2,1,2016-12-14,2016-12-14,1,False
dev,Q_4988b649cf53d8b32c04,2,1,2017-01-04,2017-01-04,1,False
dev,Q_4997e5e2782953dd497a,2,1,2017-02-01,2017-02-01,1,False
dev,Q_499d0bd8d6e2c63690e7,2,1,2016-12-21,2016-12-21,1,False
dev,Q_49a420d78fdef1d94dfc,2,1,2016-12-21,2016-12-21,1,False
dev,Q_49e1ef9cd1ad0cbc21bd,2,1,2016-10-05,2016-10-05,1,False
dev,Q_4a1b6f697da62278d31b,2,1,2016-12-07,2016-12-07,1,False
dev,Q_4a3bccbd254a6e735a95,2,1,2016-11-30,2016-11-30,1,False
dev,Q_4a4037d7505440bb37ad,2,1,2016-11-23,2016-11-23,1,False
dev,Q_4a55e3535c92d21c367b,2,1,2016-12-14,2016-12-14,1,False
dev,Q_4a6315596ea94156b980,2,1,2017-03-01,2017-03-01,1,False
dev,Q_4a6c44f6cd474ad0f095,2,1,2017-01-04,2017-01-04,1,False
dev,Q_4a717afcea92c7ad08b2,2,1,2016-12-21,2016-12-21,1,False
dev,Q_4aac7551ead909ec3a2b,2,1,2016-11-09,2016-11-09,1,False
dev,Q_4ace352f708db0885038,2,1,2016-10-05,2016-10-05,1,False
dev,Q_4ad416a6ab04ae9b039f,2,1,2017-01-25,2017-01-25,1,False
dev,Q_4ae481b867c2eac3af43,2,1,2017-04-19,2017-04-19,1,False
dev,Q_4af80dd25629dcd96f68,2,1,2016-10-05,2016-10-05,1,False
dev,Q_4b14c4f68ec32ecd17e9,2,1,2017-03-22,2017-03-22,1,False
dev,Q_4b4675007765e2faa311,2,1,2016-12-28,2016-12-28,1,False
dev,Q_4b5b504fc5e6a6eed226,2,1,2017-02-15,2017-02-15,1,False
dev,Q_4b63bcf81c694a3f8946,2,1,2017-05-03,2017-05-03,1,False
dev,Q_4b651bc22409b16bae34,2,1,2017-02-22,2017-02-22,1,False
dev,Q_4b802b2c3db2e578b9c9,2,1,2017-05-10,2017-05-10,1,False
dev,Q_4b85a62e5065e7805163,2,1,2017-01-25,2017-01-25,1,False
dev,Q_4bf40fddf9030728b29e,2,1,2016-12-07,2016-12-07,1,False
dev,Q_4bfac266f145282e8442,2,1,2017-01-25,2017-01-25,1,False
dev,Q_4c8fabdec07ddc4369ab,2,1,2016-12-14,2016-12-14,1,False
dev,Q_4d09105d6ca81ff066f6,2,1,2017-01-25,2017-01-25,1,False
dev,Q_4d4815d5de6b2b769184,2,1,2017-02-15,2017-02-15,1,False
dev,Q_4da0bbb77f0cb2bb9175,2,1,2016-12-21,2016-12-21,1,False
dev,Q_4de0b479983e529095d8,2,1,2016-11-23,2016-11-23,1,False
dev,Q_4df9589ceb84c1656713,2,1,2017-04-26,2017-04-26,1,False
dev,Q_4e114539dc339e300452,2,1,2016-09-28,2016-09-28,1,False
dev,Q_4e20bd37b5c5bd926a79,2,1,2017-01-11,2017-01-11,1,False
dev,Q_4e3fffd867da33924e76,2,1,2017-02-22,2017-02-22,1,False
dev,Q_4e4663c1a35ee3e40260,2,1,2017-01-25,2017-01-25,1,False
dev,Q_4e6a34272a831084ffed,2,1,2017-02-08,2017-02-08,1,False
dev,Q_4e734a06ce95154a3ff2,2,1,2016-09-28,2016-09-28,1,False
dev,Q_4e8bb3cbab3fc9369e59,2,1,2017-02-22,2017-02-22,1,False
dev,Q_4e8c434c4c5c9e073f44,2,1,2017-01-04,2017-01-04,1,False
dev,Q_4e9902df314ea612515f,2,1,2017-05-03,2017-05-03,1,False
dev,Q_4eb6046714099c28a8e7,2,1,2016-09-28,2016-09-28,1,False
dev,Q_4ed34b96477f436f838a,2,1,2017-03-22,2017-03-22,1,False
dev,Q_4eff431942f24fa47e69,2,1,2017-02-01,2017-02-01,1,False
dev,Q_4f299729ff66d77abea8,2,1,2017-02-08,2017-02-08,1,False
dev,Q_4f2f42305acc65846571,2,1,2017-05-03,2017-05-03,1,False
dev,Q_4f531cb53586c60f4b17,2,1,2017-03-29,2017-03-29,1,False
dev,Q_4fa417e88d6ae710317b,2,1,2017-03-29,2017-03-29,1,False
dev,Q_501c5032b1f678a52ddb,2,1,2017-03-22,2017-03-22,1,False
dev,Q_505f188a72460671f7eb,2,1,2016-11-09,2016-11-09,1,False
dev,Q_506c65a82a4fb28d0306,2,1,2016-12-21,2016-12-21,1,False
dev,Q_50d60d27d861dfa7eab6,2,1,2017-03-01,2017-03-01,1,False
dev,Q_50f859a13c2a42617a27,2,1,2017-04-19,2017-04-19,1,False
dev,Q_5146f3d63c8aee356214,2,1,2017-05-03,2017-05-03,1,False
dev,Q_5158f1431f85e8c0f7a0,2,1,2016-10-12,2016-10-12,1,False
dev,Q_51813689db990de66b70,2,1,2017-01-04,2017-01-04,1,False
dev,Q_51b749c2c00973e39108,2,1,2017-05-03,2017-05-03,1,False
dev,Q_51c2c3bd1c4086a719df,2,1,2017-02-08,2017-02-08,1,False
dev,Q_51d4948335674493f05b,2,1,2017-05-03,2017-05-03,1,False
dev,Q_520aa7a6b167e36ea4f2,2,1,2017-03-01,2017-03-01,1,False
dev,Q_5223ecafd61820abcf55,2,1,2017-03-22,2017-03-22,1,False
dev,Q_52315e2bb47dfe1d0ddc,2,1,2017-02-22,2017-02-22,1,False
dev,Q_52534c5431fe29accafd,2,1,2016-10-26,2016-10-26,1,False
dev,Q_52545bacd971cf4bc102,2,1,2016-11-02,2016-11-02,1,False
dev,Q_5254f6f0e8845f4ed780,2,1,2017-03-29,2017-03-29,1,False
dev,Q_5273f86c1be10862d3d7,2,1,2016-12-07,2016-12-07,1,False
dev,Q_527ce6ae19cfbbc03371,2,1,2017-03-29,2017-03-29,1,False
dev,Q_52c9e176ed62d3b8967a,2,1,2017-02-01,2017-02-01,1,False
dev,Q_52e732a40fe70c6a6db4,2,1,2016-12-28,2016-12-28,1,False
dev,Q_531a71734eecc252876e,2,1,2017-01-25,2017-01-25,1,False
dev,Q_532b1d9720510dcea803,2,1,2017-01-04,2017-01-04,1,False
dev,Q_5353f4f1840a40c07221,2,1,2017-04-26,2017-04-26,1,False
dev,Q_53659091ee5dee669b39,2,1,2017-02-08,2017-02-08,1,False
dev,Q_53a2bfd627f5e7f94fc7,2,1,2016-12-14,2016-12-14,1,False
dev,Q_541810ad57f2f1c97d5b,2,1,2017-03-29,2017-03-29,1,False
dev,Q_541b07b521814ad7b57f,2,1,2017-03-29,2017-03-29,1,False
dev,Q_546c991976dfb3ddf89c,2,1,2017-02-08,2017-02-08,1,False
dev,Q_5479e9dd118d9b5cbee1,2,1,2017-04-26,2017-04-26,1,False
dev,Q_54addaec7d6c55954161,2,1,2016-10-12,2016-10-12,1,False
dev,Q_553b922782f5a225ffee,2,1,2016-12-14,2016-12-14,1,False
dev,Q_55450f9244cb5f701f8c,2,1,2017-02-22,2017-02-22,1,False
dev,Q_5589a08acdeb668a47e9,2,1,2016-12-28,2016-12-28,1,False
dev,Q_55c6cb1b2b9cf218fe7c,2,1,2016-12-28,2016-12-28,1,False
dev,Q_55e3087ca144da5def25,2,1,2016-09-28,2016-09-28,1,False
dev,Q_55e4962923d7db5393b8,2,1,2017-01-04,2017-01-04,1,False
dev,Q_55ee2e043e704f4cee54,2,1,2017-01-11,2017-01-11,1,False
dev,Q_55f529325d06e2f60a24,2,1,2016-10-05,2016-10-05,1,False
dev,Q_55fc0cba7956bb0aec5d,2,1,2016-12-28,2016-12-28,1,False
dev,Q_55ff849970409b1c0ae1,2,1,2016-12-14,2016-12-14,1,False
dev,Q_560213ecb109ec4f5e54,2,1,2016-11-09,2016-11-09,1,False
dev,Q_5618fece0f9529699a3e,2,1,2017-05-03,2017-05-03,1,False
dev,Q_562aa9a67a8ddf0a473c,2,1,2016-12-28,2016-12-28,1,False
dev,Q_56508d4339a190661784,2,1,2017-03-22,2017-03-22,1,False
dev,Q_565ba2356a7e2f8d3edb,2,1,2016-12-28,2016-12-28,1,False
dev,Q_567aa23d592045bcbd1e,2,1,2017-04-19,2017-04-19,1,False
dev,Q_569853cf3baeb3987179,2,1,2017-05-10,2017-05-10,1,False
dev,Q_56cdd6b63b080adc698e,2,1,2017-05-03,2017-05-03,1,False
dev,Q_56dde287609d158c9fc5,2,1,2016-09-28,2016-09-28,1,False
dev,Q_56e3509a663e1880872b,2,1,2017-02-08,2017-02-08,1,False
dev,Q_56e5b7c6228c15fdef23,2,1,2017-04-19,2017-04-19,1,False
dev,Q_56f5db190fde38217087,2,1,2017-03-15,2017-03-15,1,False
dev,Q_56f836d587f98e7fcc2b,2,1,2016-12-07,2016-12-07,1,False
dev,Q_5701598039349b26f392,2,1,2017-03-15,2017-03-15,1,False
dev,Q_570d073916a79f0a0770,2,1,2017-04-19,2017-04-19,1,False
dev,Q_571c88429803d68914a2,2,1,2016-10-05,2016-10-05,1,False
dev,Q_572b14b64ddfdfa67543,2,1,2016-12-21,2016-12-21,1,False
dev,Q_574a2ca5cdb507f49d57,2,1,2016-12-28,2016-12-28,1,False
dev,Q_57d9064f0b0cf757be12,2,1,2017-05-03,2017-05-03,1,False
dev,Q_57fbf6aaa31d012b63fd,2,1,2016-10-26,2016-10-26,1,False
dev,Q_5822a9e90f254f3a35ad,2,1,2016-12-21,2016-12-21,1,False
dev,Q_58782120049e2309e4cf,2,1,2017-05-03,2017-05-03,1,False
dev,Q_588a760af4e4a318facd,2,1,2017-04-19,2017-04-19,1,False
dev,Q_58a0e4f0459f74dad6f7,2,1,2017-05-10,2017-05-10,1,False
dev,Q_58f4fb54c3449ef8bac0,2,1,2017-04-12,2017-04-12,1,False
dev,Q_58f6c3d3704b4068ff2b,2,1,2016-11-02,2016-11-02,1,False
dev,Q_594caa9471ff811025fa,2,1,2017-01-11,2017-01-11,1,False
dev,Q_5963a818ba0e0598724b,2,1,2017-01-25,2017-01-25,1,False
dev,Q_59bd5ff0f4f7c22487f7,2,1,2017-05-03,2017-05-03,1,False
dev,Q_59de9afafdd7d34e7849,2,1,2016-12-21,2016-12-21,1,False
dev,Q_59e6f31e375706c519c6,2,1,2017-04-19,2017-04-19,1,False
dev,Q_59f13ed2d1efc639e558,2,1,2016-12-14,2016-12-14,1,False
dev,Q_59f6630a7dadbb04b6c3,2,1,2017-05-03,2017-05-03,1,False
dev,Q_5a192b16e454878919af,2,1,2016-12-21,2016-12-21,1,False
dev,Q_5a1e5ddd527a2e369fdf,2,1,2016-10-05,2016-10-05,1,False
dev,Q_5ab5a198b567381d32b6,2,1,2016-11-02,2016-11-02,1,False
dev,Q_5b0308a7c300a71c3df2,2,1,2017-04-19,2017-04-19,1,False
dev,Q_5b27caa49049f3fab8ca,2,1,2017-01-04,2017-01-04,1,False
dev,Q_5b352639a043c3a324b5,2,1,2017-02-01,2017-02-01,1,False
dev,Q_5b670e7adaec07222136,2,1,2016-09-28,2016-09-28,1,False
dev,Q_5b9f56ec071476eb30b4,2,1,2016-11-02,2016-11-02,1,False
dev,Q_5bd0828029424f648974,2,1,2017-02-15,2017-02-15,1,False
dev,Q_5c20914ffe70cc8f7fbe,2,1,2016-09-28,2016-09-28,1,False
dev,Q_5c24433dbc66258a9941,2,1,2016-11-23,2016-11-23,1,False
dev,Q_5c34fe4b0e757683d137,2,1,2016-10-05,2016-10-05,1,False
dev,Q_5c59039c9506503ce46e,2,1,2017-02-01,2017-02-01,1,False
dev,Q_5c748dfe8e05b80bd321,2,1,2017-04-26,2017-04-26,1,False
dev,Q_5c9f155b068203e0ab85,2,1,2017-02-15,2017-02-15,1,False
dev,Q_5c9fe52dd134a079955e,2,1,2017-04-19,2017-04-19,1,False
dev,Q_5cc4326a6b58f83c98a3,2,1,2016-10-05,2016-10-05,1,False
dev,Q_5cc572a08e144b3d25f6,2,1,2017-03-29,2017-03-29,1,False
dev,Q_5cd7fa217a5af58f3e9e,2,1,2016-10-19,2016-10-19,1,False
dev,Q_5d1a395147a14827ed81,2,1,2017-02-22,2017-02-22,1,False
dev,Q_5d39973991379608ef31,2,1,2016-12-28,2016-12-28,1,False
dev,Q_5d3f20bfa32633457bb9,2,1,2017-01-11,2017-01-11,1,False
dev,Q_5d5ee2c5ecf5726f5e0a,2,1,2017-01-11,2017-01-11,1,False
dev,Q_5d73fe0b55225edcdb2a,2,1,2017-03-08,2017-03-08,1,False
dev,Q_5d7a4573de97f368b584,2,1,2017-02-08,2017-02-08,1,False
dev,Q_5da9d9d761b2b146c879,2,1,2016-09-28,2016-09-28,1,False
dev,Q_5daa4d450e9e5a230c46,2,1,2017-02-08,2017-02-08,1,False
dev,Q_5daedfcab5e3fd4b9874,2,1,2017-04-26,2017-04-26,1,False
dev,Q_5ddf964acf58487e9d9f,2,1,2017-02-22,2017-02-22,1,False
dev,Q_5dea35089f11054ca668,2,1,2016-09-28,2016-09-28,1,False
dev,Q_5deed96c6376f0f611da,2,1,2017-03-29,2017-03-29,1,False
dev,Q_5df66da0d96d191fe531,2,1,2017-01-25,2017-01-25,1,False
dev,Q_5e118b23f3ec6cd62727,2,1,2016-09-28,2016-09-28,1,False
dev,Q_5e4fbec44ba96819f92f,2,1,2017-01-04,2017-01-04,1,False
dev,Q_5e5a9dd6ffcae767903b,2,1,2016-12-28,2016-12-28,1,False
dev,Q_5e79f14af1c416ab7bc9,2,1,2016-11-23,2016-11-23,1,False
dev,Q_5ebece0169f2691e4fbc,2,1,2017-04-26,2017-04-26,1,False
dev,Q_5ef3bdcc441376ace583,2,1,2017-02-22,2017-02-22,1,False
dev,Q_5f0ebc7d43b269623bac,2,1,2016-11-09,2016-11-09,1,False
dev,Q_5f3e2588bde5cb697e2c,2,1,2017-01-25,2017-01-25,1,False
dev,Q_5fa82ef8cbd575da0645,2,1,2016-10-05,2016-10-05,1,False
dev,Q_5fb0996c6ddbcecb8463,2,1,2017-03-29,2017-03-29,1,False
dev,Q_5fbdbb235110ab4b27a9,2,1,2016-12-28,2016-12-28,1,False
dev,Q_5fde5651fde65c2309d4,2,1,2017-01-11,2017-01-11,1,False
dev,Q_5fe8c8e66a2ec79e8b08,2,1,2016-12-28,2016-12-28,1,False
dev,Q_6005b922deb57762b84d,2,1,2016-12-21,2016-12-21,1,False
dev,Q_604f9a894d357ad1f183,2,1,2016-09-28,2016-09-28,1,False
dev,Q_605e1dd67eca206480a3,2,1,2016-09-28,2016-09-28,1,False
dev,Q_60820e2a956ba2437ce9,2,1,2016-12-07,2016-12-07,1,False
dev,Q_60963a5cc48009ab73d3,2,1,2016-10-19,2016-10-19,1,False
dev,Q_609a17416f4a0495bf14,2,1,2017-01-25,2017-01-25,1,False
dev,Q_60b017509f7d245662c2,2,1,2017-02-15,2017-02-15,1,False
dev,Q_60ce382fef891b35e94a,2,1,2016-11-02,2016-11-02,1,False
dev,Q_60d9a31dfb4bd90b2e8f,2,1,2016-10-05,2016-10-05,1,False
dev,Q_612f7e4f9a9cdd38340a,2,1,2017-05-03,2017-05-03,1,False
dev,Q_613ca31ce1388219b993,2,1,2017-05-03,2017-05-03,1,False
dev,Q_613df81ccc9afb99bd83,2,1,2017-01-04,2017-01-04,1,False
dev,Q_614803921de9eac7ac36,2,1,2017-03-29,2017-03-29,1,False
dev,Q_617429aab79d5dfc33eb,2,1,2017-01-04,2017-01-04,1,False
dev,Q_617abd49e943629c36b9,2,1,2017-04-19,2017-04-19,1,False
dev,Q_621586f9a32a0dbfbbce,2,1,2017-05-03,2017-05-03,1,False
dev,Q_622936647fa11d8abebd,2,1,2017-03-15,2017-03-15,1,False
dev,Q_623191a5d97eb43ab666,2,1,2017-01-04,2017-01-04,1,False
dev,Q_627851f06969c40e18a7,2,1,2017-01-11,2017-01-11,1,False
dev,Q_628419da2d14175685aa,2,1,2017-05-03,2017-05-03,1,False
dev,Q_628b58c140e45fd44197,2,1,2017-01-18,2017-01-18,1,False
dev,Q_62c407d81f7cd60ad3e6,2,1,2016-11-09,2016-11-09,1,False
dev,Q_62d5d92bdb25c991376e,2,1,2016-11-23,2016-11-23,1,False
dev,Q_633ecc93cef9bade9e1a,2,1,2017-04-26,2017-04-26,1,False
dev,Q_63a254c26874086ab827,2,1,2016-12-07,2016-12-07,1,False
dev,Q_63c854492fcb94c037a7,2,1,2016-10-05,2016-10-05,1,False
dev,Q_63e6acfcad3cea9f9666,2,1,2016-12-14,2016-12-14,1,False
dev,Q_642e313ebabf89768c4c,2,1,2016-10-19,2016-10-19,1,False
dev,Q_64669d32acfd21bec72b,2,1,2017-04-19,2017-04-19,1,False
dev,Q_6489ea311a67c8181846,2,1,2017-05-10,2017-05-10,1,False
dev,Q_64eb822108c4414ee485,2,1,2017-01-04,2017-01-04,1,False
dev,Q_64f37c6b30d1d338fcb1,2,1,2017-03-29,2017-03-29,1,False
dev,Q_64f5da56ea0b07d7c774,2,1,2016-12-28,2016-12-28,1,False
dev,Q_650062df1e504ef0451d,2,1,2017-05-03,2017-05-03,1,False
dev,Q_652bc8b8ec2abd1699df,2,1,2016-11-02,2016-11-02,1,False
dev,Q_654f77d6f7f9e00c5332,2,1,2017-01-04,2017-01-04,1,False
dev,Q_65513a6abf3778b39edb,2,1,2017-01-04,2017-01-04,1,False
dev,Q_6564bdac769a71c846ce,2,1,2016-12-14,2016-12-14,1,False
dev,Q_657330356117e98e9550,2,1,2016-09-28,2016-09-28,1,False
dev,Q_6583f6575db4e8402719,2,1,2016-11-23,2016-11-23,1,False
dev,Q_658575b4462abe4d61f3,2,1,2016-09-28,2016-09-28,1,False
dev,Q_65c4b02755bc12a702b9,2,1,2017-04-19,2017-04-19,1,False
dev,Q_65c98b39c0bce056716f,2,1,2017-04-19,2017-04-19,1,False
dev,Q_66014a694aaaa244a27a,2,1,2016-10-12,2016-10-12,1,False
dev,Q_660905e37b74f22cb1b7,2,1,2017-03-29,2017-03-29,1,False
dev,Q_6630193933911fbc0c85,2,1,2017-05-03,2017-05-03,1,False
dev,Q_66342f2cd650653e4d77,2,1,2017-04-19,2017-04-19,1,False
dev,Q_664f0dd93164a65be18e,2,1,2016-11-16,2016-11-16,1,False
dev,Q_669a3dff7701e17e319c,2,1,2016-11-16,2016-11-16,1,False
dev,Q_66e41cc3d697ad5dc8aa,2,1,2016-11-02,2016-11-02,1,False
dev,Q_672923116a9238f94baf,2,1,2017-04-26,2017-04-26,1,False
dev,Q_67329bdb020896e95240,2,1,2017-04-19,2017-04-19,1,False
dev,Q_67483898fa3235fc64cf,2,1,2017-03-15,2017-03-15,1,False
dev,Q_67585768e76f5e6930aa,2,1,2016-12-28,2016-12-28,1,False
dev,Q_6763d5c5ef58b8e3fa03,2,1,2016-12-28,2016-12-28,1,False
dev,Q_676b97b207b32767f52a,2,1,2016-12-07,2016-12-07,1,False
dev,Q_67b538fd4ef6fb967cd0,2,1,2016-11-09,2016-11-09,1,False
dev,Q_67b583ffdb05dd5c80b2,2,1,2016-10-19,2016-10-19,1,False
dev,Q_6802fc8431c10be9bab2,2,1,2017-03-08,2017-03-08,1,False
dev,Q_682bc68d9752a42c72f4,2,1,2016-11-02,2016-11-02,1,False
dev,Q_682e3da1bfc97c1715c1,2,1,2016-12-21,2016-12-21,1,False
dev,Q_68c501e80ab3efaa3ce3,2,1,2017-03-22,2017-03-22,1,False
dev,Q_69a3e80b7bfb1406b338,2,1,2016-10-12,2016-10-12,1,False
dev,Q_69aa928a6fdee7ac6677,2,1,2017-04-19,2017-04-19,1,False
dev,Q_69cb82fa30fc889f557d,2,1,2016-12-28,2016-12-28,1,False
dev,Q_69e5f6256af93480870f,2,1,2016-11-02,2016-11-02,1,False
dev,Q_69e6deaf3a4ea48eef7a,2,1,2017-03-01,2017-03-01,1,False
dev,Q_6a020b82352d1eee0fb5,2,1,2017-01-25,2017-01-25,1,False
dev,Q_6a10ec23defa1f92619e,2,1,2017-05-10,2017-05-10,1,False
dev,Q_6a3802b95cdca9f73019,2,1,2016-10-19,2016-10-19,1,False
dev,Q_6a4a365f671b3592baff,2,1,2016-12-28,2016-12-28,1,False
dev,Q_6a5c74a644903582c54b,2,1,2017-04-19,2017-04-19,1,False
dev,Q_6a756bd3838959224cc5,2,1,2016-11-02,2016-11-02,1,False
dev,Q_6a78678f0200ffddc822,2,1,2017-05-03,2017-05-03,1,False
dev,Q_6a9627c5265606e07e1f,2,1,2017-01-25,2017-01-25,1,False
dev,Q_6aa135de472af59ec791,2,1,2016-12-07,2016-12-07,1,False
dev,Q_6ac0c23edf82dde90c62,2,1,2016-10-26,2016-10-26,1,False
dev,Q_6ad8700ec2056e52b565,2,1,2016-11-23,2016-11-23,1,False
dev,Q_6aefbb55a3cd5ff4cb5b,2,1,2016-11-16,2016-11-16,1,False
dev,Q_6b1769ba4b90a3105df9,2,1,2017-01-04,2017-01-04,1,False
dev,Q_6b3756d8d07076d750a5,2,1,2016-09-28,2016-09-28,1,False
dev,Q_6b7b63bf5c0911387d5b,2,1,2016-09-28,2016-09-28,1,False
dev,Q_6bb97ea5126b6fec0cf5,2,1,2016-12-07,2016-12-07,1,False
dev,Q_6bbd69a981f5700b21a2,2,1,2016-12-28,2016-12-28,1,False
dev,Q_6bd7d778a4869a4eb56e,2,1,2017-02-08,2017-02-08,1,False
dev,Q_6bffc85471b45734bac9,2,1,2017-03-29,2017-03-29,1,False
dev,Q_6c308fcfac362174adc1,2,1,2016-10-19,2016-10-19,1,False
dev,Q_6c3dc4125eb5320a7092,2,1,2017-05-03,2017-05-03,1,False
dev,Q_6c5c95400d2224572893,2,1,2016-12-07,2016-12-07,1,False
dev,Q_6c8445a9d1aa81a5605d,2,1,2016-12-21,2016-12-21,1,False
dev,Q_6c973e36ca4b4409666d,2,1,2017-01-04,2017-01-04,1,False
dev,Q_6ca7905e0bf41fceff9a,2,1,2016-12-28,2016-12-28,1,False
dev,Q_6d1eddae65feef803060,2,1,2017-05-03,2017-05-03,1,False
dev,Q_6d3feaaaa94a0bc90a50,2,1,2016-10-26,2016-10-26,1,False
dev,Q_6d4f7ce373a118ea4966,2,1,2017-04-19,2017-04-19,1,False
dev,Q_6d8d9f66eb6f837ce855,2,1,2017-01-18,2017-01-18,1,False
dev,Q_6db6439f97997887c28f,2,1,2016-12-07,2016-12-07,1,False
dev,Q_6db7ccb09c9290abe23f,2,1,2016-12-14,2016-12-14,1,False
dev,Q_6db919d5865ae0f8b54f,2,1,2017-03-08,2017-03-08,1,False
dev,Q_6dc721f65bb1b768f6f9,2,1,2016-11-02,2016-11-02,1,False
dev,Q_6df026743cf2efaed3af,2,1,2017-05-03,2017-05-03,1,False
dev,Q_6e5fd4223a49df8b2f35,2,1,2016-12-07,2016-12-07,1,False
dev,Q_6e78fa76199219738771,2,1,2017-03-15,2017-03-15,1,False
dev,Q_6e79436e195c7f0d6987,2,1,2017-04-19,2017-04-19,1,False
dev,Q_6ee33d43c476778964ed,2,1,2017-03-29,2017-03-29,1,False
dev,Q_6f06e2a04b6f0a10bf06,2,1,2017-01-04,2017-01-04,1,False
dev,Q_6f33ddb3fa661569c984,2,1,2017-04-19,2017-04-19,1,False
dev,Q_6f5b40474059caf6ef89,2,1,2017-03-08,2017-03-08,1,False
dev,Q_6f792738903758717578,2,1,2016-12-21,2016-12-21,1,False
dev,Q_6f80734813482491ea18,2,1,2016-12-07,2016-12-07,1,False
dev,Q_6fa38d7547b4a151222d,2,1,2017-05-10,2017-05-10,1,False
dev,Q_6fa49aacd7bf5ce44523,2,1,2016-10-12,2016-10-12,1,False
dev,Q_6fc157fc9399db7fbe33,2,1,2016-10-05,2016-10-05,1,False
dev,Q_6ffcc2742fb0520eca75,2,1,2017-02-15,2017-02-15,1,False
dev,Q_70276609668bba9a6684,2,1,2016-10-05,2016-10-05,1,False
dev,Q_70426bc73e88ec2e2dd7,2,1,2017-03-08,2017-03-08,1,False
dev,Q_70441efc722eac3dfa68,2,1,2017-05-10,2017-05-10,1,False
dev,Q_704d03e40ff1864b0ff5,2,1,2016-12-21,2016-12-21,1,False
dev,Q_7059b3bb8cb7b343231a,2,1,2017-01-11,2017-01-11,1,False
dev,Q_706e9470f310889271a9,2,1,2016-09-28,2016-09-28,1,False
dev,Q_70704c8fe9f4ea401109,2,1,2017-01-04,2017-01-04,1,False
dev,Q_7071784b2def4339390f,2,1,2016-09-28,2016-09-28,1,False
dev,Q_7087a0ac305892270fe6,2,1,2016-11-02,2016-11-02,1,False
dev,Q_70b30625c96a5f3bd78d,2,1,2016-11-02,2016-11-02,1,False
dev,Q_70c60700b15bc9a83d95,2,1,2016-11-23,2016-11-23,1,False
dev,Q_70c8d0b24a0dce7fad57,2,1,2016-12-21,2016-12-21,1,False
dev,Q_70cf27241cfa5e1a27fb,2,1,2017-04-12,2017-04-12,1,False
dev,Q_70f071cf1ce2942a126e,2,1,2016-12-28,2016-12-28,1,False
dev,Q_711ce9153ad5429f6239,2,1,2016-11-02,2016-11-02,1,False
dev,Q_7158d3ffce220088538b,2,1,2017-05-03,2017-05-03,1,False
dev,Q_717a16b90881d856a9d0,2,1,2017-04-19,2017-04-19,1,False
dev,Q_71cfcb613bbc41aa7037,2,1,2016-11-23,2016-11-23,1,False
dev,Q_71d0d59c319481082168,2,1,2016-11-30,2016-11-30,1,False
dev,Q_71ddb1959fa2fe135a7e,2,1,2017-04-26,2017-04-26,1,False
dev,Q_7251acbed85c27471c15,2,1,2017-04-26,2017-04-26,1,False
dev,Q_72584c8974c9ec5565ea,2,1,2016-10-05,2016-10-05,1,False
dev,Q_7260510c2d65dba64beb,2,1,2017-03-15,2017-03-15,1,False
dev,Q_7273748abf7dabd93e05,2,1,2017-01-04,2017-01-04,1,False
dev,Q_729f640875767bfb435f,2,1,2016-11-02,2016-11-02,1,False
dev,Q_72c6f2ec2ff7629d26f6,2,1,2017-02-15,2017-02-15,1,False
dev,Q_7301655440f039e7738d,2,1,2016-12-28,2016-12-28,1,False
dev,Q_731b8441efa4a9c1825a,2,1,2016-12-14,2016-12-14,1,False
dev,Q_7341714e874c82477f64,2,1,2016-12-21,2016-12-21,1,False
dev,Q_7344bdd6873565a979d9,2,1,2016-12-28,2016-12-28,1,False
dev,Q_734f3cf33abad50bc287,2,1,2016-11-16,2016-11-16,1,False
dev,Q_737efa3a818df65f2064,2,1,2017-02-22,2017-02-22,1,False
dev,Q_739c7e663c843cb6c5a2,2,1,2017-01-25,2017-01-25,1,False
dev,Q_73a1fa668871133145ad,2,1,2016-11-09,2016-11-09,1,False
dev,Q_73c9ef847af3053c7629,2,1,2016-10-19,2016-10-19,1,False
dev,Q_73d1206595d17a4a3396,2,1,2016-12-21,2016-12-21,1,False
dev,Q_73f183eed0c2507c964c,2,1,2016-11-09,2016-11-09,1,False
dev,Q_741980cb0b894eff4f40,2,1,2016-09-28,2016-09-28,1,False
dev,Q_741a6abd0a3693ecfcd5,2,1,2017-02-08,2017-02-08,1,False
dev,Q_74583b4500fcdd1c1191,2,1,2017-01-04,2017-01-04,1,False
dev,Q_747d3c1b7cf27fa15953,2,1,2017-01-04,2017-01-04,1,False
dev,Q_74a61b319d4bcb3963dc,2,1,2017-04-19,2017-04-19,1,False
dev,Q_74aacccdffec1c76d767,2,1,2016-09-28,2016-09-28,1,False
dev,Q_74baa942b1926f0b82ce,2,1,2017-01-04,2017-01-04,1,False
dev,Q_74d13943900c5f003d8a,2,1,2016-12-21,2016-12-21,1,False
dev,Q_74f63a9e9c5393e21edd,2,1,2016-09-28,2016-09-28,1,False
dev,Q_750d7c94bc2a0b27aa87,2,1,2017-02-01,2017-02-01,1,False
dev,Q_7554706852c6b35e3784,2,1,2016-11-02,2016-11-02,1,False
dev,Q_75769f9e444e653b4cd7,2,1,2016-11-02,2016-11-02,1,False
dev,Q_759a3ecc7bda83ecc0ec,2,1,2017-03-22,2017-03-22,1,False
dev,Q_759ce26dc17afa83055d,2,1,2017-01-25,2017-01-25,1,False
dev,Q_759f33bd270a7b4d904c,2,1,2017-02-15,2017-02-15,1,False
dev,Q_75c807462c0a36ed54e6,2,1,2017-03-22,2017-03-22,1,False
dev,Q_75f7d69d624d1dfae0a5,2,1,2017-03-01,2017-03-01,1,False
dev,Q_761827dfdfa870e6c3a5,3,1,2016-12-21,2016-12-21,2,False
dev,Q_763934c8fa344d03eb39,2,1,2017-05-10,2017-05-10,1,False
dev,Q_764879998d51c133bcd3,2,1,2016-11-23,2016-11-23,1,False
dev,Q_765c894b1fbdc69d1bcc,2,1,2016-12-28,2016-12-28,1,False
dev,Q_7670fb49730c0896ed83,2,1,2016-12-07,2016-12-07,1,False
dev,Q_76f3db93d5da9172270d,2,1,2017-01-25,2017-01-25,1,False
dev,Q_76f907caa0e53fa63898,2,1,2016-12-07,2016-12-07,1,False
dev,Q_77290bfc297f854031f3,2,1,2017-01-25,2017-01-25,1,False
dev,Q_773f3da2a8df00cc0d42,2,1,2016-09-28,2016-09-28,1,False
dev,Q_7744f16799951dd030a0,2,1,2017-04-26,2017-04-26,1,False
dev,Q_77a5c8e7e722533b12d8,2,1,2017-03-08,2017-03-08,1,False
dev,Q_77b8590997a66167026a,2,1,2017-01-11,2017-01-11,1,False
dev,Q_77b91f9fd77d2b62d6f6,2,1,2016-09-28,2016-09-28,1,False
dev,Q_77fde1d2015f3e4858be,2,1,2017-02-08,2017-02-08,1,False
dev,Q_7802af450c7a71f4637f,2,1,2016-12-21,2016-12-21,1,False
dev,Q_78272e95ce63b293b774,2,1,2017-03-15,2017-03-15,1,False
dev,Q_7864e7a8c50711e4e8ab,2,1,2017-04-19,2017-04-19,1,False
dev,Q_78726f058b76221c80d7,2,1,2017-04-19,2017-04-19,1,False
dev,Q_78abcf89d918df71d653,2,1,2016-12-21,2016-12-21,1,False
dev,Q_78cc327cffe6c3979d3a,2,1,2017-03-22,2017-03-22,1,False
dev,Q_78d683917c5135af4ff8,2,1,2016-11-16,2016-11-16,1,False
dev,Q_78d9a342d16bbd6101c2,2,1,2017-04-26,2017-04-26,1,False
dev,Q_79332facb8f9c8bb0704,2,1,2017-03-29,2017-03-29,1,False
dev,Q_79416b6f1f2f85f3ffdd,2,1,2016-12-07,2016-12-07,1,False
dev,Q_794d6dde0ab7accde8eb,2,1,2016-10-05,2016-10-05,1,False
dev,Q_7984ed466fc4ba903276,2,1,2017-02-08,2017-02-08,1,False
dev,Q_79be76265fe189709ef9,2,1,2016-11-09,2016-11-09,1,False
dev,Q_79e557e1cbb51ce30416,2,1,2017-03-29,2017-03-29,1,False
dev,Q_79fee1789b1ca55aeea1,2,1,2017-03-29,2017-03-29,1,False
dev,Q_7a19796d637538c40d25,2,1,2017-03-01,2017-03-01,1,False
dev,Q_7a2dd5dbdb62d2cfcb41,2,1,2017-03-29,2017-03-29,1,False
dev,Q_7a4acfbf55dff840764e,2,1,2017-01-11,2017-01-11,1,False
dev,Q_7a4ec47b74eaf58cfe72,2,1,2017-01-25,2017-01-25,1,False
dev,Q_7a8c5f6dc6b5aa28e2d0,4,1,2016-09-28,2016-09-28,2,False
dev,Q_7a97f6ab3b48778140ea,2,1,2017-01-25,2017-01-25,1,False
dev,Q_7ac19e72bea631828a08,2,1,2017-04-26,2017-04-26,1,False
dev,Q_7ac36ee1facc12b2f8e4,2,1,2017-05-03,2017-05-03,1,False
dev,Q_7b381dc8dfb342201a89,2,1,2016-12-21,2016-12-21,1,False
dev,Q_7b8a526eaa6397062e49,2,1,2016-10-26,2016-10-26,1,False
dev,Q_7b9c775d8cf964f0c7b4,2,1,2017-02-15,2017-02-15,1,False
dev,Q_7bdc66f7e24e4d37860f,2,1,2017-04-19,2017-04-19,1,False
dev,Q_7beff386ffef1add47f2,2,1,2016-11-02,2016-11-02,1,False
dev,Q_7c4c922c640c7c25769c,2,1,2016-12-21,2016-12-21,1,False
dev,Q_7c9b4f79994deb89fc53,2,1,2017-03-29,2017-03-29,1,False
dev,Q_7cc0acb25f74c8350294,2,1,2017-03-29,2017-03-29,1,False
dev,Q_7cc3ab471e69e6e940d8,2,1,2017-05-10,2017-05-10,1,False
dev,Q_7cd8a2e2a767c9893c53,2,1,2016-11-23,2016-11-23,1,False
dev,Q_7cee5eb5588123e40a23,2,1,2017-04-19,2017-04-19,1,False
dev,Q_7cf2277f5aa60ea13396,2,1,2016-11-23,2016-11-23,1,False
dev,Q_7cfe90b27cd8c839046b,2,1,2017-02-22,2017-02-22,1,False
dev,Q_7d64d592b5539192a81f,2,1,2016-10-26,2016-10-26,1,False
dev,Q_7d6d0d310d8cca1bfb6c,2,1,2016-10-05,2016-10-05,1,False
dev,Q_7d707181b445894f505c,2,1,2017-01-04,2017-01-04,1,False
dev,Q_7de7d949919d80d80774,2,1,2017-01-11,2017-01-11,1,False
dev,Q_7e4eece5c532f5daaae5,2,1,2016-12-07,2016-12-07,1,False
dev,Q_7e56b47dbe9702c8db6f,2,1,2016-12-28,2016-12-28,1,False
dev,Q_7ea3bcb607a004d5a0c7,2,1,2016-12-14,2016-12-14,1,False
dev,Q_7eb0e79dcac75f7a3f6d,2,1,2017-01-18,2017-01-18,1,False
dev,Q_7eb7d2422a12d36aff55,2,1,2016-11-30,2016-11-30,1,False
dev,Q_7ebe747447765b4efeb3,2,1,2017-03-08,2017-03-08,1,False
dev,Q_7ed0670617ac041d1008,2,1,2016-11-23,2016-11-23,1,False
dev,Q_7ed826680e9f65d47e74,2,1,2016-11-02,2016-11-02,1,False
dev,Q_7f4f2865070cd0421476,2,1,2017-02-22,2017-02-22,1,False
dev,Q_7f6a24dabd33ede7c9cd,2,1,2016-12-07,2016-12-07,1,False
dev,Q_7f75c30e379f807c8b9e,2,1,2016-11-02,2016-11-02,1,False
dev,Q_7f760c390172909789df,2,1,2016-12-28,2016-12-28,1,False
dev,Q_7f83be364ca09a667733,2,1,2017-04-19,2017-04-19,1,False
dev,Q_7f8a982bcae40d5f2477,2,1,2017-02-08,2017-02-08,1,False
dev,Q_7fb2d2e569d049ed136c,2,1,2017-05-10,2017-05-10,1,False
dev,Q_7fcb9c672f9cbda0681a,2,1,2017-04-19,2017-04-19,1,False
dev,Q_7ff5e61e9ac3c8ec93ba,2,1,2017-01-04,2017-01-04,1,False
dev,Q_8006111fbc7acfd5148a,2,1,2017-05-03,2017-05-03,1,False
dev,Q_801be0ed00ff9fa3a451,2,1,2017-02-08,2017-02-08,1,False
dev,Q_804abd54e77f13c74097,2,1,2017-04-19,2017-04-19,1,False
dev,Q_8073b8f6cb7613c9e39f,2,1,2017-01-11,2017-01-11,1,False
dev,Q_809cfaf8a7e950b94424,2,1,2016-12-28,2016-12-28,1,False
dev,Q_809f608d09935ba356b3,2,1,2017-04-19,2017-04-19,1,False
dev,Q_80b6731e8f73ce906918,2,1,2017-03-01,2017-03-01,1,False
dev,Q_80dc08ea6a4b2f496a6c,2,1,2017-01-04,2017-01-04,1,False
dev,Q_8107f4181c26f674bb19,2,1,2016-09-28,2016-09-28,1,False
dev,Q_81232f712ee8679ddb31,2,1,2017-03-01,2017-03-01,1,False
dev,Q_81c7339c227f1c0372f9,2,1,2017-05-10,2017-05-10,1,False
dev,Q_81d1cfbc760c0cb9fe70,2,1,2017-01-11,2017-01-11,1,False
dev,Q_81ddf49b596a5aff2b7b,2,1,2017-02-15,2017-02-15,1,False
dev,Q_8206c1bde4337716d681,2,1,2017-02-15,2017-02-15,1,False
dev,Q_825305488e4eadc08602,2,1,2017-03-01,2017-03-01,1,False
dev,Q_8258e8ef0a5199531e1d,2,1,2016-11-23,2016-11-23,1,False
dev,Q_8282b5c3d82f7d3ab86f,2,1,2017-03-15,2017-03-15,1,False
dev,Q_828d6d7cb9f13035ea09,2,1,2016-09-28,2016-09-28,1,False
dev,Q_82fa48200292fe21eeb1,2,1,2017-03-15,2017-03-15,1,False
dev,Q_833cd491646a151edbb7,2,1,2016-11-09,2016-11-09,1,False
dev,Q_834677712072799f0118,2,1,2017-03-08,2017-03-08,1,False
dev,Q_83821958992a68d2820c,2,1,2017-02-15,2017-02-15,1,False
dev,Q_83db307056a5e1e47126,2,1,2017-01-04,2017-01-04,1,False
dev,Q_8454d40e8ca58cdd5afb,2,1,2016-11-09,2016-11-09,1,False
dev,Q_8474a9c7127529e9190e,2,1,2016-11-09,2016-11-09,1,False
dev,Q_84886b77b3db83cf02c9,2,1,2016-11-09,2016-11-09,1,False
dev,Q_84bbfe18fc4ce8c9763a,2,1,2016-11-02,2016-11-02,1,False
dev,Q_84c628d29f6761117a94,2,1,2016-12-28,2016-12-28,1,False
dev,Q_84dafeb27426e726cca4,2,1,2016-10-05,2016-10-05,1,False
dev,Q_84de4494f6ae917e1860,2,1,2017-03-08,2017-03-08,1,False
dev,Q_84f5746714319adc7bb6,2,1,2017-04-12,2017-04-12,1,False
dev,Q_851e23c558479c74d5ce,2,1,2016-12-28,2016-12-28,1,False
dev,Q_854b0cb85832c560ebc9,2,1,2017-03-08,2017-03-08,1,False
dev,Q_85526cd43c321b546bb1,2,1,2017-03-08,2017-03-08,1,False
dev,Q_85660d3272bb7d10362b,2,1,2016-10-05,2016-10-05,1,False
dev,Q_8587773b497e39cfb07b,2,1,2016-09-28,2016-09-28,1,False
dev,Q_858990a5f862da0b72de,2,1,2017-05-03,2017-05-03,1,False
dev,Q_859d504d6e8678573a2f,2,1,2016-11-09,2016-11-09,1,False
dev,Q_859e9529c7e3b2fefb07,2,1,2017-05-10,2017-05-10,1,False
dev,Q_8625a582246151f1162f,2,1,2016-12-28,2016-12-28,1,False
dev,Q_8636dea8a097ee344e83,2,1,2017-01-04,2017-01-04,1,False
dev,Q_864c172ed034e1970e8c,2,1,2017-04-12,2017-04-12,1,False
dev,Q_867835176fe98649a039,2,1,2016-12-14,2016-12-14,1,False
dev,Q_86bc0d988a9b290d1229,2,1,2017-01-25,2017-01-25,1,False
dev,Q_86c9f270e929561ee5bd,2,1,2016-10-19,2016-10-19,1,False
dev,Q_86ca91c2c28a5f2829c3,2,1,2017-04-26,2017-04-26,1,False
dev,Q_86cb9845b18e920150da,2,1,2017-05-03,2017-05-03,1,False
dev,Q_86f09304af327c2d8cd1,2,1,2016-09-28,2016-09-28,1,False
dev,Q_86ff1dc545f8f9dd59c3,2,1,2017-03-29,2017-03-29,1,False
dev,Q_874190768f57d6d5c394,2,1,2017-02-22,2017-02-22,1,False
dev,Q_8751d623f6d178b3ac08,2,1,2017-04-19,2017-04-19,1,False
dev,Q_8777f379c97c88b1eb41,2,1,2017-03-29,2017-03-29,1,False
dev,Q_87955f780b4b2e9ebaa0,2,1,2017-02-22,2017-02-22,1,False
dev,Q_87cf24e95328c48a9e06,2,1,2016-11-02,2016-11-02,1,False
dev,Q_87d190d018ed0104b00d,2,1,2017-01-25,2017-01-25,1,False
dev,Q_87f29885b37373e94472,2,1,2016-11-16,2016-11-16,1,False
dev,Q_881153287b611676867e,2,1,2017-04-12,2017-04-12,1,False
dev,Q_885294d93ccf7188a51a,2,1,2017-04-19,2017-04-19,1,False
dev,Q_88bbaf30bc88b9032b8b,2,1,2017-02-08,2017-02-08,1,False
dev,Q_88c2b85391ea3ca23b73,2,1,2017-01-11,2017-01-11,1,False
dev,Q_88c5e8f4a245fc69ee4d,2,1,2017-04-26,2017-04-26,1,False
dev,Q_899a2b92d8377d42c00c,2,1,2016-12-14,2016-12-14,1,False
dev,Q_89dabc85d0aad25a43d1,2,1,2017-03-22,2017-03-22,1,False
dev,Q_89e4120483171d4aacbc,2,1,2017-01-11,2017-01-11,1,False
dev,Q_89f9e70f2890993f2ff0,2,1,2017-03-08,2017-03-08,1,False
dev,Q_8a3363e6a9a444b69782,2,1,2017-02-22,2017-02-22,1,False
dev,Q_8a4e594e2357804bfe0a,2,1,2017-03-08,2017-03-08,1,False
dev,Q_8a63b1be2968d8c0d515,2,1,2016-11-02,2016-11-02,1,False
dev,Q_8a6f6c1579de2bebd5d4,2,1,2017-04-19,2017-04-19,1,False
dev,Q_8a7fa77a20a56bcd73e6,2,1,2016-11-30,2016-11-30,1,False
dev,Q_8a86c45a6072af120f9b,2,1,2017-02-08,2017-02-08,1,False
dev,Q_8ae37cf662e2f82c6365,2,1,2017-02-22,2017-02-22,1,False
dev,Q_8af81932eccd586c782f,2,1,2017-03-15,2017-03-15,1,False
dev,Q_8b39686a3c838fb48a11,2,1,2016-11-23,2016-11-23,1,False
dev,Q_8b3ba3f247c465a8b289,2,1,2017-03-22,2017-03-22,1,False
dev,Q_8b3f5883491a70020676,2,1,2017-02-08,2017-02-08,1,False
dev,Q_8b473423da0f4f5f5b06,2,1,2017-01-11,2017-01-11,1,False
dev,Q_8b5168365bf677eb1f48,2,1,2017-02-01,2017-02-01,1,False
dev,Q_8b62109013a910ef75b8,2,1,2017-05-03,2017-05-03,1,False
dev,Q_8b80c04f2441f286e9ad,2,1,2016-09-28,2016-09-28,1,False
dev,Q_8bace71aac8a44320bcf,2,1,2016-12-21,2016-12-21,1,False
dev,Q_8c0337e0c58cf35ac316,2,1,2016-12-21,2016-12-21,1,False
dev,Q_8c1255bcb1ff3c5ab605,2,1,2017-02-08,2017-02-08,1,False
dev,Q_8c4fcc14a3aa3309fd6e,2,1,2016-11-16,2016-11-16,1,False
dev,Q_8c9c6128dc02e559f738,2,1,2017-01-04,2017-01-04,1,False
dev,Q_8ca4602dcd819f475cc1,2,1,2017-05-03,2017-05-03,1,False
dev,Q_8cad453640dbd4da2c7b,2,1,2017-04-19,2017-04-19,1,False
dev,Q_8cc609bd72ef702b4640,2,1,2016-09-28,2016-09-28,1,False
dev,Q_8d0adcf113c1feee011d,2,1,2017-02-08,2017-02-08,1,False
dev,Q_8d0d46935b6310d8affa,2,1,2016-09-28,2016-09-28,1,False
dev,Q_8d4195d29ea13fc9a203,2,1,2016-10-12,2016-10-12,1,False
dev,Q_8d5c7a8e309f6805e90f,2,1,2017-04-12,2017-04-12,1,False
dev,Q_8d6e3655de452d0f0b72,2,1,2016-11-02,2016-11-02,1,False
dev,Q_8d7ac39e2342ab63df28,2,1,2016-09-28,2016-09-28,1,False
dev,Q_8d8aeefcb42972648f02,2,1,2016-11-02,2016-11-02,1,False
dev,Q_8dad53694819378bbbfb,2,1,2017-05-03,2017-05-03,1,False
dev,Q_8db267a3cb5668326446,2,1,2017-02-08,2017-02-08,1,False
dev,Q_8ddee9cdf941119d9ed4,2,1,2016-11-16,2016-11-16,1,False
dev,Q_8df6fd7a24c2916bb656,2,1,2016-12-21,2016-12-21,1,False
dev,Q_8e1ced50fc993d5595d0,2,1,2017-03-01,2017-03-01,1,False
dev,Q_8e34227d3d460a618817,2,1,2016-11-23,2016-11-23,1,False
dev,Q_8e3e094215958c999deb,2,1,2017-03-15,2017-03-15,1,False
dev,Q_8e4b176c0be6f472c6dc,2,1,2017-04-19,2017-04-19,1,False
dev,Q_8e54c5d07944d0109785,2,1,2017-03-15,2017-03-15,1,False
dev,Q_8e60dafbcd0c05cbbdf9,2,1,2017-05-03,2017-05-03,1,False
dev,Q_8e691ade0f5a3fc6217e,2,1,2016-09-28,2016-09-28,1,False
dev,Q_8e7824914520f29d51ea,2,1,2016-09-28,2016-09-28,1,False
dev,Q_8e9cacdd09a701f7bdb7,2,1,2016-11-02,2016-11-02,1,False
dev,Q_8eb7f78e958dd6668577,2,1,2016-09-28,2016-09-28,1,False
dev,Q_8ef157e798f3bc8d26ce,2,1,2016-12-28,2016-12-28,1,False
dev,Q_8f26dcf57e5ad937762a,2,1,2016-11-23,2016-11-23,1,False
dev,Q_8f3c3ebb042a2cd7e512,2,1,2016-11-23,2016-11-23,1,False
dev,Q_8f474772373b56e23961,2,1,2017-04-19,2017-04-19,1,False
dev,Q_8f502b069376c822879c,2,1,2016-09-28,2016-09-28,1,False
dev,Q_8f54a878bd4fb40f39a4,2,1,2016-10-12,2016-10-12,1,False
dev,Q_8f5625a299a085739bef,2,1,2017-01-04,2017-01-04,1,False
dev,Q_8f7f0d44a53f38f2a1f8,2,1,2016-12-28,2016-12-28,1,False
dev,Q_8f969047e8f229cc769d,2,1,2017-04-12,2017-04-12,1,False
dev,Q_8fb70015e4e6870aed8b,2,1,2017-05-10,2017-05-10,1,False
dev,Q_8fb96ecd6b43974e0d4d,2,1,2017-03-29,2017-03-29,1,False
dev,Q_8ff5570dbaef0cd9c0f9,2,1,2017-04-26,2017-04-26,1,False
dev,Q_90096b72b911f845759e,2,1,2016-11-02,2016-11-02,1,False
dev,Q_902280fd94a3ff418660,2,1,2017-04-19,2017-04-19,1,False
dev,Q_904426778f26c9cd528b,2,1,2017-04-19,2017-04-19,1,False
dev,Q_90fd216ce322de962ab7,2,1,2017-02-22,2017-02-22,1,False
dev,Q_910e4ec44be5f99fc45d,2,1,2016-12-07,2016-12-07,1,False
dev,Q_9128189ceb81316cd235,2,1,2017-03-15,2017-03-15,1,False
dev,Q_912d253d116076fa1c26,2,1,2017-03-29,2017-03-29,1,False
dev,Q_9140dfb7fee05822c9e7,2,1,2017-01-11,2017-01-11,1,False
dev,Q_9165d24c3fd129a06233,2,1,2017-02-15,2017-02-15,1,False
dev,Q_919555d6c886a5b72545,2,1,2016-09-28,2016-09-28,1,False
dev,Q_91969516be679cc1f07a,2,1,2017-02-22,2017-02-22,1,False
dev,Q_91a09d3486174f46a587,2,1,2017-02-08,2017-02-08,1,False
dev,Q_91bb1f3e77a4a054fc2d,2,1,2017-04-26,2017-04-26,1,False
dev,Q_91f4923ded3b870fd318,2,1,2017-05-03,2017-05-03,1,False
dev,Q_9226cf5eaefedff672a4,2,1,2016-12-14,2016-12-14,1,False
dev,Q_92350ac9ca855780b623,2,1,2017-05-03,2017-05-03,1,False
dev,Q_92729f6670ca0e66bd39,2,1,2016-09-28,2016-09-28,1,False
dev,Q_928d78ea8a286c37c1b9,2,1,2017-01-18,2017-01-18,1,False
dev,Q_928e76caa32f477c895b,2,1,2016-11-23,2016-11-23,1,False
dev,Q_92f40699855a73236e5a,2,1,2017-04-19,2017-04-19,1,False
dev,Q_93125c6cb7b7d30cf049,2,1,2016-12-28,2016-12-28,1,False
dev,Q_9344c82794c763db6719,2,1,2016-12-21,2016-12-21,1,False
dev,Q_9356e78b78f25093481d,2,1,2017-02-22,2017-02-22,1,False
dev,Q_93bdc2ccec27475463b9,2,1,2017-04-19,2017-04-19,1,False
dev,Q_93d86ee8f09c059656d6,2,1,2017-04-19,2017-04-19,1,False
dev,Q_93e3f2cce903c4f70f71,2,1,2017-02-15,2017-02-15,1,False
dev,Q_940a9e84cf4edc2c7467,2,1,2016-12-21,2016-12-21,1,False
dev,Q_940c1c4fab424f30362e,2,1,2017-02-08,2017-02-08,1,False
dev,Q_941fb911eea296bd5a74,2,1,2017-01-25,2017-01-25,1,False
dev,Q_943e28ff81a3f4cd5bce,2,1,2016-12-28,2016-12-28,1,False
dev,Q_94481dafad72b63a5931,2,1,2017-05-10,2017-05-10,1,False
dev,Q_9473266ad64f590de762,2,1,2017-03-29,2017-03-29,1,False
dev,Q_951417aa100d03cc324d,2,1,2016-12-07,2016-12-07,1,False
dev,Q_953296fa78c16ee1e086,2,1,2017-02-08,2017-02-08,1,False
dev,Q_9549568ec8ca4b8d2446,2,1,2017-01-18,2017-01-18,1,False
dev,Q_9590f57d42bbab715fe0,2,1,2016-10-12,2016-10-12,1,False
dev,Q_95a05d7e8de0c5a27eb5,2,1,2016-10-05,2016-10-05,1,False
dev,Q_961dc70da1e1bb678139,2,1,2017-04-19,2017-04-19,1,False
dev,Q_9651673d7ad08d95ef71,2,1,2017-02-01,2017-02-01,1,False
dev,Q_965719f15abb95a66bc7,2,1,2017-01-04,2017-01-04,1,False
dev,Q_96c03ec6d3d1a3e68e71,2,1,2017-04-19,2017-04-19,1,False
dev,Q_96f10362fce5256bedea,2,1,2017-04-19,2017-04-19,1,False
dev,Q_971e3930e34a5107aef8,2,1,2017-04-19,2017-04-19,1,False
dev,Q_972680c10a6ba21c2253,2,1,2017-01-04,2017-01-04,1,False
dev,Q_973d7d07f334bd93233e,2,1,2017-03-08,2017-03-08,1,False
dev,Q_97430b20e8fcd06724c1,2,1,2017-02-22,2017-02-22,1,False
dev,Q_9797b4c583607d8afdae,2,1,2016-11-02,2016-11-02,1,False
dev,Q_97ab1780777cb42b32f9,2,1,2017-01-04,2017-01-04,1,False
dev,Q_97bd5dcac4a49931fec2,2,1,2017-05-03,2017-05-03,1,False
dev,Q_97eda3a892e0770fe7ac,2,1,2016-11-23,2016-11-23,1,False
dev,Q_98194fdfb2545f809875,2,1,2017-01-04,2017-01-04,1,False
dev,Q_9871836d87c01664a4a0,2,1,2016-11-09,2016-11-09,1,False
dev,Q_989481257dc3f4f3c39c,2,1,2017-05-03,2017-05-03,1,False
dev,Q_989557912d535918572b,2,1,2017-01-25,2017-01-25,1,False
dev,Q_98efe32dc4008597fff2,2,1,2016-12-21,2016-12-21,1,False
dev,Q_99a58e76a0aaaa52f1ff,2,1,2016-12-07,2016-12-07,1,False
dev,Q_99a60e14da57871ef75e,2,1,2017-02-22,2017-02-22,1,False
dev,Q_99d63af677a6908357e5,2,1,2017-01-18,2017-01-18,1,False
dev,Q_9a006b65f50e84674372,2,1,2017-05-03,2017-05-03,1,False
dev,Q_9a2585fdc2be53e7235f,2,1,2016-09-28,2016-09-28,1,False
dev,Q_9a340348da17a76c59b8,2,1,2017-04-26,2017-04-26,1,False
dev,Q_9a3b1c98ab0446c7a2e0,2,1,2016-12-28,2016-12-28,1,False
dev,Q_9a4f3e805ffac2e3ad63,2,1,2016-12-21,2016-12-21,1,False
dev,Q_9a5a966c34b9ff73d33b,2,1,2017-01-25,2017-01-25,1,False
dev,Q_9a7dc397282dafd86ebe,2,1,2016-12-28,2016-12-28,1,False
dev,Q_9aa7804a501e3555365b,2,1,2017-01-11,2017-01-11,1,False
dev,Q_9ac751bd3fd695157ac0,2,1,2017-03-15,2017-03-15,1,False
dev,Q_9ad13a3d5df0d647d8d3,2,1,2017-02-15,2017-02-15,1,False
dev,Q_9afad81b1550dba822eb,2,1,2016-12-21,2016-12-21,1,False
dev,Q_9b0087a7d0be5fc59cf9,2,1,2016-11-16,2016-11-16,1,False
dev,Q_9b1addecca79cbf2ed58,2,1,2017-01-25,2017-01-25,1,False
dev,Q_9b40370350bec27eb6ba,2,1,2016-09-28,2016-09-28,1,False
dev,Q_9b40d8c17e620cff38bd,2,1,2016-12-28,2016-12-28,1,False
dev,Q_9b41e11e502e8e9675d5,2,1,2017-01-04,2017-01-04,1,False
dev,Q_9ba7c6c74fa9348a2753,2,1,2017-03-15,2017-03-15,1,False
dev,Q_9baf05b30b1954285629,2,1,2017-02-22,2017-02-22,1,False
dev,Q_9baff1da6c4c0ee60dc2,2,1,2017-04-19,2017-04-19,1,False
dev,Q_9c09e1af25f0c26e9ed5,2,1,2017-04-12,2017-04-12,1,False
dev,Q_9c0f0f07e33722acf0e1,2,1,2017-03-29,2017-03-29,1,False
dev,Q_9c133610301b86d7d1f6,2,1,2017-05-10,2017-05-10,1,False
dev,Q_9c1f2731099d398abe57,2,1,2017-01-04,2017-01-04,1,False
dev,Q_9c2c451594bc6c4632db,2,1,2017-03-08,2017-03-08,1,False
dev,Q_9c6f047737c2ee0261d3,2,1,2017-03-22,2017-03-22,1,False
dev,Q_9cd549c05e2544cd46f1,2,1,2017-01-04,2017-01-04,1,False
dev,Q_9d9704c946f052c69eaf,2,1,2016-12-28,2016-12-28,1,False
dev,Q_9dc4a8e29f96d3b343c9,2,1,2016-10-19,2016-10-19,1,False
dev,Q_9dd2541e79421c5bd792,2,1,2017-01-11,2017-01-11,1,False
dev,Q_9debaf72b57fd36989b8,2,1,2017-01-11,2017-01-11,1,False
dev,Q_9e254e25b862825ad882,2,1,2016-12-28,2016-12-28,1,False
dev,Q_9e276123154e46469e2d,2,1,2016-12-28,2016-12-28,1,False
dev,Q_9e772a4039a3ab7d5da3,2,1,2017-01-04,2017-01-04,1,False
dev,Q_9eda87f70d46fea666fb,2,1,2017-03-08,2017-03-08,1,False
dev,Q_9ef896ec73065022c877,2,1,2016-11-02,2016-11-02,1,False
dev,Q_9f440d7f7adaf9aa2a4f,2,1,2016-11-23,2016-11-23,1,False
dev,Q_9f7bec7629d69ab6b509,2,1,2016-09-28,2016-09-28,1,False
dev,Q_9f7ed18f5b3c5612e770,2,1,2016-11-23,2016-11-23,1,False
dev,Q_a016ccc8688b17de4654,2,1,2016-09-28,2016-09-28,1,False
dev,Q_a0265e72e6b187929b74,2,1,2016-10-19,2016-10-19,1,False
dev,Q_a03d8a96fe0b5c09ede5,2,1,2017-01-11,2017-01-11,1,False
dev,Q_a060183c073e19ff1188,2,1,2017-01-25,2017-01-25,1,False
dev,Q_a07ff4d81dd99bc70565,2,1,2016-09-28,2016-09-28,1,False
dev,Q_a08498f5fb71ca5df2d7,2,1,2016-09-28,2016-09-28,1,False
dev,Q_a09d988a88d60da00ea4,2,1,2016-12-28,2016-12-28,1,False
dev,Q_a0a8aefd762e749f4f83,2,1,2016-12-14,2016-12-14,1,False
dev,Q_a0ac4fda4f2eadb3fd83,2,1,2016-12-28,2016-12-28,1,False
dev,Q_a0ade9ee993b9a638de5,2,1,2017-01-04,2017-01-04,1,False
dev,Q_a100285780adac18c3d6,2,1,2017-01-04,2017-01-04,1,False
dev,Q_a14ac95225e94ab2fcb3,2,1,2017-03-29,2017-03-29,1,False
dev,Q_a15139b25fc221ab5646,2,1,2016-10-05,2016-10-05,1,False
dev,Q_a155d5910cd77140b395,2,1,2017-03-08,2017-03-08,1,False
dev,Q_a17155210266b32ee244,2,1,2016-10-19,2016-10-19,1,False
dev,Q_a199720a522573e44de6,2,1,2017-03-15,2017-03-15,1,False
dev,Q_a1e727736c010c1c4610,2,1,2017-02-08,2017-02-08,1,False
dev,Q_a20e8c0e5969aba34406,2,1,2016-12-14,2016-12-14,1,False
dev,Q_a21420a8b5ff632e8567,2,1,2017-05-03,2017-05-03,1,False
dev,Q_a22e01ae4acfe30d3f93,2,1,2017-05-03,2017-05-03,1,False
dev,Q_a2b87be0bda200ec3ec1,2,1,2017-04-19,2017-04-19,1,False
dev,Q_a2b8dae8ac775d30ce06,2,1,2017-01-04,2017-01-04,1,False
dev,Q_a3063366cd8c5c08cdff,2,1,2016-09-28,2016-09-28,1,False
dev,Q_a30f4f0d4fb499002de9,2,1,2016-12-28,2016-12-28,1,False
dev,Q_a325968965ec59ddcb67,2,1,2016-10-05,2016-10-05,1,False
dev,Q_a3bfdd667656fec48ea8,2,1,2017-01-18,2017-01-18,1,False
dev,Q_a3c6197cd08ed25f5fb8,2,1,2016-12-28,2016-12-28,1,False
dev,Q_a3dfcec0a50f6cf5e96d,2,1,2017-05-10,2017-05-10,1,False
dev,Q_a40a5c3c80e8326a4ddb,2,1,2017-04-26,2017-04-26,1,False
dev,Q_a40f98cfc59847ae5eb4,2,1,2017-04-19,2017-04-19,1,False
dev,Q_a4257d8e44ff51e762b0,2,1,2016-09-28,2016-09-28,1,False
dev,Q_a43098765a5d2068a418,2,1,2017-01-04,2017-01-04,1,False
dev,Q_a4340e4aef5a3f791912,2,1,2017-03-15,2017-03-15,1,False
dev,Q_a45aca8e859cf62a15c1,2,1,2017-01-25,2017-01-25,1,False
dev,Q_a4617ddc3bd25a151028,2,1,2017-01-25,2017-01-25,1,False
dev,Q_a467b33f26caa7ede95d,2,1,2016-12-21,2016-12-21,1,False
dev,Q_a4687829ad87d7c9478b,2,1,2017-03-01,2017-03-01,1,False
dev,Q_a46bd565296788204b0f,2,1,2016-09-28,2016-09-28,1,False
dev,Q_a46d5fb3ca9217169254,2,1,2017-05-10,2017-05-10,1,False
dev,Q_a48e11c624aa91555117,2,1,2017-02-08,2017-02-08,1,False
dev,Q_a4c9dd3de4f085f63aeb,2,1,2016-12-07,2016-12-07,1,False
dev,Q_a515f56e2e5dcdf42bd7,2,1,2016-12-28,2016-12-28,1,False
dev,Q_a51d87288a4c27404fd9,2,1,2016-11-23,2016-11-23,1,False
dev,Q_a548040073a78a85d457,2,1,2016-11-09,2016-11-09,1,False
dev,Q_a5550a176b85bec1cb46,2,1,2017-01-11,2017-01-11,1,False
dev,Q_a57750f7d2d552e90fef,2,1,2017-02-15,2017-02-15,1,False
dev,Q_a5a7ff208122f3b197e8,2,1,2016-12-21,2016-12-21,1,False
dev,Q_a62294e81fb153adec81,2,1,2016-12-14,2016-12-14,1,False
dev,Q_a640a6f678ef4cb1edb8,2,1,2016-11-23,2016-11-23,1,False
dev,Q_a6c1b0e36f1fc0ded9be,2,1,2017-01-04,2017-01-04,1,False
dev,Q_a6ce6667109111ff2906,2,1,2017-02-22,2017-02-22,1,False
dev,Q_a6db5544096d59d36fed,2,1,2017-01-04,2017-01-04,1,False
dev,Q_a70c13fc23ce34acdebd,2,1,2017-04-19,2017-04-19,1,False
dev,Q_a73cf82259b7a8539180,2,1,2016-12-07,2016-12-07,1,False
dev,Q_a74ce84d6f8fdb2847c0,2,1,2017-01-18,2017-01-18,1,False
dev,Q_a7d382f83912432a77d4,2,1,2017-05-03,2017-05-03,1,False
dev,Q_a7ed7443b4365687b2a5,2,1,2016-12-28,2016-12-28,1,False
dev,Q_a7fd688c6675c9064114,2,1,2017-03-08,2017-03-08,1,False
dev,Q_a820f342557c0aadaadf,2,1,2016-12-14,2016-12-14,1,False
dev,Q_a82a5016db29a243c2e7,2,1,2017-04-19,2017-04-19,1,False
dev,Q_a840d26b336aa1ff83d0,2,1,2017-05-03,2017-05-03,1,False
dev,Q_a849c4f68d9d51ae688e,2,1,2017-03-01,2017-03-01,1,False
dev,Q_a86c39c99462349d00d9,2,1,2016-12-07,2016-12-07,1,False
dev,Q_a86db9f97e1a5dd0e313,2,1,2016-09-28,2016-09-28,1,False
dev,Q_a8b54c79c4672f152df3,2,1,2016-11-02,2016-11-02,1,False
dev,Q_a8cc334a0d6de2f882e4,2,1,2017-03-22,2017-03-22,1,False
dev,Q_a92dd4e5eaf6766f88fa,2,1,2017-01-04,2017-01-04,1,False
dev,Q_a97bd386deff14b4c01c,2,1,2017-03-15,2017-03-15,1,False
dev,Q_a9cfa884b2039f8c1fcd,2,1,2016-10-12,2016-10-12,1,False
dev,Q_aa1fdc668e98ceda0f1c,2,1,2017-04-26,2017-04-26,1,False
dev,Q_aa7435080f620ed276e8,2,1,2016-11-09,2016-11-09,1,False
dev,Q_aaeb9b2f03fe14258d7e,2,1,2016-09-28,2016-09-28,1,False
dev,Q_aaf1cac8fb6454937276,2,1,2016-11-23,2016-11-23,1,False
dev,Q_ab28044a982175ef4f26,2,1,2016-12-28,2016-12-28,1,False
dev,Q_ab309da96f702f83a5df,2,1,2017-01-04,2017-01-04,1,False
dev,Q_ab575c5e6356f90ad180,2,1,2016-11-02,2016-11-02,1,False
dev,Q_ab5ca21288e7eeec618b,2,1,2017-01-11,2017-01-11,1,False
dev,Q_ab5e850eb8e21419eb63,2,1,2017-01-25,2017-01-25,1,False
dev,Q_ab94426c3967a5ddfade,2,1,2017-01-11,2017-01-11,1,False
dev,Q_ab99236578bf5ecfe469,2,1,2016-12-07,2016-12-07,1,False
dev,Q_aba05cb2a1ad53cbfc71,2,1,2017-02-22,2017-02-22,1,False
dev,Q_abe205f64090455c573a,2,1,2017-01-04,2017-01-04,1,False
dev,Q_abe3718cbf889ce7f13f,2,1,2017-02-15,2017-02-15,1,False
dev,Q_abe4ce653eb3e0242cc6,2,1,2016-11-23,2016-11-23,1,False
dev,Q_abed085ae1329d8cd1ab,2,1,2016-10-05,2016-10-05,1,False
dev,Q_ac4814d0c9ec3abe757f,2,1,2016-12-28,2016-12-28,1,False
dev,Q_ac5391f3a36f1f41950e,2,1,2016-10-12,2016-10-12,1,False
dev,Q_ac71808fec7b8aa0ccef,2,1,2017-05-03,2017-05-03,1,False
dev,Q_acb4cfdaa3504af435f8,2,1,2017-01-04,2017-01-04,1,False
dev,Q_acb7319c7b2eccc30efb,2,1,2016-11-23,2016-11-23,1,False
dev,Q_acc935d90a546ee1f856,2,1,2016-12-21,2016-12-21,1,False
dev,Q_ad0aa895db20da0993c7,2,1,2016-11-09,2016-11-09,1,False
dev,Q_ad190437d1bad8360417,2,1,2017-01-04,2017-01-04,1,False
dev,Q_ad66838207c7aaa96da9,2,1,2017-02-01,2017-02-01,1,False
dev,Q_ad80550fb4d22b951b7f,2,1,2017-03-01,2017-03-01,1,False
dev,Q_adc59f613c107b8a15c7,2,1,2017-02-15,2017-02-15,1,False
dev,Q_ae0993c86f2234dcb427,2,1,2017-04-26,2017-04-26,1,False
dev,Q_ae338ce4a86469e4d171,2,1,2016-11-23,2016-11-23,1,False
dev,Q_ae35b415e8665dcc477d,2,1,2017-04-12,2017-04-12,1,False
dev,Q_ae55ab8f9334fe110ce7,2,1,2017-04-19,2017-04-19,1,False
dev,Q_ae68540868507bc577b1,2,1,2017-04-12,2017-04-12,1,False
dev,Q_ae6a5da2b64af29071d4,2,1,2017-04-26,2017-04-26,1,False
dev,Q_aea973dee3dd6eaf5613,2,1,2017-02-01,2017-02-01,1,False
dev,Q_aeb74bdab134664d7b1e,2,1,2017-04-19,2017-04-19,1,False
dev,Q_aef9d6518dc7777889ff,2,1,2016-12-28,2016-12-28,1,False
dev,Q_af5f1cacda32e0d7b122,2,1,2017-03-08,2017-03-08,1,False
dev,Q_af5f61366c36f6823855,2,1,2016-10-05,2016-10-05,1,False
dev,Q_af6269fcf5e7d3c21fec,2,1,2016-12-28,2016-12-28,1,False
dev,Q_af97436ebbc0d9ac741f,2,1,2017-03-29,2017-03-29,1,False
dev,Q_af9ffe007e933ab0a7d2,2,1,2017-04-19,2017-04-19,1,False
dev,Q_afc5113cfaf16721d633,2,1,2016-09-28,2016-09-28,1,False
dev,Q_afe0120e661c5148eed2,2,1,2017-03-15,2017-03-15,1,False
dev,Q_b0483d0f1a86846a6bbf,2,1,2017-03-08,2017-03-08,1,False
dev,Q_b08f9ab58615ece4bc4c,2,1,2017-04-26,2017-04-26,1,False
dev,Q_b090b146e5f3f1a6bad7,2,1,2016-10-05,2016-10-05,1,False
dev,Q_b0e6d8c552e3df86129d,2,1,2016-11-02,2016-11-02,1,False
dev,Q_b0f83ef3a3859c7070ea,2,1,2016-11-02,2016-11-02,1,False
dev,Q_b0fcd6c51ddc0239d26e,2,1,2017-01-25,2017-01-25,1,False
dev,Q_b10a74336b2a1bd7a563,2,1,2016-10-12,2016-10-12,1,False
dev,Q_b114e8dbe7c89a8173c1,2,1,2017-03-15,2017-03-15,1,False
dev,Q_b11d9a70ddc4befad7c8,2,1,2017-03-08,2017-03-08,1,False
dev,Q_b1231b3d23adc1c6b929,2,1,2017-01-04,2017-01-04,1,False
dev,Q_b144cab5e34f3938fdea,2,1,2016-11-23,2016-11-23,1,False
dev,Q_b17b12e5ef213cc3fcfa,2,1,2017-03-08,2017-03-08,1,False
dev,Q_b18955d271ad16c0a906,2,1,2017-03-29,2017-03-29,1,False
dev,Q_b1cae3a54a2d7b4d97b1,2,1,2017-01-18,2017-01-18,1,False
dev,Q_b1f4002069a9bf73df27,2,1,2017-01-04,2017-01-04,1,False
dev,Q_b1f7779736976d1a3c08,2,1,2016-11-16,2016-11-16,1,False
dev,Q_b21190ca5e587976222f,2,1,2016-11-02,2016-11-02,1,False
dev,Q_b21df8e13586505e3490,2,1,2017-02-08,2017-02-08,1,False
dev,Q_b22bee471dd2da875b14,2,1,2016-12-28,2016-12-28,1,False
dev,Q_b2894b8a42b25a8b5018,2,1,2017-02-15,2017-02-15,1,False
dev,Q_b2faab34e0dc9ec9b581,2,1,2017-03-08,2017-03-08,1,False
dev,Q_b361b59da075d9601c1b,2,1,2017-04-12,2017-04-12,1,False
dev,Q_b398acc86e81bfffef99,2,1,2016-10-05,2016-10-05,1,False
dev,Q_b399edade6848ac6ea4c,2,1,2017-01-11,2017-01-11,1,False
dev,Q_b39f6476e282f869ec9d,2,1,2016-11-16,2016-11-16,1,False
dev,Q_b3a68feb9cfc001442b3,2,1,2016-10-19,2016-10-19,1,False
dev,Q_b3af61702cf3e9e2493e,2,1,2016-12-21,2016-12-21,1,False
dev,Q_b3d843346e772abea479,2,1,2017-03-15,2017-03-15,1,False
dev,Q_b3f7d079aae4fb1a6b2c,2,1,2017-02-15,2017-02-15,1,False
dev,Q_b4245259a8fa61b2ce69,2,1,2017-01-04,2017-01-04,1,False
dev,Q_b4275abbf4a972535e60,2,1,2017-03-15,2017-03-15,1,False
dev,Q_b4316beabe73154ace7c,2,1,2017-02-22,2017-02-22,1,False
dev,Q_b46f1e8f5b6eb652822e,2,1,2016-10-12,2016-10-12,1,False
dev,Q_b4744c3c0d870d9cdb56,2,1,2017-02-08,2017-02-08,1,False
dev,Q_b49c8fbb82001b88c43e,2,1,2017-02-08,2017-02-08,1,False
dev,Q_b4c6b0cd20c3dfefc5fe,2,1,2017-04-26,2017-04-26,1,False
dev,Q_b4f5bcf93b7bfbd39e00,2,1,2017-04-12,2017-04-12,1,False
dev,Q_b537496aea8900d576ea,2,1,2016-12-21,2016-12-21,1,False
dev,Q_b53cd0465db86f7eb241,2,1,2017-03-08,2017-03-08,1,False
dev,Q_b56c04a60c7b17fc37ae,2,1,2016-12-21,2016-12-21,1,False
dev,Q_b57227d2c05b0a554e03,2,1,2016-12-28,2016-12-28,1,False
dev,Q_b5a6f22ff095ff5093c1,2,1,2017-01-04,2017-01-04,1,False
dev,Q_b5da09e452f45b002444,2,1,2017-03-29,2017-03-29,1,False
dev,Q_b5f155c23a28c0c0211d,2,1,2017-02-08,2017-02-08,1,False
dev,Q_b6044d5d4a38209fbc1a,2,1,2016-10-19,2016-10-19,1,False
dev,Q_b627f04726f077d21463,2,1,2016-11-02,2016-11-02,1,False
dev,Q_b62930c4dd9e22842872,2,1,2017-03-01,2017-03-01,1,False
dev,Q_b6d83a04050e125ebb90,2,1,2017-01-25,2017-01-25,1,False
dev,Q_b6dfea1433c973cba0e1,2,1,2016-10-26,2016-10-26,1,False
dev,Q_b6f0edfda26b9837e48c,2,1,2016-10-05,2016-10-05,1,False
dev,Q_b74b5c08f2d8c22be15a,2,1,2016-12-28,2016-12-28,1,False
dev,Q_b74c25aa8d36d0308731,2,1,2016-12-14,2016-12-14,1,False
dev,Q_b767c90a2e88e5a8d8b3,2,1,2017-02-08,2017-02-08,1,False
dev,Q_b7cc61817735e88297dd,2,1,2017-02-08,2017-02-08,1,False
dev,Q_b829169dcf9f016a885f,2,1,2017-02-08,2017-02-08,1,False
dev,Q_b84c8b30773fae8ceec0,2,1,2017-01-11,2017-01-11,1,False
dev,Q_b86150859bd301acd99c,2,1,2017-04-19,2017-04-19,1,False
dev,Q_b864151d5e2df287ed53,2,1,2017-01-18,2017-01-18,1,False
dev,Q_b8837105d8519011dca3,2,1,2016-11-02,2016-11-02,1,False
dev,Q_b8ed053318e6dc6a9b27,2,1,2016-12-21,2016-12-21,1,False
dev,Q_b9010ec1733d4596d4fa,2,1,2016-12-14,2016-12-14,1,False
dev,Q_b909e2bc28a5a51189ff,2,1,2016-10-12,2016-10-12,1,False
dev,Q_b933d4922e2e18187d4e,2,1,2017-03-22,2017-03-22,1,False
dev,Q_b971d38e06a7d98752e6,2,1,2017-03-01,2017-03-01,1,False
dev,Q_b9bb3a6940c637b23642,2,1,2016-12-21,2016-12-21,1,False
dev,Q_b9c477debac5006a394e,2,1,2017-03-08,2017-03-08,1,False
dev,Q_b9ef83ab645ecab939f0,2,1,2017-01-11,2017-01-11,1,False
dev,Q_b9f31cb56be3406aa1a9,2,1,2016-09-28,2016-09-28,1,False
dev,Q_ba0c4ba60a2f7a92abd3,2,1,2017-05-03,2017-05-03,1,False
dev,Q_ba1873ab440cbebe5b55,2,1,2017-05-03,2017-05-03,1,False
dev,Q_ba71618089f77a239d2c,2,1,2016-11-23,2016-11-23,1,False
dev,Q_ba7c4d8aad414b4b3e45,2,1,2017-01-11,2017-01-11,1,False
dev,Q_ba97bdd3e78840ec1de3,2,1,2017-02-08,2017-02-08,1,False
dev,Q_ba9991378f32c7e2d708,2,1,2017-03-01,2017-03-01,1,False
dev,Q_baa0cf38507da44acf17,2,1,2017-01-04,2017-01-04,1,False
dev,Q_bab52fb2a5e7327a3e14,2,1,2017-01-11,2017-01-11,1,False
dev,Q_bafddf3ee0378d9cff3b,2,1,2017-02-08,2017-02-08,1,False
dev,Q_bb09e45d6ecc092f74f2,2,1,2017-05-10,2017-05-10,1,False
dev,Q_bb18a899f9a4bff28807,2,1,2017-03-15,2017-03-15,1,False
dev,Q_bb25288fef86dc8b7777,2,1,2017-01-04,2017-01-04,1,False
dev,Q_bb32c4fdd47a07177732,2,1,2017-03-22,2017-03-22,1,False
dev,Q_bb340944a7177ea4a6e2,2,1,2016-12-07,2016-12-07,1,False
dev,Q_bb4e5fa742b8a263c99b,2,1,2016-11-02,2016-11-02,1,False
dev,Q_bb5716fbfb598f87427b,2,1,2017-02-08,2017-02-08,1,False
dev,Q_bb5c69834b13e4edef9d,2,1,2017-03-22,2017-03-22,1,False
dev,Q_bb6db037e182545c6edc,2,1,2016-12-07,2016-12-07,1,False
dev,Q_bbc627629f735a168f1e,2,1,2017-02-08,2017-02-08,1,False
dev,Q_bbe216a56f49ee1d6b0b,2,1,2017-01-04,2017-01-04,1,False
dev,Q_bbf5511edd887a675c04,2,1,2017-03-15,2017-03-15,1,False
dev,Q_bc0d76ca5e3c8dbf653f,2,1,2017-04-19,2017-04-19,1,False
dev,Q_bc7417a7f237719212c0,2,1,2017-03-01,2017-03-01,1,False
dev,Q_bc7449ad8a49893700fc,2,1,2016-10-19,2016-10-19,1,False
dev,Q_bc862c5f6332d38fa5f6,2,1,2017-02-08,2017-02-08,1,False
dev,Q_bca76cb4cf0523a08d16,2,1,2017-02-08,2017-02-08,1,False
dev,Q_bcd6bca5ec5abea37f62,2,1,2017-01-04,2017-01-04,1,False
dev,Q_bce6f676fdcb4799bf4d,2,1,2016-12-28,2016-12-28,1,False
dev,Q_bcf1f950ab0d329f72a9,2,1,2016-09-28,2016-09-28,1,False
dev,Q_bcf7f8b4c4fecc255166,2,1,2017-03-22,2017-03-22,1,False
dev,Q_bd11ced9682bdb655ad2,2,1,2016-10-12,2016-10-12,1,False
dev,Q_bda6f280e3aec828a743,2,1,2016-11-02,2016-11-02,1,False
dev,Q_bda7928dd75eaed85633,2,1,2017-01-11,2017-01-11,1,False
dev,Q_bdcf2b837f2974b799b9,2,1,2016-09-28,2016-09-28,1,False
dev,Q_be526b58cd252e9d4cdc,2,1,2016-09-28,2016-09-28,1,False
dev,Q_be54d78cc3148493a981,2,1,2016-12-28,2016-12-28,1,False
dev,Q_be7ed9622339644492c5,2,1,2017-05-03,2017-05-03,1,False
dev,Q_bebceef66bb77ff75196,2,1,2016-12-28,2016-12-28,1,False
dev,Q_bee66159a43dc18d04af,2,1,2016-12-28,2016-12-28,1,False
dev,Q_bef6ef0a36390137652a,2,1,2017-03-08,2017-03-08,1,False
dev,Q_bf031d1fac9915d81d55,2,1,2017-02-08,2017-02-08,1,False
dev,Q_bf27c8dd77067dbbb102,2,1,2016-10-12,2016-10-12,1,False
dev,Q_bf64e978602dc6f19491,2,1,2017-04-19,2017-04-19,1,False
dev,Q_bfa172f155c02c9e7018,2,1,2016-12-21,2016-12-21,1,False
dev,Q_bfd776dcdf01ae39fb05,2,1,2017-01-25,2017-01-25,1,False
dev,Q_c009c72c9455b59e73f2,2,1,2016-12-07,2016-12-07,1,False
dev,Q_c01804b43cc965fa092d,2,1,2016-09-28,2016-09-28,1,False
dev,Q_c04280ba378bcbabd30a,2,1,2017-02-15,2017-02-15,1,False
dev,Q_c068947530837dfe7889,2,1,2017-05-03,2017-05-03,1,False
dev,Q_c08c6e7cb529a789a16e,2,1,2017-01-25,2017-01-25,1,False
dev,Q_c0ab1a362ac6665d5916,2,1,2017-03-29,2017-03-29,1,False
dev,Q_c0b402b51b4dad980e9e,2,1,2017-04-12,2017-04-12,1,False
dev,Q_c0bbfda2dab8e29e87eb,2,1,2017-05-03,2017-05-03,1,False
dev,Q_c0cda12dd7addf731018,2,1,2016-10-19,2016-10-19,1,False
dev,Q_c0e5d3e2f8a4e7b6484f,2,1,2017-02-15,2017-02-15,1,False
dev,Q_c1426796defefdb57a95,2,1,2017-04-19,2017-04-19,1,False
dev,Q_c163e4080ccc301593b6,2,1,2017-02-08,2017-02-08,1,False
dev,Q_c1698e23571ed17fd9cf,2,1,2017-05-03,2017-05-03,1,False
dev,Q_c17347ce7254621dac09,2,1,2017-03-08,2017-03-08,1,False
dev,Q_c17944a0ea831f2e3d98,2,1,2017-01-11,2017-01-11,1,False
dev,Q_c1dac7f355d055373cea,2,1,2017-04-19,2017-04-19,1,False
dev,Q_c1df41f1efc1567cef56,2,1,2017-02-01,2017-02-01,1,False
dev,Q_c1f646371d3faa3e19ea,2,1,2017-02-15,2017-02-15,1,False
dev,Q_c28b79080077d30253d4,2,1,2017-02-22,2017-02-22,1,False
dev,Q_c29c78bfecb0fd065e41,2,1,2016-11-23,2016-11-23,1,False
dev,Q_c2ba004e80238811d6b1,2,1,2016-12-21,2016-12-21,1,False
dev,Q_c2d1f0eb7750ca942484,2,1,2017-02-08,2017-02-08,1,False
dev,Q_c2efe9a473c6cd6a0de8,2,1,2016-11-02,2016-11-02,1,False
dev,Q_c30fca0eb1bcf33420f3,2,1,2016-10-05,2016-10-05,1,False
dev,Q_c3106731038be099e816,2,1,2017-04-19,2017-04-19,1,False
dev,Q_c31988c9016184afb528,2,1,2017-04-19,2017-04-19,1,False
dev,Q_c32255d6dbae98fb4c17,2,1,2017-01-04,2017-01-04,1,False
dev,Q_c325ec8d4bdc323ffbc5,2,1,2017-03-22,2017-03-22,1,False
dev,Q_c32ed33ecb52843a6c05,2,1,2017-05-03,2017-05-03,1,False
dev,Q_c35c25a41d7f30cb177e,2,1,2017-02-15,2017-02-15,1,False
dev,Q_c38013c49485460aa0a0,2,1,2016-11-23,2016-11-23,1,False
dev,Q_c3cdc2ae08006661934f,2,1,2017-05-03,2017-05-03,1,False
dev,Q_c3ff39c899ae97b8429d,2,1,2017-05-10,2017-05-10,1,False
dev,Q_c4265f146a6f781550f8,2,1,2017-05-03,2017-05-03,1,False
dev,Q_c45b3f2f68491c169efd,2,1,2017-03-22,2017-03-22,1,False
dev,Q_c47366b863ec38b99d6c,2,1,2017-03-22,2017-03-22,1,False
dev,Q_c4a9488dc04c4e1fe984,2,1,2016-12-14,2016-12-14,1,False
dev,Q_c4ba8226a9f9d777c865,2,1,2017-05-03,2017-05-03,1,False
dev,Q_c4d97017fe3b9881c1ad,2,1,2016-12-07,2016-12-07,1,False
dev,Q_c50718387d9ac5363bba,2,1,2017-03-29,2017-03-29,1,False
dev,Q_c51e14fa531cbac3d709,2,1,2016-11-23,2016-11-23,1,False
dev,Q_c5d9e99cfe7b431e303a,2,1,2017-03-22,2017-03-22,1,False
dev,Q_c631f09526b6936200aa,2,1,2017-01-11,2017-01-11,1,False
dev,Q_c6372390ea3c045dca5d,2,1,2017-03-29,2017-03-29,1,False
dev,Q_c674c30d54fe8a2db33b,2,1,2016-11-09,2016-11-09,1,False
dev,Q_c69401870255794060c1,2,1,2017-03-22,2017-03-22,1,False
dev,Q_c6a275b40d1a31dd9bec,2,1,2017-01-11,2017-01-11,1,False
dev,Q_c6ab6ecfc4d71f2a42d0,2,1,2017-03-15,2017-03-15,1,False
dev,Q_c6cb1977db57f9aba754,2,1,2017-03-15,2017-03-15,1,False
dev,Q_c70fd332643291a8ef18,2,1,2016-12-21,2016-12-21,1,False
dev,Q_c73ce6bb46b73caac79e,2,1,2017-02-22,2017-02-22,1,False
dev,Q_c76496b4c60f7b28bcc5,2,1,2017-02-15,2017-02-15,1,False
dev,Q_c77c9850970e0306a432,2,1,2016-12-28,2016-12-28,1,False
dev,Q_c7c93b9f5e8bccdfc661,2,1,2017-04-19,2017-04-19,1,False
dev,Q_c7dd665fa60214e62f9d,2,1,2016-11-16,2016-11-16,1,False
dev,Q_c7f710d2e5b342a34198,2,1,2017-03-29,2017-03-29,1,False
dev,Q_c80010c6716d5f7e7764,2,1,2016-12-07,2016-12-07,1,False
dev,Q_c81f7b7af77dae4c395c,2,1,2017-01-11,2017-01-11,1,False
dev,Q_c8287c0d2a7719cd2667,2,1,2017-04-19,2017-04-19,1,False
dev,Q_c850adc2b6698cc7a1c5,2,1,2017-02-22,2017-02-22,1,False
dev,Q_c8762172a751fe8a597f,2,1,2017-01-18,2017-01-18,1,False
dev,Q_c8885bdabeddc10e75c0,2,1,2016-11-02,2016-11-02,1,False
dev,Q_c89a13fa55ed1ea03d5b,2,1,2017-03-22,2017-03-22,1,False
dev,Q_c8e26511a20c37bfae1c,2,1,2016-12-28,2016-12-28,1,False
dev,Q_c8f06cbea778342c1c71,2,1,2017-05-03,2017-05-03,1,False
dev,Q_c9321e70b7f488a032c7,2,1,2017-01-25,2017-01-25,1,False
dev,Q_c959b5aac3aa26e6456c,2,1,2016-11-23,2016-11-23,1,False
dev,Q_c991c9a5af7f6331b6c1,2,1,2016-12-14,2016-12-14,1,False
dev,Q_c9ce2edfe7825a4a911f,2,1,2017-05-03,2017-05-03,1,False
dev,Q_c9da7e8a7e38f0d27a97,2,1,2016-11-16,2016-11-16,1,False
dev,Q_c9ebbcb3ca58ff85dd8a,2,1,2017-02-08,2017-02-08,1,False
dev,Q_ca0fc21e2daab65ca807,2,1,2017-01-04,2017-01-04,1,False
dev,Q_ca37a41097e45c39d6e6,2,1,2016-12-28,2016-12-28,1,False
dev,Q_ca529af823fb19a1d861,2,1,2016-12-28,2016-12-28,1,False
dev,Q_ca7bd66f372d9a1032e6,2,1,2017-03-29,2017-03-29,1,False
dev,Q_ca86d643efac3a13f8a1,2,1,2017-04-19,2017-04-19,1,False
dev,Q_ca88c2db41e0e5fbe4b4,2,1,2016-12-28,2016-12-28,1,False
dev,Q_ca941823276f99d1614d,2,1,2017-05-03,2017-05-03,1,False
dev,Q_ca9527160b5c7fc36e96,2,1,2017-02-08,2017-02-08,1,False
dev,Q_caad459192a71ffefe4f,2,1,2016-11-16,2016-11-16,1,False
dev,Q_cad58afbc2ab1b51cc1b,2,1,2017-01-04,2017-01-04,1,False
dev,Q_cb324ef36c63858cf9bd,2,1,2017-04-19,2017-04-19,1,False
dev,Q_cb4369139b6aafdcde86,2,1,2016-10-05,2016-10-05,1,False
dev,Q_cb455e74380f3348d8e0,2,1,2017-01-11,2017-01-11,1,False
dev,Q_cb4ad43b72bd811bc8f8,2,1,2017-02-22,2017-02-22,1,False
dev,Q_cb584cd5aaeb88c10de1,2,1,2016-12-07,2016-12-07,1,False
dev,Q_cb93ccee98667d03d3a8,2,1,2016-10-26,2016-10-26,1,False
dev,Q_cbeeb7bcdca7eaa03ce2,2,1,2016-11-02,2016-11-02,1,False
dev,Q_cbf133116d38c75d6914,2,1,2017-01-04,2017-01-04,1,False
dev,Q_cc03f2741d0c087fca98,2,1,2016-12-21,2016-12-21,1,False
dev,Q_cc3664934b6721151fde,2,1,2017-04-19,2017-04-19,1,False
dev,Q_cc4395c0d3d6cf95a50c,2,1,2017-03-01,2017-03-01,1,False
dev,Q_cc6e342976407dd1af57,2,1,2017-03-01,2017-03-01,1,False
dev,Q_cc7230a466cce3b25c8b,2,1,2016-11-02,2016-11-02,1,False
dev,Q_cc7cc237df8ab5bce097,2,1,2016-12-28,2016-12-28,1,False
dev,Q_cccd867f11f3092255be,2,1,2017-05-10,2017-05-10,1,False
dev,Q_ccee3ad295cb414d053d,2,1,2016-12-28,2016-12-28,1,False
dev,Q_cd040b74a3c55bdfe0e9,2,1,2017-01-11,2017-01-11,1,False
dev,Q_cd52c5b5604ab105a47d,2,1,2017-03-22,2017-03-22,1,False
dev,Q_cd8aaf1e7dd69211d383,2,1,2017-01-11,2017-01-11,1,False
dev,Q_cda98bf8c3508146eb6c,2,1,2017-03-15,2017-03-15,1,False
dev,Q_cdd2b1f7f372002aee26,2,1,2016-11-23,2016-11-23,1,False
dev,Q_cdd84fdd8441862f3afd,2,1,2017-02-08,2017-02-08,1,False
dev,Q_cdd95087dbcf1ce1787f,2,1,2017-01-25,2017-01-25,1,False
dev,Q_cde5b579e1df8c33b80c,2,1,2017-01-25,2017-01-25,1,False
dev,Q_ce2844148f53aa6620d4,2,1,2016-11-16,2016-11-16,1,False
dev,Q_ce292531910fe0e6f6e1,2,1,2017-01-11,2017-01-11,1,False
dev,Q_ce3c8a24395e92cb35a0,2,1,2016-12-28,2016-12-28,1,False
dev,Q_ce843d81cec509f5382d,2,1,2016-11-02,2016-11-02,1,False
dev,Q_ce9959f6f23336e5f2d1,2,1,2017-03-15,2017-03-15,1,False
dev,Q_cea029ef0df08ff60e5a,2,1,2017-04-19,2017-04-19,1,False
dev,Q_cf16d5704cf1b073e0e7,2,1,2017-01-11,2017-01-11,1,False
dev,Q_cf1ac6364306471fb542,2,1,2016-10-26,2016-10-26,1,False
dev,Q_cf2629353da021cbebbf,2,1,2017-04-19,2017-04-19,1,False
dev,Q_cf36a1d3c69cdefcaac9,2,1,2017-01-04,2017-01-04,1,False
dev,Q_cf556d1c2468d870cf2c,2,1,2017-04-19,2017-04-19,1,False
dev,Q_cf5c7e5909429484825b,2,1,2017-03-22,2017-03-22,1,False
dev,Q_cf921e4281eb0ebe2109,2,1,2016-11-16,2016-11-16,1,False
dev,Q_cfa33d61104dd1d5bf64,2,1,2016-10-05,2016-10-05,1,False
dev,Q_cfabcd7587b0e37906a2,2,1,2017-04-26,2017-04-26,1,False
dev,Q_cfeefc2d0ab48193ac78,2,1,2017-04-12,2017-04-12,1,False
dev,Q_cff251fc79aa3325bfc4,2,1,2017-04-19,2017-04-19,1,False
dev,Q_cff5fc31b70b88c35663,2,1,2016-10-05,2016-10-05,1,False
dev,Q_d005d4738edc14ee56aa,2,1,2017-04-26,2017-04-26,1,False
dev,Q_d01607c43b2232ca7aa0,2,1,2016-10-19,2016-10-19,1,False
dev,Q_d01f051bdbcbfee03f57,2,1,2017-05-03,2017-05-03,1,False
dev,Q_d021515ad7b47b86a2ce,2,1,2016-11-02,2016-11-02,1,False
dev,Q_d064e1a76e7eceb6a385,2,1,2017-02-15,2017-02-15,1,False
dev,Q_d081eb42121a46f7288f,2,1,2016-10-26,2016-10-26,1,False
dev,Q_d087805d5cbb3cad88ec,2,1,2017-03-08,2017-03-08,1,False
dev,Q_d09dd228484bc2adce10,2,1,2016-11-02,2016-11-02,1,False
dev,Q_d0a5a3a54c7c875015fc,2,1,2016-11-02,2016-11-02,1,False
dev,Q_d0a7676cf9291681ff6d,2,1,2016-11-09,2016-11-09,1,False
dev,Q_d0e7dc2891b6cb6fe349,2,1,2016-11-02,2016-11-02,1,False
dev,Q_d120b11ff05641300acb,2,1,2016-10-05,2016-10-05,1,False
dev,Q_d151a360d739894aba07,2,1,2017-03-22,2017-03-22,1,False
dev,Q_d17f23b1bf0764febdf9,2,1,2017-03-15,2017-03-15,1,False
dev,Q_d1903a85a5dac4536803,2,1,2017-05-03,2017-05-03,1,False
dev,Q_d1b276c0ebf9f17a4b20,2,1,2017-03-29,2017-03-29,1,False
dev,Q_d1c6407e5ee1f3e71832,2,1,2016-09-28,2016-09-28,1,False
dev,Q_d1c8b893b53cd703f23a,2,1,2016-10-26,2016-10-26,1,False
dev,Q_d1d1eec4834486f6a3ee,2,1,2017-01-04,2017-01-04,1,False
dev,Q_d22818b05aa3b3bd3117,2,1,2017-03-29,2017-03-29,1,False
dev,Q_d24852c81d4da746d9c5,2,1,2017-03-29,2017-03-29,1,False
dev,Q_d2524f3518bb966db409,2,1,2017-02-08,2017-02-08,1,False
dev,Q_d33df66b867b240ed6f6,2,1,2017-02-22,2017-02-22,1,False
dev,Q_d3483860521b4b07ab83,2,1,2017-05-10,2017-05-10,1,False
dev,Q_d3511c1b80a66b4c8106,2,1,2016-10-19,2016-10-19,1,False
dev,Q_d37efb3f20bfd6c3215b,2,1,2017-03-01,2017-03-01,1,False
dev,Q_d384a65ff87a9f32ffeb,2,1,2017-05-10,2017-05-10,1,False
dev,Q_d38532d82898413fddc1,2,1,2016-12-07,2016-12-07,1,False
dev,Q_d3d8611e6c90edd414db,2,1,2016-11-23,2016-11-23,1,False
dev,Q_d43e1303f36478da0536,2,1,2017-05-10,2017-05-10,1,False
dev,Q_d4667c19924b70f0af93,2,1,2017-02-15,2017-02-15,1,False
dev,Q_d4a26283cc31d1d3c6d2,2,1,2017-03-29,2017-03-29,1,False
dev,Q_d4aaadfcb4c1513eb9ee,2,1,2016-11-23,2016-11-23,1,False
dev,Q_d4af5e458a1c713ce4f2,2,1,2016-11-30,2016-11-30,1,False
dev,Q_d4c4ef038cfad9f46425,2,1,2017-03-15,2017-03-15,1,False
dev,Q_d4dec59fe1372a31ec90,2,1,2017-03-22,2017-03-22,1,False
dev,Q_d4ec29e9c0ab83e81132,2,1,2016-12-21,2016-12-21,1,False
dev,Q_d4f95ee7c735a2a540f1,2,1,2017-03-01,2017-03-01,1,False
dev,Q_d513d4697d7f83eb4217,2,1,2016-12-07,2016-12-07,1,False
dev,Q_d57ac6377d11cd5c50e0,2,1,2017-03-22,2017-03-22,1,False
dev,Q_d5a1264aa7d8ff277d80,2,1,2016-11-02,2016-11-02,1,False
dev,Q_d5b2cdbc65932dd6589d,2,1,2017-05-03,2017-05-03,1,False
dev,Q_d5cf8b507d9cefa99390,2,1,2017-02-15,2017-02-15,1,False
dev,Q_d5fef5c40af112cb8367,2,1,2017-03-22,2017-03-22,1,False
dev,Q_d60cc68fe93213f7014b,2,1,2017-02-08,2017-02-08,1,False
dev,Q_d62a4d95191c62e71215,2,1,2016-12-28,2016-12-28,1,False
dev,Q_d6816feec7992293f68e,2,1,2016-12-07,2016-12-07,1,False
dev,Q_d68d1d333b194fcb5ac2,2,1,2017-01-04,2017-01-04,1,False
dev,Q_d69e53ebea3cbca7b593,2,1,2017-05-03,2017-05-03,1,False
dev,Q_d6d19b4b11e50224d3fb,2,1,2017-04-26,2017-04-26,1,False
dev,Q_d71780bb12cb4ee27562,2,1,2017-03-15,2017-03-15,1,False
dev,Q_d727f95c9983f740d5d4,2,1,2016-09-28,2016-09-28,1,False
dev,Q_d74257fe1e5eae91547c,2,1,2017-05-03,2017-05-03,1,False
dev,Q_d744b1277db25a37959b,2,1,2017-03-08,2017-03-08,1,False
dev,Q_d7c359d7ff73457cc583,2,1,2017-03-29,2017-03-29,1,False
dev,Q_d7cdd5e4df5b5f86cc0b,2,1,2016-12-07,2016-12-07,1,False
dev,Q_d80f1aae1b63d83868ab,2,1,2016-12-21,2016-12-21,1,False
dev,Q_d87ee13c90ca49ab396c,2,1,2017-05-03,2017-05-03,1,False
dev,Q_d8b52b659884b53dbdbc,2,1,2017-01-04,2017-01-04,1,False
dev,Q_d8d9f5e107fe84b7f02c,2,1,2017-05-10,2017-05-10,1,False
dev,Q_d8e9f85dfced6e4c1c56,2,1,2016-12-21,2016-12-21,1,False
dev,Q_d8f8bc2ba4217a5e3a39,2,1,2017-05-03,2017-05-03,1,False
dev,Q_d8fc4edc8302213d3e1c,2,1,2016-11-02,2016-11-02,1,False
dev,Q_d901604618a0236301cc,2,1,2017-01-18,2017-01-18,1,False
dev,Q_d9b59338b89977a4063a,2,1,2016-10-26,2016-10-26,1,False
dev,Q_d9cdff6dab1822677792,2,1,2017-03-29,2017-03-29,1,False
dev,Q_da5371bf89af10d1c612,2,1,2016-12-28,2016-12-28,1,False
dev,Q_da5fde0518eeaeb9c43d,2,1,2016-12-14,2016-12-14,1,False
dev,Q_da6ecf4f096152bb21c4,2,1,2016-12-21,2016-12-21,1,False
dev,Q_da769cd3c1c4bef93430,2,1,2016-09-28,2016-09-28,1,False
dev,Q_dac1c2c23dd3dd6bbf3c,2,1,2017-04-19,2017-04-19,1,False
dev,Q_dac24908f340e2e2e3b4,2,1,2016-10-19,2016-10-19,1,False
dev,Q_db02cde2c880abbf9051,2,1,2017-01-11,2017-01-11,1,False
dev,Q_db1304e4af6cbfff07ce,2,1,2017-03-08,2017-03-08,1,False
dev,Q_db16cf594f51c05f0412,2,1,2016-12-14,2016-12-14,1,False
dev,Q_db50a2af26b32da834ab,2,1,2016-09-28,2016-09-28,1,False
dev,Q_db85830741f75fe12052,2,1,2016-12-28,2016-12-28,1,False
dev,Q_dbae7bc40ddc51dcec4b,2,1,2016-12-21,2016-12-21,1,False
dev,Q_dbd61b9d9231d1105f1c,2,1,2017-02-22,2017-02-22,1,False
dev,Q_dbdab65b03ca35f695aa,2,1,2016-12-14,2016-12-14,1,False
dev,Q_dbe3c86f9ab3272214a0,2,1,2017-01-04,2017-01-04,1,False
dev,Q_dc320512e645f7a97888,2,1,2017-03-29,2017-03-29,1,False
dev,Q_dc4ab919c7e71255aa4c,2,1,2016-12-14,2016-12-14,1,False
dev,Q_dc500afa23067a3e156c,2,1,2017-03-01,2017-03-01,1,False
dev,Q_dc80d4bb582392bf8189,2,1,2017-04-19,2017-04-19,1,False
dev,Q_dcc6c6fbf4ac0f1f53a5,2,1,2017-01-04,2017-01-04,1,False
dev,Q_dcf7bc267e81e958c812,2,1,2016-10-05,2016-10-05,1,False
dev,Q_dd2e424762f4c9a2345f,2,1,2017-03-29,2017-03-29,1,False
dev,Q_dd3ec5ba0ca411e19ca3,2,1,2016-10-19,2016-10-19,1,False
dev,Q_dd40611402f8a57968fc,4,1,2016-12-21,2016-12-21,2,False
dev,Q_dd4ca58e976e06137c6e,2,1,2017-04-26,2017-04-26,1,False
dev,Q_dd62f3c826702132206f,2,1,2016-11-02,2016-11-02,1,False
dev,Q_dd90f3943e8e5f8fff8a,2,1,2017-02-08,2017-02-08,1,False
dev,Q_dd9537029daa4c5c7baa,2,1,2016-12-14,2016-12-14,1,False
dev,Q_dda1efe23ea8f2b65f4b,2,1,2016-12-21,2016-12-21,1,False
dev,Q_ddb99609133f3a98522a,2,1,2017-03-29,2017-03-29,1,False
dev,Q_ddc6fcabe9c9503bb70b,2,1,2016-11-02,2016-11-02,1,False
dev,Q_de11111ced8a6e4bd4f3,2,1,2016-11-02,2016-11-02,1,False
dev,Q_de1b85d5a5ff630da1e3,2,1,2016-12-21,2016-12-21,1,False
dev,Q_df093f54a7106339b641,2,1,2017-04-26,2017-04-26,1,False
dev,Q_df6dfcb052346f2802eb,2,1,2016-12-14,2016-12-14,1,False
dev,Q_df7215782311bfce83e5,2,1,2017-01-04,2017-01-04,1,False
dev,Q_df95a078dca732641b20,2,1,2016-09-28,2016-09-28,1,False
dev,Q_df97fad4c2a901a8fe68,2,1,2016-12-21,2016-12-21,1,False
dev,Q_df9f18d12ff1821dedba,2,1,2016-10-19,2016-10-19,1,False
dev,Q_dfc41a27d504a9dd0036,2,1,2017-04-26,2017-04-26,1,False
dev,Q_dfdb67d494a864264986,2,1,2016-12-28,2016-12-28,1,False
dev,Q_dfe21ded3900ef76ae88,2,1,2017-05-03,2017-05-03,1,False
dev,Q_dfe50514918f58d0a049,2,1,2017-03-08,2017-03-08,1,False
dev,Q_dff4e1f05764853f8e05,2,1,2017-03-15,2017-03-15,1,False
dev,Q_dff7e1141b84dfb9a960,2,1,2016-12-07,2016-12-07,1,False
dev,Q_e00da21a8e2209d26ea9,2,1,2016-09-28,2016-09-28,1,False
dev,Q_e01ae03c6e55d86e6304,2,1,2016-12-28,2016-12-28,1,False
dev,Q_e04458b9b7161d5d2c38,2,1,2017-05-03,2017-05-03,1,False
dev,Q_e054b4c396ba2c1c71a5,2,1,2016-12-28,2016-12-28,1,False
dev,Q_e0a7a445788fee074c01,2,1,2016-12-28,2016-12-28,1,False
dev,Q_e0eb837919f44f8bd404,2,1,2017-04-19,2017-04-19,1,False
dev,Q_e130b2d61f5d9f845652,2,1,2016-12-14,2016-12-14,1,False
dev,Q_e142e656105178fc991a,2,1,2017-05-03,2017-05-03,1,False
dev,Q_e14ecedaba65f6620382,2,1,2017-02-15,2017-02-15,1,False
dev,Q_e172094bdd63d9e9cfb9,2,1,2017-01-04,2017-01-04,1,False
dev,Q_e1c9a787dd9930bb98f9,2,1,2016-10-26,2016-10-26,1,False
dev,Q_e1d28fdcf8b7a41fd880,2,1,2016-10-05,2016-10-05,1,False
dev,Q_e20115452e9074afd40d,2,1,2016-12-07,2016-12-07,1,False
dev,Q_e2209d4c2da0b570815d,2,1,2017-04-26,2017-04-26,1,False
dev,Q_e223523dcde5191a25ca,2,1,2016-11-23,2016-11-23,1,False
dev,Q_e23e9eb2157517fde59e,2,1,2017-04-26,2017-04-26,1,False
dev,Q_e2401995ce2466167be0,2,1,2017-05-03,2017-05-03,1,False
dev,Q_e2646ef1acbc911deb10,2,1,2016-11-02,2016-11-02,1,False
dev,Q_e293072d9f6942741c15,2,1,2016-12-28,2016-12-28,1,False
dev,Q_e2990b45963add469a84,2,1,2017-01-25,2017-01-25,1,False
dev,Q_e2a9c43ff6e8ecdb679f,2,1,2016-12-21,2016-12-21,1,False
dev,Q_e2e0cc17f002e8b99918,2,1,2017-02-08,2017-02-08,1,False
dev,Q_e2f05e45f00ca49952ec,2,1,2016-12-07,2016-12-07,1,False
dev,Q_e3343fc8e1f01f89e444,2,1,2017-04-26,2017-04-26,1,False
dev,Q_e33683e71d1e07f2cf6a,2,1,2017-05-10,2017-05-10,1,False
dev,Q_e3438062045727c6d543,2,1,2017-05-03,2017-05-03,1,False
dev,Q_e3667b59bdd2e301cef7,2,1,2017-02-15,2017-02-15,1,False
dev,Q_e3b026b41cece7b6974d,2,1,2016-12-21,2016-12-21,1,False
dev,Q_e3b3261a9c2deb05edeb,2,1,2016-09-28,2016-09-28,1,False
dev,Q_e3d70a500d8d23d4ff67,2,1,2016-11-02,2016-11-02,1,False
dev,Q_e3dfbf3cb7db356ae586,2,1,2017-04-19,2017-04-19,1,False
dev,Q_e3eb781e49af4d200265,2,1,2016-09-28,2016-09-28,1,False
dev,Q_e401d07d593839b71dba,2,1,2016-11-02,2016-11-02,1,False
dev,Q_e405910d99d454e8aa7b,2,1,2016-10-19,2016-10-19,1,False
dev,Q_e408fedc4cb7592effa5,2,1,2017-04-19,2017-04-19,1,False
dev,Q_e436a4257d01cf3e8102,2,1,2017-04-19,2017-04-19,1,False
dev,Q_e49732a666283a618b63,2,1,2017-03-29,2017-03-29,1,False
dev,Q_e4c62afc3fa19545d7b7,2,1,2017-02-22,2017-02-22,1,False
dev,Q_e4e49da50b66e729ce03,2,1,2017-03-29,2017-03-29,1,False
dev,Q_e4fda38dad305478c930,2,1,2016-09-28,2016-09-28,1,False
dev,Q_e50cf2843cac77229e87,2,1,2016-11-02,2016-11-02,1,False
dev,Q_e5301feb7c53c221891d,2,1,2016-09-28,2016-09-28,1,False
dev,Q_e5742d6f4410b56cf65a,2,1,2017-04-12,2017-04-12,1,False
dev,Q_e586e3871d4022743b70,2,1,2017-05-03,2017-05-03,1,False
dev,Q_e5bcb284af9f3adebca9,2,1,2017-05-03,2017-05-03,1,False
dev,Q_e5c1d9b59120d295c993,2,1,2016-12-21,2016-12-21,1,False
dev,Q_e5d5d412c629d69e846b,2,1,2017-01-25,2017-01-25,1,False
dev,Q_e5dde84255ed3f39debb,2,1,2016-12-07,2016-12-07,1,False
dev,Q_e5e5a15f4507bf152291,2,1,2016-11-09,2016-11-09,1,False
dev,Q_e5f31134d2e19b40d062,2,1,2016-11-23,2016-11-23,1,False
dev,Q_e6358d6df288b3b2ee66,2,1,2016-09-28,2016-09-28,1,False
dev,Q_e685b68bd60c415aba17,2,1,2017-02-15,2017-02-15,1,False
dev,Q_e692011180fde3c4f8dc,2,1,2017-01-25,2017-01-25,1,False
dev,Q_e6aeb5b5bd7810bec2ed,2,1,2017-05-03,2017-05-03,1,False
dev,Q_e6b9c1d42b55129e3437,2,1,2017-03-08,2017-03-08,1,False
dev,Q_e6bbecd967df8bb20d6e,2,1,2017-01-25,2017-01-25,1,False
dev,Q_e6eaa0bf6ba42c29428f,2,1,2017-02-15,2017-02-15,1,False
dev,Q_e6ec5feb1b1a88bf62e6,2,1,2016-10-05,2016-10-05,1,False
dev,Q_e710d405c5b4e9c09535,2,1,2017-03-15,2017-03-15,1,False
dev,Q_e72dda1e5959a3d3ac82,2,1,2016-09-28,2016-09-28,1,False
dev,Q_e7d29eccea7a9ba9a5e3,2,1,2017-02-08,2017-02-08,1,False
dev,Q_e80a2322c39735469923,2,1,2017-01-04,2017-01-04,1,False
dev,Q_e81fb7c3f7af385c11a8,2,1,2017-02-22,2017-02-22,1,False
dev,Q_e852d7dd36baf032d9c6,2,1,2017-03-01,2017-03-01,1,False
dev,Q_e87466b1e6cd85017a38,2,1,2016-12-28,2016-12-28,1,False
dev,Q_e878c8762dd46fb41076,2,1,2016-11-02,2016-11-02,1,False
dev,Q_e8e79696d899753266f4,2,1,2016-10-26,2016-10-26,1,False
dev,Q_e917a01237f04e1f5635,2,1,2017-02-08,2017-02-08,1,False
dev,Q_e92364672ae1c24febce,2,1,2017-03-01,2017-03-01,1,False
dev,Q_e95e56142896b202b716,2,1,2017-02-15,2017-02-15,1,False
dev,Q_e98146bb23385a8756ca,2,1,2016-12-28,2016-12-28,1,False
dev,Q_e993c9ad93efc8a402c5,4,1,2016-09-28,2016-09-28,2,False
dev,Q_e9b48e51ff9c2c76e448,2,1,2017-03-01,2017-03-01,1,False
dev,Q_e9bec5154cdf85da8d36,2,1,2017-05-10,2017-05-10,1,False
dev,Q_ea1f977876cda06d1b17,2,1,2017-01-04,2017-01-04,1,False
dev,Q_ea530bdfac906bd5a0cb,2,1,2016-09-28,2016-09-28,1,False
dev,Q_ea7dc2f8ea660c61fdab,2,1,2016-11-23,2016-11-23,1,False
dev,Q_ea9b7e7e1a0e760fb15f,2,1,2016-11-09,2016-11-09,1,False
dev,Q_ead88aab4d7072b1a277,2,1,2016-10-05,2016-10-05,1,False
dev,Q_eaf99e6150a3ba67d5b0,2,1,2016-12-28,2016-12-28,1,False
dev,Q_eb03cb64f48ff51726a5,2,1,2016-12-28,2016-12-28,1,False
dev,Q_eb4a2a25945b79f12046,2,1,2017-01-04,2017-01-04,1,False
dev,Q_ebaae493021de5c772f2,2,1,2016-12-07,2016-12-07,1,False
dev,Q_ebe5eff12e946be87cce,2,1,2017-02-22,2017-02-22,1,False
dev,Q_ebf03ca9f830592dfeef,2,1,2017-01-04,2017-01-04,1,False
dev,Q_ec11c1c37041de58aae2,2,1,2016-12-28,2016-12-28,1,False
dev,Q_ec194fd5548efbf0ce07,2,1,2016-11-16,2016-11-16,1,False
dev,Q_ec1c88d0f1d3586ee8b0,2,1,2017-01-04,2017-01-04,1,False
dev,Q_ec2d8940cc79b11be51e,2,1,2016-12-28,2016-12-28,1,False
dev,Q_ec37464139a47ef54c6a,2,1,2016-09-28,2016-09-28,1,False
dev,Q_ec467fd219ca6f414843,2,1,2017-04-26,2017-04-26,1,False
dev,Q_ec4abb3817c296d628db,2,1,2017-04-26,2017-04-26,1,False
dev,Q_eca275898b4bad8e78a0,2,1,2017-01-04,2017-01-04,1,False
dev,Q_ed006d152407d16cd8cc,2,1,2016-12-21,2016-12-21,1,False
dev,Q_ed2f40c650f40976a84c,2,1,2016-10-12,2016-10-12,1,False
dev,Q_ed53e674aa1fa05010d6,2,1,2017-04-19,2017-04-19,1,False
dev,Q_ee31793d8c5460533d6f,2,1,2016-11-23,2016-11-23,1,False
dev,Q_ee81f009e1546c99a495,2,1,2017-04-19,2017-04-19,1,False
dev,Q_ee9218a0b496e33c5d09,2,1,2017-03-29,2017-03-29,1,False
dev,Q_ef2637f6c244b4f68608,2,1,2017-03-01,2017-03-01,1,False
dev,Q_ef53d144b7691a5870cd,2,1,2016-09-28,2016-09-28,1,False
dev,Q_ef591122e22246859661,2,1,2016-12-07,2016-12-07,1,False
dev,Q_ef6c8b7156d87e5a9b4c,2,1,2016-10-05,2016-10-05,1,False
dev,Q_ef86a3f73e0174ebe979,2,1,2016-11-02,2016-11-02,1,False
dev,Q_eff684a8422ef4e7e66d,2,1,2016-11-02,2016-11-02,1,False
dev,Q_eff75621ce8350fd3f11,2,1,2016-12-28,2016-12-28,1,False
dev,Q_effda295a9687a912f7e,2,1,2016-09-28,2016-09-28,1,False
dev,Q_f04af2d8ad622117eb48,2,1,2017-03-22,2017-03-22,1,False
dev,Q_f08ee32cbc5c912b0d17,2,1,2016-12-07,2016-12-07,1,False
dev,Q_f0ae1d95ffa5c2435e7b,2,1,2017-02-08,2017-02-08,1,False
dev,Q_f0fb18c07e9c5780a2db,2,1,2017-03-29,2017-03-29,1,False
dev,Q_f102f1be113ebdb81913,2,1,2017-03-29,2017-03-29,1,False
dev,Q_f1064e46d5fba00dbcdd,2,1,2017-02-15,2017-02-15,1,False
dev,Q_f121826651b818938a6d,2,1,2016-09-28,2016-09-28,1,False
dev,Q_f12a5357f1ec8dee6c68,2,1,2017-03-29,2017-03-29,1,False
dev,Q_f17c39fb50cb0cb37bbc,2,1,2016-12-28,2016-12-28,1,False
dev,Q_f19e87f425d46d96bbc5,2,1,2016-10-05,2016-10-05,1,False
dev,Q_f1dd2a2983d6d2842638,2,1,2016-10-12,2016-10-12,1,False
dev,Q_f201544ec596104a789d,2,1,2017-01-04,2017-01-04,1,False
dev,Q_f2165429d18db20299d4,2,1,2017-04-19,2017-04-19,1,False
dev,Q_f28a1a0125c3ec31ede9,2,1,2016-11-23,2016-11-23,1,False
dev,Q_f2a35b47562aa379601e,2,1,2017-01-18,2017-01-18,1,False
dev,Q_f2df0cca0622c4140816,2,1,2016-12-21,2016-12-21,1,False
dev,Q_f2ffb08f65bcf90fcd2b,2,1,2017-01-04,2017-01-04,1,False
dev,Q_f3084306bb1b7f60e950,2,1,2016-10-05,2016-10-05,1,False
dev,Q_f345a6ca8ae901aaef15,2,1,2017-02-22,2017-02-22,1,False
dev,Q_f3978269461581ad7025,2,1,2017-03-01,2017-03-01,1,False
dev,Q_f39ae0bcac0c5ac5227b,2,1,2016-12-07,2016-12-07,1,False
dev,Q_f3ba4f1205f472dc4a8a,2,1,2017-02-22,2017-02-22,1,False
dev,Q_f4020b266962d188a167,2,1,2017-03-08,2017-03-08,1,False
dev,Q_f40563dbd6da49835b07,2,1,2016-10-19,2016-10-19,1,False
dev,Q_f406ea038c1c64c3e652,2,1,2016-12-21,2016-12-21,1,False
dev,Q_f41db1a9993dc262eb7d,2,1,2017-03-01,2017-03-01,1,False
dev,Q_f421ca5605ad1163d630,2,1,2017-02-22,2017-02-22,1,False
dev,Q_f474e446bd858b12199e,2,1,2016-09-28,2016-09-28,1,False
dev,Q_f489f4fcbd78a01f51d4,2,1,2017-01-04,2017-01-04,1,False
dev,Q_f4be7ff68cabcbc46d8f,2,1,2017-03-01,2017-03-01,1,False
dev,Q_f4c3f940ae9da6ce6c5b,2,1,2016-11-23,2016-11-23,1,False
dev,Q_f4c742384183cabbc203,2,1,2017-04-12,2017-04-12,1,False
dev,Q_f4d06178db78c08892f1,2,1,2017-03-29,2017-03-29,1,False
dev,Q_f4dc56a447aceb7152d2,2,1,2016-12-28,2016-12-28,1,False
dev,Q_f4dcdab1379425f873b1,2,1,2016-11-02,2016-11-02,1,False
dev,Q_f503bc3532aa14985678,2,1,2017-01-04,2017-01-04,1,False
dev,Q_f5154cd8b1a154d93a5f,2,1,2017-01-04,2017-01-04,1,False
dev,Q_f521b96366bfe84ba0df,2,1,2017-02-22,2017-02-22,1,False
dev,Q_f5369588c626cb911a82,2,1,2016-12-07,2016-12-07,1,False
dev,Q_f54de6a6f6e43be7282c,2,1,2017-01-04,2017-01-04,1,False
dev,Q_f574443d9052b50f3d6c,2,1,2016-11-02,2016-11-02,1,False
dev,Q_f5838085d3ea754d0928,2,1,2016-12-07,2016-12-07,1,False
dev,Q_f5aeaf3c5cc599a1bc9f,2,1,2017-01-04,2017-01-04,1,False
dev,Q_f6335212645f5f321dcb,2,1,2017-03-01,2017-03-01,1,False
dev,Q_f67eb6afedd1b232a046,2,1,2016-10-05,2016-10-05,1,False
dev,Q_f697294df00b1c369430,2,1,2017-03-01,2017-03-01,1,False
dev,Q_f6cd8e7090be0b3c6e90,2,1,2016-12-28,2016-12-28,1,False
dev,Q_f6f58207bfb3955a0259,2,1,2017-02-15,2017-02-15,1,False
dev,Q_f70d269e9de3ad94097a,2,1,2016-12-21,2016-12-21,1,False
dev,Q_f72f077adb8148c14cba,2,1,2017-01-04,2017-01-04,1,False
dev,Q_f73392369a7cd0cc38a8,2,1,2017-05-03,2017-05-03,1,False
dev,Q_f7b84000cfa368a003ef,2,1,2017-04-19,2017-04-19,1,False
dev,Q_f7bc129f07c43df0227c,2,1,2017-04-26,2017-04-26,1,False
dev,Q_f7e636c46b9de9e5f3ac,2,1,2016-09-28,2016-09-28,1,False
dev,Q_f80b61c6d7099aced5f7,2,1,2017-01-04,2017-01-04,1,False
dev,Q_f81f336c52a114a91c6a,2,1,2017-01-04,2017-01-04,1,False
dev,Q_f863a4ddf60de63b8ed4,2,1,2017-03-29,2017-03-29,1,False
dev,Q_f88526564764ee24a679,2,1,2017-05-10,2017-05-10,1,False
dev,Q_f89b21cb1027f944ce10,2,1,2017-02-22,2017-02-22,1,False
dev,Q_f8b70d2c1081f7b17bd4,2,1,2016-10-05,2016-10-05,1,False
dev,Q_f8c1b32cacacd74f7d83,2,1,2017-04-19,2017-04-19,1,False
dev,Q_f8ed6beeb39a8556e3f2,2,1,2016-12-21,2016-12-21,1,False
dev,Q_f8ff674d74dae92ec717,2,1,2016-09-28,2016-09-28,1,False
dev,Q_f95f79601d358b5889c0,2,1,2016-10-05,2016-10-05,1,False
dev,Q_f968c5bdd481219885ce,2,1,2016-10-12,2016-10-12,1,False
dev,Q_f9793c08755c7667932b,2,1,2016-12-28,2016-12-28,1,False
dev,Q_f982ba5147107d551aab,2,1,2017-03-22,2017-03-22,1,False
dev,Q_f9b1c59626874b9cbf8b,2,1,2016-10-05,2016-10-05,1,False
dev,Q_f9d9431a0ddea6a624a6,2,1,2016-12-07,2016-12-07,1,False
dev,Q_fa0a67e77dcc7d3eac59,2,1,2017-05-10,2017-05-10,1,False
dev,Q_fa49fa94ee06ca7cfa60,2,1,2017-03-01,2017-03-01,1,False
dev,Q_fa6bfb4a3c4f62c21421,2,1,2017-01-04,2017-01-04,1,False
dev,Q_fa73e08ee237d013eb70,2,1,2016-10-19,2016-10-19,1,False
dev,Q_fa931ef628ed12b0ebe1,2,1,2017-03-08,2017-03-08,1,False
dev,Q_fab01b58d85ea919f27f,2,1,2017-04-19,2017-04-19,1,False
dev,Q_faccdefa17fd8fba47b3,2,1,2016-11-02,2016-11-02,1,False
dev,Q_fad0a6bbce6fe53e8cf6,2,1,2016-10-26,2016-10-26,1,False
dev,Q_fafa7648eb1bdcd6d58f,2,1,2016-09-28,2016-09-28,1,False
dev,Q_fb27e62f02c80c285af2,2,1,2017-01-25,2017-01-25,1,False
dev,Q_fb40b441f2c2d68f1df2,2,1,2017-03-08,2017-03-08,1,False
dev,Q_fb63424761d4abde1746,2,1,2017-02-22,2017-02-22,1,False
dev,Q_fb6ee328d9cf33af1c4a,2,1,2016-12-28,2016-12-28,1,False
dev,Q_fb759cca6dd40ba02999,2,1,2016-11-02,2016-11-02,1,False
dev,Q_fbbc297173289d97de14,2,1,2017-03-22,2017-03-22,1,False
dev,Q_fbc250882dbf8f148732,2,1,2016-12-28,2016-12-28,1,False
dev,Q_fbc6dcb48b2382da4cfe,2,1,2017-03-22,2017-03-22,1,False
dev,Q_fbdc7f3675859fba9ab7,2,1,2017-03-15,2017-03-15,1,False
dev,Q_fbe3a71a4b2f1500a09b,2,1,2017-04-19,2017-04-19,1,False
dev,Q_fbec90f439142f57a1b2,2,1,2017-01-04,2017-01-04,1,False
dev,Q_fbff996fd4f5217654da,2,1,2017-02-08,2017-02-08,1,False
dev,Q_fc4f66aa05f76a59ed8e,2,1,2016-10-05,2016-10-05,1,False
dev,Q_fc66f102b29acfc2ce2a,2,1,2017-05-03,2017-05-03,1,False
dev,Q_fca038c6c9feeb36d41c,2,1,2016-12-28,2016-12-28,1,False
dev,Q_fcbcd7b7296c8c162630,2,1,2017-04-19,2017-04-19,1,False
dev,Q_fcbffa8bbb4f6e34e210,2,1,2016-11-02,2016-11-02,1,False
dev,Q_fcf31320bb04d9285e68,2,1,2017-05-03,2017-05-03,1,False
dev,Q_fd1160946f0063ea1135,2,1,2017-04-19,2017-04-19,1,False
dev,Q_fd3945460473d316f989,2,1,2017-04-19,2017-04-19,1,False
dev,Q_fd681fe19d01ab9e8ded,2,1,2017-01-04,2017-01-04,1,False
dev,Q_fd77ca9e2c3631442f13,2,1,2017-05-10,2017-05-10,1,False
dev,Q_fdbff202ab13ba362246,2,1,2017-02-15,2017-02-15,1,False
dev,Q_fdf3235dbc27919f0773,2,1,2016-11-23,2016-11-23,1,False
dev,Q_fe6e3efe2350def212e9,2,1,2016-11-02,2016-11-02,1,False
dev,Q_fe7a7f1b72eaa26c398f,2,1,2017-05-10,2017-05-10,1,False
dev,Q_feb633673a2ea53d153d,2,1,2016-12-28,2016-12-28,1,False
dev,Q_feff4344bad6e0ead99b,2,1,2017-03-01,2017-03-01,1,False
dev,Q_ff4790c8aab0a88f6b73,2,1,2017-03-22,2017-03-22,1,False
dev,Q_ff99d4a739381a8a5556,2,1,2016-10-05,2016-10-05,1,False
dev,Q_ffab238c47c007633bae,2,1,2016-12-28,2016-12-28,1,False
dev,Q_ffbbe54f295b8b7d2517,2,1,2017-03-15,2017-03-15,1,False
test,Q_0013553372186ca82031,2,1,2017-11-15,2017-11-15,1,False
test,Q_00195289f386bcd151f4,2,1,2017-06-14,2017-06-14,1,False
test,Q_008c1e01e90cd7db6827,2,1,2017-08-09,2017-08-09,1,False
test,Q_0091a374a7587de8309c,2,1,2017-09-06,2017-09-06,1,False
test,Q_009c9a0925315585636c,2,1,2017-08-16,2017-08-16,1,False
test,Q_00c4a4f0350e96dfb1f3,2,1,2017-05-17,2017-05-17,1,False
test,Q_00df9edfaf0e42df1e9a,2,1,2017-05-17,2017-05-17,1,False
test,Q_010d01a7d6ab982f2810,2,1,2018-01-24,2018-01-24,1,False
test,Q_0111296fb6fd490126ca,2,1,2017-09-06,2017-09-06,1,False
test,Q_01ae2c4d0224d2f29517,2,1,2017-05-17,2017-05-17,1,False
test,Q_01cf7f20b0283cde7b29,2,1,2017-08-02,2017-08-02,1,False
test,Q_0218d7d891cea325fd7c,2,1,2017-05-17,2017-05-17,1,False
test,Q_02ae1c640b6eb08842aa,2,1,2017-07-26,2017-07-26,1,False
test,Q_02c5a174dffd99d7151f,2,1,2017-06-28,2017-06-28,1,False
test,Q_02df5e2272fe85b80bba,2,1,2017-05-17,2017-05-17,1,False
test,Q_034e60d15c7c49dfa5b0,2,1,2017-07-05,2017-07-05,1,False
test,Q_038e5b48003510a9c910,2,1,2017-08-16,2017-08-16,1,False
test,Q_03fba0df3fe7d1f0fdb2,2,1,2017-05-17,2017-05-17,1,False
test,Q_045bb54aa90e8fe2f501,2,1,2017-06-14,2017-06-14,1,False
test,Q_04847d87f50cc2ff57c2,2,1,2017-07-19,2017-07-19,1,False
test,Q_04bd50c049922273d41a,2,1,2017-07-05,2017-07-05,1,False
test,Q_05031412e00ad26586b5,2,1,2018-01-10,2018-01-10,1,False
test,Q_0526bb422fc53d994891,2,1,2017-08-23,2017-08-23,1,False
test,Q_054133d0ee7ae06bae90,2,1,2017-10-11,2017-10-11,1,False
test,Q_05608832859fa6b611ce,2,1,2017-06-21,2017-06-21,1,False
test,Q_0593f825296a575090e6,2,1,2017-08-23,2017-08-23,1,False
test,Q_05a2758153c363a98813,2,1,2017-07-26,2017-07-26,1,False
test,Q_05d0a519342574666f6c,2,1,2017-06-14,2017-06-14,1,False
test,Q_05d237b4fedeb5abf9a5,2,1,2017-06-28,2017-06-28,1,False
test,Q_05ec23c54a7676ed3aec,2,1,2017-07-05,2017-07-05,1,False
test,Q_05ee2fd2a96ed7590a3c,2,1,2017-07-26,2017-07-26,1,False
test,Q_05eeeaeadee68047c315,2,1,2017-09-06,2017-09-06,1,False
test,Q_0616683aed4e88020979,2,1,2017-12-06,2017-12-06,1,False
test,Q_0669647ff12553d62cec,2,1,2017-05-17,2017-05-17,1,False
test,Q_06725c535641b6d91793,2,1,2017-06-07,2017-06-07,1,False
test,Q_068ef2b4deb4318ced84,2,1,2017-08-09,2017-08-09,1,False
test,Q_06a0e9f77624a2616c7c,2,1,2017-11-01,2017-11-01,1,False
test,Q_06bfa4b6bce285d22ef7,2,1,2017-10-25,2017-10-25,1,False
test,Q_0743ecbf894baa287ea4,2,1,2017-07-26,2017-07-26,1,False
test,Q_074762d59b9f48652372,2,1,2017-11-22,2017-11-22,1,False
test,Q_075c86b2ef088fbbb445,2,1,2017-06-21,2017-06-21,1,False
test,Q_078824c646be6b7e282a,2,1,2017-06-21,2017-06-21,1,False
test,Q_079bc6e00879d37766af,2,1,2017-06-21,2017-06-21,1,False
test,Q_07bcc320cd3cf7cacf22,2,1,2017-12-06,2017-12-06,1,False
test,Q_07c5ea72babcbb3ecc2d,2,1,2017-11-15,2017-11-15,1,False
test,Q_07e97780cd5b7e61a239,2,1,2017-05-24,2017-05-24,1,False
test,Q_080834f4360429acbd09,2,1,2018-01-31,2018-01-31,1,False
test,Q_0837e9623b53f5bece28,2,1,2017-09-27,2017-09-27,1,False
test,Q_08606ef29b9fa328bfc5,2,1,2017-11-22,2017-11-22,1,False
test,Q_08786b414f1ae5983d57,2,1,2017-07-19,2017-07-19,1,False
test,Q_088783a117c9011e1021,2,1,2017-05-17,2017-05-17,1,False
test,Q_08eadaa8fa5b0ef1e7a4,2,1,2017-11-15,2017-11-15,1,False
test,Q_094dae53a973f0ee2386,2,1,2017-10-11,2017-10-11,1,False
test,Q_0991138feb73780f1a48,2,1,2017-10-11,2017-10-11,1,False
test,Q_0998ff7b195a9d538db6,2,1,2018-01-24,2018-01-24,1,False
test,Q_09db863184ae2c2cea09,2,1,2017-05-17,2017-05-17,1,False
test,Q_09de6a750d9d3653096a,2,1,2017-09-13,2017-09-13,1,False
test,Q_0a0edf93c9d665775c51,2,1,2017-12-27,2017-12-27,1,False
test,Q_0a1fee24e4538c5cec20,2,1,2017-07-19,2017-07-19,1,False
test,Q_0a49fc8e9c99576b8153,2,1,2017-07-05,2017-07-05,1,False
test,Q_0a7632354e606984f8d9,2,1,2017-09-13,2017-09-13,1,False
test,Q_0b0f50dad7b8db73c6b6,2,1,2017-10-18,2017-10-18,1,False
test,Q_0b6081dbef7fd44da968,2,1,2017-11-22,2017-11-22,1,False
test,Q_0b6fcf0dca2d3876dd7f,2,1,2017-10-11,2017-10-11,1,False
test,Q_0b827c5e669732848704,2,1,2018-01-10,2018-01-10,1,False
test,Q_0ba82d8ba99f45b3cd05,2,1,2017-12-27,2017-12-27,1,False
test,Q_0bb1055d3940bfb642a9,2,1,2017-08-23,2017-08-23,1,False
test,Q_0bdaf120534367707f67,2,1,2017-06-21,2017-06-21,1,False
test,Q_0bed082e9e7d9f8ee6ee,2,1,2017-06-07,2017-06-07,1,False
test,Q_0bfb435ff7319ef92516,2,1,2017-09-13,2017-09-13,1,False
test,Q_0c25fa80f71dc718fb3a,2,1,2017-10-25,2017-10-25,1,False
test,Q_0c2fc2b64fc9f4237b6c,2,1,2017-07-05,2017-07-05,1,False
test,Q_0d31cc25dd03fae553d0,2,1,2017-08-16,2017-08-16,1,False
test,Q_0d435c0932d82b4599cb,2,1,2017-11-15,2017-11-15,1,False
test,Q_0d4b709b8c8cdff1938d,2,1,2017-06-07,2017-06-07,1,False
test,Q_0d568e6aa643cdeb324d,2,1,2017-11-15,2017-11-15,1,False
test,Q_0d6eea378ef503f6b8df,2,1,2017-06-28,2017-06-28,1,False
test,Q_0d757f5ae78d21060048,2,1,2017-11-29,2017-11-29,1,False
test,Q_0d8a1d7b0acf63023462,2,1,2017-06-28,2017-06-28,1,False
test,Q_0d8becb1548e2551fe76,2,1,2017-06-14,2017-06-14,1,False
test,Q_0da613c757f9d0912a98,2,1,2017-10-04,2017-10-04,1,False
test,Q_0dc009cfb508590b5137,2,1,2017-06-21,2017-06-21,1,False
test,Q_0de7de222553e4103095,2,1,2017-10-25,2017-10-25,1,False
test,Q_0dfd7302afa11b8c5e4b,2,1,2017-08-16,2017-08-16,1,False
test,Q_0dfec87afc8ad0804554,2,1,2017-05-31,2017-05-31,1,False
test,Q_0e08624b69c97ff8a94b,2,1,2017-11-01,2017-11-01,1,False
test,Q_0e40f01fcd25a2452f27,2,1,2017-09-20,2017-09-20,1,False
test,Q_0e4d72496b0d218d7f9b,2,1,2017-06-14,2017-06-14,1,False
test,Q_0e8464e3a9f75a29f7ec,2,1,2017-08-16,2017-08-16,1,False
test,Q_0ea6ec743a3d1b3cde89,2,1,2017-08-09,2017-08-09,1,False
test,Q_0ee7fddd277b5cc1a482,2,1,2017-11-22,2017-11-22,1,False
test,Q_0f35fe7d0987f06a9266,2,1,2017-07-26,2017-07-26,1,False
test,Q_0f48ab00baef05b9a03a,2,1,2017-08-30,2017-08-30,1,False
test,Q_0f6aeb9192caba203a46,2,1,2017-06-07,2017-06-07,1,False
test,Q_0f919b6ef140c3feb754,2,1,2017-11-01,2017-11-01,1,False
test,Q_0fa2cc5143746d67d7fd,2,1,2017-08-09,2017-08-09,1,False
test,Q_0faf073c0c6d9424d9b3,2,1,2017-12-27,2017-12-27,1,False
test,Q_0fc7a4fb1c50c0c2d0c4,2,1,2018-01-24,2018-01-24,1,False
test,Q_0fe24f8cc9b93f328da3,2,1,2017-08-16,2017-08-16,1,False
test,Q_10131fb7ec7a8ab8fe18,2,1,2017-10-11,2017-10-11,1,False
test,Q_101391e180974e08c795,2,1,2017-05-31,2017-05-31,1,False
test,Q_101423834efc7f7823d2,2,1,2017-08-23,2017-08-23,1,False
test,Q_10537082ec3a33708d58,2,1,2017-11-01,2017-11-01,1,False
test,Q_10743d6c2008376ed46c,2,1,2017-05-17,2017-05-17,1,False
test,Q_1076189081eb3bf92178,2,1,2017-09-20,2017-09-20,1,False
test,Q_10aff92ed27c253ad119,2,1,2017-09-13,2017-09-13,1,False
test,Q_10b437aacb9f337613b4,2,1,2017-06-14,2017-06-14,1,False
test,Q_10feb824df3668f25141,2,1,2017-05-17,2017-05-17,1,False
test,Q_1133612d92acd9e4c91f,2,1,2017-10-04,2017-10-04,1,False
test,Q_114324f3f59e88083207,2,1,2017-05-31,2017-05-31,1,False
test,Q_11836c9c96e6a9ba928f,2,1,2017-06-21,2017-06-21,1,False
test,Q_1189e14ede6e2c350c77,2,1,2017-11-01,2017-11-01,1,False
test,Q_11b16cbaf1fe98baedb0,2,1,2018-01-10,2018-01-10,1,False
test,Q_1243e828796124631088,2,1,2017-10-18,2017-10-18,1,False
test,Q_124cfa5b5dafef7acaec,2,1,2017-10-25,2017-10-25,1,False
test,Q_125917b7e017627309e2,2,1,2017-08-23,2017-08-23,1,False
test,Q_125ba18c4fb861efcbd0,2,1,2017-07-05,2017-07-05,1,False
test,Q_1279a81d3d9655836b35,2,1,2017-06-28,2017-06-28,1,False
test,Q_129e3abc06858b4c8e66,2,1,2018-01-24,2018-01-24,1,False
test,Q_1328701de46eeeb5138a,2,1,2017-05-24,2017-05-24,1,False
test,Q_132fa7dac249c190a435,2,1,2017-05-17,2017-05-17,1,False
test,Q_133d864a8f1aa243b07e,2,1,2017-11-01,2017-11-01,1,False
test,Q_1368b6cdc5f8dee947b7,2,1,2017-09-06,2017-09-06,1,False
test,Q_13a744def7443bd3bf87,2,1,2017-08-23,2017-08-23,1,False
test,Q_13f150047ce0b8f838cd,2,1,2017-08-02,2017-08-02,1,False
test,Q_13fadc7f563316a08264,2,1,2017-12-20,2017-12-20,1,False
test,Q_14069bfef6e71d153dd9,2,1,2017-10-11,2017-10-11,1,False
test,Q_145de0c5440682017e96,2,1,2017-10-11,2017-10-11,1,False
test,Q_14ac4d59827c0ff3a631,2,1,2017-07-05,2017-07-05,1,False
test,Q_14cfa11022d6434a9005,2,1,2017-06-14,2017-06-14,1,False
test,Q_14e7d2f8fa8d0b1da485,2,1,2017-06-28,2017-06-28,1,False
test,Q_14f9735e6aa4621abbcc,2,1,2017-09-13,2017-09-13,1,False
test,Q_1504d44bc32342d465cf,2,1,2017-06-28,2017-06-28,1,False
test,Q_15402787a6e7ae11f019,2,1,2017-10-04,2017-10-04,1,False
test,Q_154acd950b2de8af8873,2,1,2017-06-28,2017-06-28,1,False
test,Q_156ed17de825b4efbef0,2,1,2017-06-07,2017-06-07,1,False
test,Q_157f2812d44487ccdc79,2,1,2017-08-23,2017-08-23,1,False
test,Q_1582e1e36bbc6406f687,2,1,2017-05-17,2017-05-17,1,False
test,Q_15928f291eb278e335c7,2,1,2017-10-04,2017-10-04,1,False
test,Q_15b4043919d59727d8dd,2,1,2017-09-13,2017-09-13,1,False
test,Q_15c2daaec7005b813773,2,1,2017-05-24,2017-05-24,1,False
test,Q_15d6de1ff1c20326090a,2,1,2017-08-02,2017-08-02,1,False
test,Q_15df41551f043e5a9868,2,1,2017-11-01,2017-11-01,1,False
test,Q_161ff6083d4803fcf405,2,1,2017-11-22,2017-11-22,1,False
test,Q_1627d53ba8d0ba7340d1,2,1,2017-11-22,2017-11-22,1,False
test,Q_16334a3ca81ac73ae1e0,2,1,2017-11-29,2017-11-29,1,False
test,Q_166a48a5eed2d497b91a,2,1,2017-06-21,2017-06-21,1,False
test,Q_16fcd2ba1c6928d822ac,2,1,2017-06-07,2017-06-07,1,False
test,Q_170b0070daf93bd14fe3,2,1,2017-06-28,2017-06-28,1,False
test,Q_172284953d76c14aa302,2,1,2017-06-28,2017-06-28,1,False
test,Q_1725e1ef6afc873e842a,2,1,2017-11-22,2017-11-22,1,False
test,Q_172c3c6531210d65b5d7,2,1,2017-06-28,2017-06-28,1,False
test,Q_176cab9c52a6aa771825,2,1,2018-01-24,2018-01-24,1,False
test,Q_17918300b130bbc4707f,2,1,2017-08-16,2017-08-16,1,False
test,Q_179aa1b6783c6c92f86b,2,1,2017-08-30,2017-08-30,1,False
test,Q_17dbd48256b4bd212042,2,1,2017-12-20,2017-12-20,1,False
test,Q_180173ccdfc6c1e84aa3,2,1,2017-07-05,2017-07-05,1,False
test,Q_180f944e1f1a3befab7f,2,1,2017-10-04,2017-10-04,1,False
test,Q_1818516136768837e728,2,1,2017-07-05,2017-07-05,1,False
test,Q_18a4768da9de7dc13d0d,2,1,2017-11-01,2017-11-01,1,False
test,Q_18ace12b0a1369454272,2,1,2017-09-06,2017-09-06,1,False
test,Q_18bfc2a003c8355e32f8,2,1,2017-10-11,2017-10-11,1,False
test,Q_18c30dbf31f092bb9aef,2,1,2017-06-21,2017-06-21,1,False
test,Q_18dda6009e2703fdc1f0,2,1,2017-12-06,2017-12-06,1,False
test,Q_192b0f2aa77f0df3e0ab,2,1,2017-08-23,2017-08-23,1,False
test,Q_19651393f8c5211d5968,2,1,2017-06-14,2017-06-14,1,False
test,Q_197e8270e04d418ed2e9,2,1,2017-07-19,2017-07-19,1,False
test,Q_19b6bc48086b4610f078,2,1,2018-01-24,2018-01-24,1,False
test,Q_19f458864fd8034ffa4d,2,1,2017-08-02,2017-08-02,1,False
test,Q_1a14887d8ab6d6920c60,2,1,2017-12-27,2017-12-27,1,False
test,Q_1a382fbaf206019199ca,2,1,2017-07-26,2017-07-26,1,False
test,Q_1a69ccce8447ff5e72ef,2,1,2017-05-17,2017-05-17,1,False
test,Q_1a937a69afc6b7f7fb6f,2,1,2017-08-09,2017-08-09,1,False
test,Q_1addadff31f2ca6d870f,2,1,2017-05-31,2017-05-31,1,False
test,Q_1b02ee97f04139c12f87,2,1,2017-06-07,2017-06-07,1,False
test,Q_1b2da0c984e58657a5a5,2,1,2017-11-01,2017-11-01,1,False
test,Q_1b5a62539acff6747614,2,1,2017-08-09,2017-08-09,1,False
test,Q_1b759a5c54796b11a62e,2,1,2017-08-09,2017-08-09,1,False
test,Q_1ba325646891944e1a50,2,1,2017-12-06,2017-12-06,1,False
test,Q_1bcd1afcb3cc0406baa4,2,1,2017-07-05,2017-07-05,1,False
test,Q_1beaae4206dabc0b51a8,2,1,2017-10-11,2017-10-11,1,False
test,Q_1c4d66ba774fd9c04e54,2,1,2017-06-07,2017-06-07,1,False
test,Q_1c51454ecb9a038b7278,2,1,2017-12-27,2017-12-27,1,False
test,Q_1c6d1b545fc9f4b1bec0,2,1,2017-06-28,2017-06-28,1,False
test,Q_1c7bdcca72ef4ff8df29,2,1,2017-09-13,2017-09-13,1,False
test,Q_1c92d54f21ea961103e6,2,1,2017-09-06,2017-09-06,1,False
test,Q_1cebbb1a069e6f2ab529,2,1,2017-06-21,2017-06-21,1,False
test,Q_1d0affddcbfea5a07eec,2,1,2017-06-28,2017-06-28,1,False
test,Q_1d1812b9061d78370061,2,1,2017-09-20,2017-09-20,1,False
test,Q_1d18a2dc6648179836cf,2,1,2017-09-20,2017-09-20,1,False
test,Q_1d37e736be77e492904e,2,1,2017-09-13,2017-09-13,1,False
test,Q_1d55e4c36d4fc3bd2f70,2,1,2017-09-13,2017-09-13,1,False
test,Q_1d624283d7abb65f1d80,2,1,2017-09-20,2017-09-20,1,False
test,Q_1e02641f39d104cfb271,2,1,2017-07-26,2017-07-26,1,False
test,Q_1e32426fe5504d14db5c,2,1,2017-05-17,2017-05-17,1,False
test,Q_1e3815fe0f8aa74a414f,2,1,2017-10-04,2017-10-04,1,False
test,Q_1e69f15e08fa279d2a5b,2,1,2017-06-21,2017-06-21,1,False
test,Q_1e71d06d839f4b7b4c4e,2,1,2017-06-28,2017-06-28,1,False
test,Q_1eaddc92399bd7c63b76,2,1,2017-08-02,2017-08-02,1,False
test,Q_1eb2411b16c46dde1dbd,2,1,2017-11-22,2017-11-22,1,False
test,Q_1ececdef7444fd300f72,5,3,2017-06-07,2017-07-05,3,True
test,Q_1f001988a6afce927297,2,1,2017-06-21,2017-06-21,1,False
test,Q_1f06396377922639b85b,2,1,2017-11-15,2017-11-15,1,False
test,Q_1f068c273a0e0f3f0a3d,2,1,2017-07-26,2017-07-26,1,False
test,Q_1f182f800aca31ee2948,2,1,2017-05-31,2017-05-31,1,False
test,Q_1f55c4aa03846e8367a4,2,1,2017-06-28,2017-06-28,1,False
test,Q_1f64bdf1dfc935697b22,2,1,2018-01-24,2018-01-24,1,False
test,Q_1f96b22e0e44cd452e46,2,1,2017-11-22,2017-11-22,1,False
test,Q_1fa0cff792fa83e9cd22,2,1,2017-12-06,2017-12-06,1,False
test,Q_1fcd9d58a3c5503144ea,2,1,2018-01-24,2018-01-24,1,False
test,Q_1feb9a0abfe8678eeafb,5,3,2017-06-07,2017-07-05,3,True
test,Q_1ff80f499edea7fbfac4,2,1,2017-08-16,2017-08-16,1,False
test,Q_1ffd5a6c7de241923715,2,1,2017-10-25,2017-10-25,1,False
test,Q_1ffdb7ca47de65e0000e,2,1,2017-06-21,2017-06-21,1,False
test,Q_2002586b1fd0ff6c7c91,2,1,2017-08-23,2017-08-23,1,False
test,Q_200f8c357c5ddcf290b3,2,1,2017-06-21,2017-06-21,1,False
test,Q_2013c74007f548fd13a5,2,1,2017-11-08,2017-11-08,1,False
test,Q_201d6d08034239fb290a,2,1,2017-11-08,2017-11-08,1,False
test,Q_2027e743f8e5297a90fc,2,1,2018-01-24,2018-01-24,1,False
test,Q_2048553fcfe6495bfa34,2,1,2017-08-23,2017-08-23,1,False
test,Q_205b07c7e850ad2e11e1,2,1,2017-06-21,2017-06-21,1,False
test,Q_206976dffa36f68f0b8e,2,1,2017-11-22,2017-11-22,1,False
test,Q_20bd7f0b363e02763713,2,1,2017-08-02,2017-08-02,1,False
test,Q_20d553073e01a0fe3cd4,2,1,2017-06-14,2017-06-14,1,False
test,Q_212e1795a074a3df0465,2,1,2017-08-30,2017-08-30,1,False
test,Q_214159209c4e750d7303,2,1,2017-11-08,2017-11-08,1,False
test,Q_2183d367d7d5d9f41c94,2,1,2017-09-20,2017-09-20,1,False
test,Q_2195dfc95ecfb7de8a60,2,1,2018-01-31,2018-01-31,1,False
test,Q_21a7dd8408922875986e,2,1,2017-10-04,2017-10-04,1,False
test,Q_21b199a972bdaaa3d963,2,1,2017-05-31,2017-05-31,1,False
test,Q_21cdfdb47eee174dc058,2,1,2017-11-01,2017-11-01,1,False
test,Q_21e184b831ca26fe16c9,2,1,2017-12-27,2017-12-27,1,False
test,Q_221c6d89c63858a0114c,2,1,2017-06-21,2017-06-21,1,False
test,Q_2240a41c2bc448008536,2,1,2017-11-01,2017-11-01,1,False
test,Q_2264493e2c94bca47f1c,2,1,2017-10-25,2017-10-25,1,False
test,Q_226e33a595a164a934db,2,1,2017-12-20,2017-12-20,1,False
test,Q_2279b24515ff1bd70031,2,1,2017-05-31,2017-05-31,1,False
test,Q_2297c564609342887c5c,2,1,2017-07-05,2017-07-05,1,False
test,Q_229fc17895c215ddd4c3,2,1,2017-11-08,2017-11-08,1,False
test,Q_22a7dd73a9295b620e28,2,1,2017-10-04,2017-10-04,1,False
test,Q_22b64e4ba7de491c5243,2,1,2017-06-21,2017-06-21,1,False
test,Q_22e097cb296005f6861f,2,1,2017-11-29,2017-11-29,1,False
test,Q_2373739509587b546c8b,2,1,2017-05-24,2017-05-24,1,False
test,Q_237e3fa9f19d0ed5aa60,2,1,2017-10-11,2017-10-11,1,False
test,Q_239c2c0e54ed49be45ed,2,1,2017-05-24,2017-05-24,1,False
test,Q_23b0512c1889112644b7,2,1,2017-06-14,2017-06-14,1,False
test,Q_23bb672d32c00e11264f,2,1,2017-12-27,2017-12-27,1,False
test,Q_23e83cc38304c589ca8c,2,1,2017-08-09,2017-08-09,1,False
test,Q_23ece8ff4b9b95617b8f,2,1,2017-08-16,2017-08-16,1,False
test,Q_241cfc4c2f894f50aa1c,2,1,2017-07-05,2017-07-05,1,False
test,Q_2458217556f64b187d90,2,1,2017-10-25,2017-10-25,1,False
test,Q_2488270ca44fcc36365c,2,1,2017-10-25,2017-10-25,1,False
test,Q_24a06adfa37c62697b9f,2,1,2017-05-31,2017-05-31,1,False
test,Q_2518dc45b2eeb9f41bb5,2,1,2017-11-15,2017-11-15,1,False
test,Q_2534e3a2956a0978360a,2,1,2017-09-13,2017-09-13,1,False
test,Q_2568f341458130b41bf5,2,1,2017-06-14,2017-06-14,1,False
test,Q_25764582cd38c5b70a4e,2,1,2017-09-20,2017-09-20,1,False
test,Q_25830cc30d8f424731ef,2,1,2017-06-21,2017-06-21,1,False
test,Q_258313612ed1463f944c,2,1,2017-05-24,2017-05-24,1,False
test,Q_258be0e3eaf00c589a96,2,1,2017-11-22,2017-11-22,1,False
test,Q_260d214dfeae65599869,2,1,2017-10-04,2017-10-04,1,False
test,Q_26228f4d7f986317b6de,2,1,2017-06-28,2017-06-28,1,False
test,Q_262c181a3ceaf0c64c07,2,1,2017-08-09,2017-08-09,1,False
test,Q_26387c54beeaa710672e,2,1,2017-11-22,2017-11-22,1,False
test,Q_26915d778ebef6c577d6,2,1,2017-08-02,2017-08-02,1,False
test,Q_26ac32baf122c14f907b,2,1,2017-05-24,2017-05-24,1,False
test,Q_26d21242c0cd2a1cb165,2,1,2017-08-02,2017-08-02,1,False
test,Q_26de14b90a826642e874,2,1,2017-05-31,2017-05-31,1,False
test,Q_2716b7af3f8e2768d7f6,2,1,2017-08-02,2017-08-02,1,False
test,Q_2754b96548c4221bc88c,2,1,2017-11-15,2017-11-15,1,False
test,Q_2769ba9139fa29c44d19,2,1,2017-09-27,2017-09-27,1,False
test,Q_278d986eaa7b2c8f3400,2,1,2017-09-13,2017-09-13,1,False
test,Q_27b15e56ec3ad6740073,2,1,2017-05-24,2017-05-24,1,False
test,Q_27c0e192dc748fbae8d5,2,1,2017-11-29,2017-11-29,1,False
test,Q_27e6e862806093cd4d8d,2,1,2017-06-07,2017-06-07,1,False
test,Q_27edf63817500ffb9e5e,2,1,2017-10-11,2017-10-11,1,False
test,Q_27fc90a6d4d3a8eddb18,2,1,2017-07-19,2017-07-19,1,False
test,Q_27fe5ae9d524a1724238,2,1,2017-09-27,2017-09-27,1,False
test,Q_280ee548cce6ae1e3f5a,2,1,2017-08-23,2017-08-23,1,False
test,Q_281c53e01f8963debfc5,2,1,2017-06-28,2017-06-28,1,False
test,Q_283f0016a33a3848eef7,2,1,2017-08-23,2017-08-23,1,False
test,Q_28456c5230e63f61739c,2,1,2017-10-04,2017-10-04,1,False
test,Q_28a967a1a563166ef64f,2,1,2017-10-11,2017-10-11,1,False
test,Q_2900332143de2f6cbc9d,2,1,2017-07-05,2017-07-05,1,False
test,Q_290c0ef73bb07c58d9cf,2,1,2017-07-19,2017-07-19,1,False
test,Q_290e103b943e22c22a26,2,1,2017-11-29,2017-11-29,1,False
test,Q_29c036a8a019086ae822,2,1,2017-05-17,2017-05-17,1,False
test,Q_29c04ab2d08313677c9c,2,1,2017-08-16,2017-08-16,1,False
test,Q_29c7cab229c0a364e4b9,2,1,2017-09-13,2017-09-13,1,False
test,Q_29ca91ef1586dccc83b8,2,1,2017-09-06,2017-09-06,1,False
test,Q_29d1624a44ac17b61899,2,1,2017-06-28,2017-06-28,1,False
test,Q_29e9a9d097b5df53258a,2,1,2017-07-05,2017-07-05,1,False
test,Q_2aa3dce86aae352ab669,2,1,2017-08-02,2017-08-02,1,False
test,Q_2acb5fb2fe3f45c94205,2,1,2017-11-15,2017-11-15,1,False
test,Q_2ad43ea11426caed07c2,2,1,2017-11-15,2017-11-15,1,False
test,Q_2ae2f91d54692747fe0f,2,1,2017-07-26,2017-07-26,1,False
test,Q_2af146d4657905d71f25,2,1,2017-11-01,2017-11-01,1,False
test,Q_2afdc25f522650d6a515,2,1,2017-08-16,2017-08-16,1,False
test,Q_2b05d11a7a24858e9355,2,1,2017-11-22,2017-11-22,1,False
test,Q_2b4b0e162100a7b3cb6c,2,1,2017-10-04,2017-10-04,1,False
test,Q_2b814c926aba3ef1a45c,2,1,2017-06-21,2017-06-21,1,False
test,Q_2b8e29f3c18ba051d0dd,2,1,2017-07-19,2017-07-19,1,False
test,Q_2ba1abf11b8ffbbfc268,2,1,2017-06-21,2017-06-21,1,False
test,Q_2bcccebc7439a86a7313,2,1,2018-01-10,2018-01-10,1,False
test,Q_2c4a825dfb1a5441d1b6,2,1,2017-08-23,2017-08-23,1,False
test,Q_2c4e90c242d9f5c3be34,2,1,2017-05-24,2017-05-24,1,False
test,Q_2c55822f139127c8aac4,2,1,2017-12-13,2017-12-13,1,False
test,Q_2c8bd8826870992a656f,2,1,2017-06-28,2017-06-28,1,False
test,Q_2c8f75a72c75d95e1deb,2,1,2017-09-06,2017-09-06,1,False
test,Q_2cc5341fc5cac3097523,2,1,2018-01-03,2018-01-03,1,False
test,Q_2ccef5c93fd84dc75dd5,2,1,2017-08-30,2017-08-30,1,False
test,Q_2ce1c5df622a813461cb,2,1,2017-07-05,2017-07-05,1,False
test,Q_2ce450d9f4514374bee1,2,1,2017-06-28,2017-06-28,1,False
test,Q_2d2d0e8435e36f5f3fb6,2,1,2017-11-15,2017-11-15,1,False
test,Q_2d8b80304940e219c5fb,2,1,2017-07-26,2017-07-26,1,False
test,Q_2df2ec38a279ac210a02,2,1,2018-01-10,2018-01-10,1,False
test,Q_2e113fa3624ac96ddd6a,2,1,2017-11-01,2017-11-01,1,False
test,Q_2e3cc7e07364b672c548,2,1,2017-06-21,2017-06-21,1,False
test,Q_2e41cb87ed33826de00d,2,1,2017-08-16,2017-08-16,1,False
test,Q_2e4ffa3de000827a0587,2,1,2017-10-04,2017-10-04,1,False
test,Q_2e5b125e02b5478fa0ee,2,1,2017-09-13,2017-09-13,1,False
test,Q_2ea7ff6aeea7c32d1b58,2,1,2017-06-14,2017-06-14,1,False
test,Q_2eb614b309a15adf8493,2,1,2018-01-03,2018-01-03,1,False
test,Q_2ed7114beb35619c554d,2,1,2017-10-04,2017-10-04,1,False
test,Q_2ede78eb80ace2551dec,2,1,2017-09-20,2017-09-20,1,False
test,Q_2f30854217c30231dd97,2,1,2017-08-16,2017-08-16,1,False
test,Q_2f36cc4d6c25e85eaecf,2,1,2017-09-13,2017-09-13,1,False
test,Q_2f74b165e6f82a7836e8,2,1,2017-06-21,2017-06-21,1,False
test,Q_2f9e6662c651bf82d007,2,1,2017-07-26,2017-07-26,1,False
test,Q_2fa2d2def0559d2e8682,2,1,2018-01-10,2018-01-10,1,False
test,Q_2faa99ea9fd89c1e82f4,2,1,2017-05-31,2017-05-31,1,False
test,Q_2fb4a78b53996c571a1b,2,1,2018-01-24,2018-01-24,1,False
test,Q_2fbd04d5e4ce9106c692,2,1,2017-06-28,2017-06-28,1,False
test,Q_2fd0cad530effb100b73,2,1,2017-06-21,2017-06-21,1,False
test,Q_301826845c77ca858909,2,1,2017-06-28,2017-06-28,1,False
test,Q_3040c23129d99e72cd46,2,1,2017-08-23,2017-08-23,1,False
test,Q_3050eefedce714d98a9b,2,1,2018-01-03,2018-01-03,1,False
test,Q_30629baef98b77238dd2,2,1,2018-01-03,2018-01-03,1,False
test,Q_309754a14b901d1f2eb4,2,1,2017-11-08,2017-11-08,1,False
test,Q_30ab1dfdcca687ba02fc,2,1,2017-06-28,2017-06-28,1,False
test,Q_30ab9d581033e0a342d0,2,1,2017-08-23,2017-08-23,1,False
test,Q_30bee4cb344b32f4edd6,2,1,2017-11-01,2017-11-01,1,False
test,Q_30db54068ae559243a3c,2,1,2017-06-07,2017-06-07,1,False
test,Q_30e1bd778d087c273af4,2,1,2017-07-26,2017-07-26,1,False
test,Q_30ec57a56d38cbf4b2f0,2,1,2017-09-20,2017-09-20,1,False
test,Q_312048d72ae08982fbad,2,1,2017-10-11,2017-10-11,1,False
test,Q_31515e83f0aaf219a7d9,2,1,2017-11-01,2017-11-01,1,False
test,Q_3154a9de50f37105698e,2,1,2017-11-29,2017-11-29,1,False
test,Q_3159004568752f44b152,2,1,2017-08-02,2017-08-02,1,False
test,Q_3207235ba2f2a7cac783,2,1,2017-08-16,2017-08-16,1,False
test,Q_326fdd7d997e15e2af91,2,1,2017-05-31,2017-05-31,1,False
test,Q_32799c15067c20076379,2,1,2017-10-18,2017-10-18,1,False
test,Q_32861b07e7f362e926c1,2,1,2017-11-29,2017-11-29,1,False
test,Q_32b5eb607cf3ce90975e,2,1,2017-05-24,2017-05-24,1,False
test,Q_32f8e553ec5947533c5e,2,1,2017-08-16,2017-08-16,1,False
test,Q_32fa51a2a59ebcce0546,2,1,2017-06-28,2017-06-28,1,False
test,Q_3319c5665bd00ddc26b3,2,1,2017-10-11,2017-10-11,1,False
test,Q_3339394b011898354b7d,2,1,2017-09-06,2017-09-06,1,False
test,Q_333d31a63799f3599336,2,1,2017-11-22,2017-11-22,1,False
test,Q_336a49a8197c6bfba283,2,1,2017-07-19,2017-07-19,1,False
test,Q_33c58db4ffbac7a3541c,2,1,2017-08-16,2017-08-16,1,False
test,Q_33e21232f9e7e89f90d8,2,1,2017-10-25,2017-10-25,1,False
test,Q_33fece2ed6005472611a,2,1,2017-10-04,2017-10-04,1,False
test,Q_34153884820f7dec56ba,2,1,2017-11-15,2017-11-15,1,False
test,Q_342a6207fdf9b232dc93,2,1,2017-06-21,2017-06-21,1,False
test,Q_342a78a6d880c6a73c88,2,1,2017-11-08,2017-11-08,1,False
test,Q_348f8429fe24b3096aea,2,1,2018-01-31,2018-01-31,1,False
test,Q_3491647a271870e5c3de,2,1,2017-10-18,2017-10-18,1,False
test,Q_349168e2f7e92e9ac7a9,2,1,2017-06-07,2017-06-07,1,False
test,Q_34f01ab284069f139a6c,2,1,2017-06-21,2017-06-21,1,False
test,Q_34f3de4e769d27b820f8,2,1,2017-05-17,2017-05-17,1,False
test,Q_354a039d1f12f22917e8,2,1,2017-05-17,2017-05-17,1,False
test,Q_3569be8e6c90b86be3b4,2,1,2017-10-11,2017-10-11,1,False
test,Q_3598185075ea06926960,2,1,2017-12-20,2017-12-20,1,False
test,Q_359db08284686011a00f,2,1,2017-06-28,2017-06-28,1,False
test,Q_35a761a4aeb3702c90af,2,1,2017-07-05,2017-07-05,1,False
test,Q_35a9c33d520d860c7bc7,2,1,2017-05-17,2017-05-17,1,False
test,Q_35c220325b9d6719faca,2,1,2017-06-07,2017-06-07,1,False
test,Q_35d7b3fee8fceb9bbbd4,2,1,2017-06-28,2017-06-28,1,False
test,Q_360649cad95fbc49744c,2,1,2017-11-22,2017-11-22,1,False
test,Q_363c84552cbeb041fd2f,2,1,2017-11-15,2017-11-15,1,False
test,Q_368de8991a597378ed4f,2,1,2017-05-31,2017-05-31,1,False
test,Q_36a376815a67c50f6ab2,2,1,2017-06-28,2017-06-28,1,False
test,Q_36c4b9c7c32f88908889,2,1,2017-12-13,2017-12-13,1,False
test,Q_36d2c0d5eda95d2ca0e4,2,1,2017-08-16,2017-08-16,1,False
test,Q_372cedb1228a213833d6,2,1,2017-05-17,2017-05-17,1,False
test,Q_37c276043b50558e0150,2,1,2017-08-02,2017-08-02,1,False
test,Q_37d50ec8e50092cecc0c,2,1,2017-05-24,2017-05-24,1,False
test,Q_37db05be83f0d6050fb0,2,1,2017-10-25,2017-10-25,1,False
test,Q_37fbecc27ad951649b65,2,1,2017-08-23,2017-08-23,1,False
test,Q_380e3c76860b5ed8cd82,2,1,2017-05-24,2017-05-24,1,False
test,Q_382c4e91c44735467b10,2,1,2017-05-17,2017-05-17,1,False
test,Q_38729e9a933ef2e2641b,2,1,2017-12-27,2017-12-27,1,False
test,Q_3894dcba42d0557c0c7c,2,1,2017-09-20,2017-09-20,1,False
test,Q_38a7324b7cf01dac9ea8,2,1,2017-08-16,2017-08-16,1,False
test,Q_38efe3dba84ac8d86f60,2,1,2018-01-31,2018-01-31,1,False
test,Q_38f2b84a1faadb39512a,2,1,2017-05-24,2017-05-24,1,False
test,Q_38f46abd434fd538e57e,2,1,2017-06-14,2017-06-14,1,False
test,Q_39796d4cd67e38f65090,2,1,2017-12-06,2017-12-06,1,False
test,Q_3993540e462bbb546007,2,1,2017-09-06,2017-09-06,1,False
test,Q_39a56a2d05fd08321ad8,2,1,2017-08-02,2017-08-02,1,False
test,Q_39cf12bc8f0295103bec,2,1,2017-07-26,2017-07-26,1,False
test,Q_39fc7f2efee5342fe639,2,1,2017-07-26,2017-07-26,1,False
test,Q_3a10d7e00edf7685f0dc,2,1,2017-06-21,2017-06-21,1,False
test,Q_3a370e4e3a1f17b6aa22,2,1,2017-11-22,2017-11-22,1,False
test,Q_3a4383336b52556d6d84,2,1,2017-06-28,2017-06-28,1,False
test,Q_3a65208253ad43326dd5,2,1,2017-06-28,2017-06-28,1,False
test,Q_3a6be2cbf2ab2591a506,2,1,2018-01-03,2018-01-03,1,False
test,Q_3a8f9f045b9101c10abc,2,1,2017-05-17,2017-05-17,1,False
test,Q_3af728cef42d9baa2703,2,1,2017-06-28,2017-06-28,1,False
test,Q_3b1b77a87bcf1dc61772,2,1,2017-05-17,2017-05-17,1,False
test,Q_3b4f6b51410ea455d98f,2,1,2017-05-24,2017-05-24,1,False
test,Q_3b851cb5e6c39c75ea05,2,1,2017-10-04,2017-10-04,1,False
test,Q_3bd09e490a08e6f5fa6f,2,1,2017-08-30,2017-08-30,1,False
test,Q_3c15a1b27518827a7058,2,1,2017-06-07,2017-06-07,1,False
test,Q_3c76658da0850f0b281c,2,1,2017-06-21,2017-06-21,1,False
test,Q_3cc8b446df8116045370,2,1,2017-10-04,2017-10-04,1,False
test,Q_3cf4d53c921bd3ead094,2,1,2018-01-10,2018-01-10,1,False
test,Q_3d1074c7f841dc64bfaa,2,1,2017-11-08,2017-11-08,1,False
test,Q_3d3c1687f9c2cd843c46,2,1,2017-06-28,2017-06-28,1,False
test,Q_3d40ba80dbcb14b49457,2,1,2017-11-22,2017-11-22,1,False
test,Q_3d6a9496a74a8c87a94a,2,1,2017-11-29,2017-11-29,1,False
test,Q_3dc76affbc68937c2259,2,1,2017-08-02,2017-08-02,1,False
test,Q_3dd0c08656e4f6640b17,2,1,2017-10-04,2017-10-04,1,False
test,Q_3dd8d3195ab114d52f51,2,1,2018-01-31,2018-01-31,1,False
test,Q_3e01f6d5c9663f9c81b6,2,1,2017-08-09,2017-08-09,1,False
test,Q_3e074f53b71d7ec3d3c8,2,1,2017-08-02,2017-08-02,1,False
test,Q_3e10c08823c0b97e74fe,2,1,2018-01-03,2018-01-03,1,False
test,Q_3e5d409f8506d9a7422f,2,1,2017-07-05,2017-07-05,1,False
test,Q_3e6f40f211c8ebfc1dea,2,1,2017-06-28,2017-06-28,1,False
test,Q_3e8c3f0da49cde05f907,2,1,2017-09-27,2017-09-27,1,False
test,Q_3e8e97490d48eaa41680,2,1,2017-09-13,2017-09-13,1,False
test,Q_3eaea3b984436d0f2651,2,1,2017-10-11,2017-10-11,1,False
test,Q_3ec8f26c5e436614a24a,2,1,2017-10-04,2017-10-04,1,False
test,Q_3edee21219cee384efa8,2,1,2017-06-07,2017-06-07,1,False
test,Q_3eea858d13789fae6b4d,2,1,2017-11-01,2017-11-01,1,False
test,Q_3f106b0f54cb4b58f4f1,2,1,2017-06-14,2017-06-14,1,False
test,Q_3f40e48327d0b0c51456,2,1,2017-06-21,2017-06-21,1,False
test,Q_3fa03ae4a5990053e0d5,2,1,2017-08-02,2017-08-02,1,False
test,Q_3fafe59fd478bcf9054a,2,1,2017-08-09,2017-08-09,1,False
test,Q_3fc32935f6bd32327d55,2,1,2017-06-14,2017-06-14,1,False
test,Q_3fd13d5245bfc1e816cb,2,1,2017-08-02,2017-08-02,1,False
test,Q_4019d581c912d2f6b816,2,1,2017-11-15,2017-11-15,1,False
test,Q_403d19866da51b92ff36,2,1,2017-08-09,2017-08-09,1,False
test,Q_4059961967b2895e74cc,2,1,2017-08-16,2017-08-16,1,False
test,Q_4062337e131d656c8021,2,1,2017-12-27,2017-12-27,1,False
test,Q_406aaac83bae5b940485,2,1,2017-11-08,2017-11-08,1,False
test,Q_406c14fac72dbd95e728,2,1,2018-01-10,2018-01-10,1,False
test,Q_40a17c1359006f8c600c,2,1,2017-12-06,2017-12-06,1,False
test,Q_40a64b0e03ad2361ab5f,2,1,2017-06-07,2017-06-07,1,False
test,Q_40abfcf95f48e4936448,2,1,2017-09-06,2017-09-06,1,False
test,Q_40cea880960772698085,2,1,2017-05-31,2017-05-31,1,False
test,Q_40d2dc96c9fa8bd33dc4,2,1,2017-06-28,2017-06-28,1,False
test,Q_410f465d544de7694c1d,2,1,2017-12-06,2017-12-06,1,False
test,Q_4124c869f5abdfa7535e,2,1,2017-06-21,2017-06-21,1,False
test,Q_4135ee04c5d2d7ca01ef,2,1,2017-11-01,2017-11-01,1,False
test,Q_41688d085fcec2a5979d,2,1,2017-06-28,2017-06-28,1,False
test,Q_418d395844dffed7fdc2,2,1,2017-09-06,2017-09-06,1,False
test,Q_41b5c0ba1ce59dbdd3c5,2,1,2017-10-18,2017-10-18,1,False
test,Q_41e9133cc1d5a8861511,2,1,2017-06-21,2017-06-21,1,False
test,Q_41f622357896d21e14f9,2,1,2018-01-24,2018-01-24,1,False
test,Q_422a842b274fb9721462,2,1,2017-10-18,2017-10-18,1,False
test,Q_423351f4388d15845abe,2,1,2017-06-28,2017-06-28,1,False
test,Q_425598c44529cbd4a58a,2,1,2017-10-18,2017-10-18,1,False
test,Q_427a5edb959e4c0625aa,2,1,2017-07-26,2017-07-26,1,False
test,Q_42eaf73627ebefbc160d,2,1,2017-10-04,2017-10-04,1,False
test,Q_42f3bcc6243935325ded,2,1,2017-10-04,2017-10-04,1,False
test,Q_42ff42f1ea1589333596,2,1,2017-06-14,2017-06-14,1,False
test,Q_43187d581230c725dfc7,2,1,2017-11-15,2017-11-15,1,False
test,Q_436754d69e599dd2182a,2,1,2017-11-01,2017-11-01,1,False
test,Q_437d647cbc6b22fcc332,2,1,2017-08-16,2017-08-16,1,False
test,Q_43a0282d3ebb27596848,2,1,2017-08-16,2017-08-16,1,False
test,Q_43a9f145a83c50ed2fb0,2,1,2017-10-04,2017-10-04,1,False
test,Q_43d21602296f64efe62e,2,1,2017-10-25,2017-10-25,1,False
test,Q_4427ee064619145d10f3,2,1,2017-08-16,2017-08-16,1,False
test,Q_4438ba849926734ace29,2,1,2017-06-14,2017-06-14,1,False
test,Q_4439df6f117dd6480727,2,1,2017-05-24,2017-05-24,1,False
test,Q_4441f08c1e006ebee03d,2,1,2017-06-14,2017-06-14,1,False
test,Q_448e3c72d7e4bc8d1487,2,1,2017-05-17,2017-05-17,1,False
test,Q_448f456542d182734f70,2,1,2017-10-11,2017-10-11,1,False
test,Q_44a5539e865b55129964,2,1,2017-06-21,2017-06-21,1,False
test,Q_44e837c570f3f40e3a0d,2,1,2017-11-15,2017-11-15,1,False
test,Q_453dbbfbedd71ae05c1f,2,1,2017-08-23,2017-08-23,1,False
test,Q_455620912bcfdfee8d34,2,1,2017-05-24,2017-05-24,1,False
test,Q_455f65bd3f1c36997bda,2,1,2017-09-06,2017-09-06,1,False
test,Q_458c74e8e423f5137feb,2,1,2017-08-09,2017-08-09,1,False
test,Q_45a1de7c196f775125a9,2,1,2017-06-28,2017-06-28,1,False
test,Q_45a6b0c9ebfddf109577,2,1,2017-11-08,2017-11-08,1,False
test,Q_45d2e58d650dba792203,2,1,2017-06-28,2017-06-28,1,False
test,Q_45ee9a1f79fed896271d,2,1,2017-06-28,2017-06-28,1,False
test,Q_45f3e0feb24fa5f2ce54,2,1,2017-10-11,2017-10-11,1,False
test,Q_463e3a58abbf8f61775c,2,1,2017-08-16,2017-08-16,1,False
test,Q_466a945ac1f9f1c049c0,2,1,2017-10-11,2017-10-11,1,False
test,Q_469963545e6263d67d02,2,1,2017-06-28,2017-06-28,1,False
test,Q_46a8f7f2655f56cbc8c6,2,1,2017-11-01,2017-11-01,1,False
test,Q_46c0f1101663505cdbb9,2,1,2017-11-22,2017-11-22,1,False
test,Q_46c306723e88bdaa21d9,2,1,2017-10-04,2017-10-04,1,False
test,Q_46ed4a1605512a37b388,2,1,2017-09-13,2017-09-13,1,False
test,Q_475572bbae67b9d5d478,2,1,2017-11-29,2017-11-29,1,False
test,Q_47648f855ffe6409086b,2,1,2017-11-01,2017-11-01,1,False
test,Q_47c07f1b383a0af53f40,2,1,2017-05-31,2017-05-31,1,False
test,Q_481dca6362f3941068e2,2,1,2017-11-01,2017-11-01,1,False
test,Q_4833e782da11a125085e,2,1,2017-10-25,2017-10-25,1,False
test,Q_4845d8d89f2610775e8b,2,1,2017-06-28,2017-06-28,1,False
test,Q_485e54b6af72bcc06b9f,2,1,2017-07-26,2017-07-26,1,False
test,Q_485ecb3a92a74d788b04,2,1,2017-09-27,2017-09-27,1,False
test,Q_48a25385f77e9f41b03f,2,1,2017-06-21,2017-06-21,1,False
test,Q_48b1b1a08ef8dc9ee30b,2,1,2018-01-03,2018-01-03,1,False
test,Q_48bfe41e40b1aea523b7,2,1,2017-10-04,2017-10-04,1,False
test,Q_48ee67700d6120461345,2,1,2017-11-22,2017-11-22,1,False
test,Q_49610bd0c65191868d7a,2,1,2017-05-24,2017-05-24,1,False
test,Q_49929a67eb956108d179,2,1,2017-08-09,2017-08-09,1,False
test,Q_49c17ba91497b2c2441d,2,1,2018-01-03,2018-01-03,1,False
test,Q_4a1a86cd2719912a068b,2,1,2017-07-05,2017-07-05,1,False
test,Q_4a28b349b9be42f06a75,2,1,2017-09-06,2017-09-06,1,False
test,Q_4a69618cfd1809f9e947,2,1,2017-09-13,2017-09-13,1,False
test,Q_4a6c1c3ccb1eea447e58,2,1,2017-11-01,2017-11-01,1,False
test,Q_4a89c94df0d71fb073e9,2,1,2017-11-01,2017-11-01,1,False
test,Q_4a8d73e583102a01b32a,2,1,2017-06-21,2017-06-21,1,False
test,Q_4a95df52f46fc7ef4948,2,1,2017-07-26,2017-07-26,1,False
test,Q_4ab3ff85d28868b6e9c3,2,1,2017-08-16,2017-08-16,1,False
test,Q_4b4cf13811f71c02342c,2,1,2017-05-17,2017-05-17,1,False
test,Q_4b8ae630f9f7ca0fc41b,2,1,2017-11-08,2017-11-08,1,False
test,Q_4baa6cc8d90fbc65c202,2,1,2017-09-06,2017-09-06,1,False
test,Q_4bd00828755748d80134,2,1,2017-07-05,2017-07-05,1,False
test,Q_4c18bbeb7d7612de9526,2,1,2017-05-17,2017-05-17,1,False
test,Q_4c36d836613f30e6a383,2,1,2017-06-28,2017-06-28,1,False
test,Q_4c5b44c1ad582fe3e509,2,1,2017-05-17,2017-05-17,1,False
test,Q_4c70f70b5335ebd256ec,2,1,2017-08-09,2017-08-09,1,False
test,Q_4c9b061124078c51bf77,2,1,2017-09-13,2017-09-13,1,False
test,Q_4ca55788558c66ced097,4,3,2017-06-07,2017-07-05,3,True
test,Q_4cd6c2447e33dad73629,2,1,2017-05-17,2017-05-17,1,False
test,Q_4cf7c00133a07577c27b,2,1,2017-05-24,2017-05-24,1,False
test,Q_4cfad7cad507fb771b3b,2,1,2017-10-04,2017-10-04,1,False
test,Q_4d18e890efdc6308a915,2,1,2017-11-08,2017-11-08,1,False
test,Q_4d2fab1356c574a0bd28,2,1,2017-11-01,2017-11-01,1,False
test,Q_4d33616b4c6db0af8c54,2,1,2017-10-18,2017-10-18,1,False
test,Q_4d33c0d47c97dbc3b789,2,1,2017-11-01,2017-11-01,1,False
test,Q_4d3a904ae94e64c88897,2,1,2017-06-14,2017-06-14,1,False
test,Q_4d593eebe23d90eea9b8,2,1,2017-06-28,2017-06-28,1,False
test,Q_4d5a196cfedf342dfa8f,2,1,2017-08-16,2017-08-16,1,False
test,Q_4d9686d55a0148f01582,2,1,2017-10-25,2017-10-25,1,False
test,Q_4dba9fbdc5d8f8bb7bd4,2,1,2017-11-22,2017-11-22,1,False
test,Q_4dc03e1571f430724138,2,1,2017-07-26,2017-07-26,1,False
test,Q_4dd1edfa433e8e7d02e3,2,1,2017-10-18,2017-10-18,1,False
test,Q_4dedc742a97346823710,2,1,2017-11-22,2017-11-22,1,False
test,Q_4e1295e5c033bdc1194a,2,1,2017-06-14,2017-06-14,1,False
test,Q_4e44a95b9e0ba48100ec,2,1,2017-11-01,2017-11-01,1,False
test,Q_4e5f9699124852ae8205,2,1,2017-11-15,2017-11-15,1,False
test,Q_4e61c46de111d01b84bc,2,1,2017-11-29,2017-11-29,1,False
test,Q_4e6e5c0c307bddcc3332,2,1,2017-09-06,2017-09-06,1,False
test,Q_4e718855d2dab60e3591,2,1,2017-06-14,2017-06-14,1,False
test,Q_4e844659e028907c0f5c,2,1,2017-06-07,2017-06-07,1,False
test,Q_4e86a8bbfc5d48901dc3,2,1,2017-09-20,2017-09-20,1,False
test,Q_4ec692b5a581edf34a14,2,1,2017-09-13,2017-09-13,1,False
test,Q_4ee8cfc8a8e02f43a342,2,1,2017-08-16,2017-08-16,1,False
test,Q_4f364719d1357a508d21,2,1,2017-11-01,2017-11-01,1,False
test,Q_4f38f51059fc2c309353,2,1,2017-11-15,2017-11-15,1,False
test,Q_4f4b7f9869bf1b737cc2,2,1,2017-08-02,2017-08-02,1,False
test,Q_4f71087deb9e4af1a038,2,1,2017-05-17,2017-05-17,1,False
test,Q_4f744af27a922d4f3612,2,1,2017-08-02,2017-08-02,1,False
test,Q_4fb3aa2e9a2ac1571bbb,2,1,2018-01-24,2018-01-24,1,False
test,Q_4fc6358ae1b1d6565aed,2,1,2017-11-29,2017-11-29,1,False
test,Q_4fd64dfa269ab9427f77,2,1,2017-08-16,2017-08-16,1,False
test,Q_4fe41edd9c10d6428cf1,2,1,2017-05-17,2017-05-17,1,False
test,Q_5025d3732e37078727a2,2,1,2017-11-29,2017-11-29,1,False
test,Q_504127f93a5ceb8a3790,2,1,2017-05-17,2017-05-17,1,False
test,Q_5041e96e6d3bbdb649bc,2,1,2017-07-26,2017-07-26,1,False
test,Q_50b6151291e31e114dd8,2,1,2017-05-17,2017-05-17,1,False
test,Q_511b6de865775096a876,2,1,2018-01-10,2018-01-10,1,False
test,Q_5156bf0fad2721c0707b,2,1,2017-05-24,2017-05-24,1,False
test,Q_515b30985fc4a4584b56,2,1,2017-11-01,2017-11-01,1,False
test,Q_515f1819a928347cb4dd,3,2,2017-06-07,2017-07-05,2,True
test,Q_517595f102ae951a5f19,2,1,2017-10-04,2017-10-04,1,False
test,Q_518d03f1c62cdacd1376,2,1,2017-05-24,2017-05-24,1,False
test,Q_5211f61c7546fc220fc3,2,1,2017-11-01,2017-11-01,1,False
test,Q_521ff59034eeb1fdf8f7,2,1,2017-07-05,2017-07-05,1,False
test,Q_525b21475d52932e3fb5,2,1,2017-06-14,2017-06-14,1,False
test,Q_525eaeddaf92a5988d30,2,1,2017-10-04,2017-10-04,1,False
test,Q_527775ad4286ee42cd60,2,1,2017-08-02,2017-08-02,1,False
test,Q_52c6f88a27694ed67649,2,1,2017-06-14,2017-06-14,1,False
test,Q_52e247a2df4653298f05,2,1,2017-11-01,2017-11-01,1,False
test,Q_5349a5c3556bce034ee6,2,1,2017-08-16,2017-08-16,1,False
test,Q_53a240a2f1eb62001c53,2,1,2017-11-15,2017-11-15,1,False
test,Q_53a4799875a599d59872,2,1,2017-08-02,2017-08-02,1,False
test,Q_53ae7bcd17311fe81907,2,1,2017-12-20,2017-12-20,1,False
test,Q_53b8e9e6894845126147,2,1,2017-07-26,2017-07-26,1,False
test,Q_53bae634462188ea235d,2,1,2017-09-06,2017-09-06,1,False
test,Q_53d75f84f42e38b9a2db,2,1,2017-10-04,2017-10-04,1,False
test,Q_53df1b5e980ae853ce4a,2,1,2017-07-12,2017-07-12,1,False
test,Q_54345c61868ef2ef0b07,2,1,2017-08-23,2017-08-23,1,False
test,Q_54598e73bdf4404f2822,2,1,2017-09-13,2017-09-13,1,False
test,Q_546e815a459aa545ab28,2,1,2017-11-22,2017-11-22,1,False
test,Q_547c1926e6dc7dd917ea,2,1,2017-08-16,2017-08-16,1,False
test,Q_54b9d17b1c8f3861f503,2,1,2017-12-20,2017-12-20,1,False
test,Q_54d7a422baa7d938c151,2,1,2018-01-10,2018-01-10,1,False
test,Q_553d443988aef777a7db,2,1,2017-05-24,2017-05-24,1,False
test,Q_55495ae5850203744453,2,1,2017-09-06,2017-09-06,1,False
test,Q_5556128333b7053c5c6f,2,1,2018-01-03,2018-01-03,1,False
test,Q_5584190821c0e0c263bb,2,1,2017-12-13,2017-12-13,1,False
test,Q_55c1e2ae5e6389aa07be,2,1,2017-07-12,2017-07-12,1,False
test,Q_55c6523c1e0f1ae2d246,2,1,2017-05-31,2017-05-31,1,False
test,Q_55da6436bd1355e4fd94,2,1,2017-09-20,2017-09-20,1,False
test,Q_55f6e865ad817e81a37f,2,1,2017-11-08,2017-11-08,1,False
test,Q_560d111ef49fd24b0346,2,1,2017-05-17,2017-05-17,1,False
test,Q_562e5dc6585c49b8dae8,2,1,2017-05-17,2017-05-17,1,False
test,Q_56368854ef1c8f4b508d,2,1,2017-06-28,2017-06-28,1,False
test,Q_5670d877233dcae2dbc6,2,1,2017-10-25,2017-10-25,1,False
test,Q_5681c6e670b81c8f6389,2,1,2017-05-17,2017-05-17,1,False
test,Q_56c661753d5f8d17903c,2,1,2017-08-16,2017-08-16,1,False
test,Q_5705a3f4d0b209b4da37,2,1,2017-10-04,2017-10-04,1,False
test,Q_57168251cc4101689767,2,1,2017-06-21,2017-06-21,1,False
test,Q_573f8b299e47f78ddccd,2,1,2017-09-06,2017-09-06,1,False
test,Q_574888f9ee209b1d824a,2,1,2018-01-24,2018-01-24,1,False
test,Q_57493dba81bce73da21d,2,1,2017-06-21,2017-06-21,1,False
test,Q_57843b05ddb8cb20aaff,2,1,2017-05-17,2017-05-17,1,False
test,Q_57a0181f97886896dd51,2,1,2017-11-01,2017-11-01,1,False
test,Q_57a0583eb96b4995b401,2,1,2017-11-01,2017-11-01,1,False
test,Q_57d6fd04aa241d04da12,2,1,2017-11-29,2017-11-29,1,False
test,Q_57e7c6388ba2fb7ae1b0,2,1,2017-06-21,2017-06-21,1,False
test,Q_57f450b3ffecc854ebdc,2,1,2017-11-15,2017-11-15,1,False
test,Q_5800ba7eff62e6206f66,2,1,2017-05-17,2017-05-17,1,False
test,Q_5804fbf40c671c25b592,2,1,2017-11-01,2017-11-01,1,False
test,Q_58466407659aafd66ce3,2,1,2017-10-11,2017-10-11,1,False
test,Q_5849ca862378149b0777,2,1,2017-10-25,2017-10-25,1,False
test,Q_587d315e8608c6d020c8,2,1,2017-06-14,2017-06-14,1,False
test,Q_589daeebb0d6bed74b9e,2,1,2017-10-04,2017-10-04,1,False
test,Q_58e3d24d7bba19ec8dd5,2,1,2017-08-02,2017-08-02,1,False
test,Q_58fe03a6a00af6696755,2,1,2017-06-28,2017-06-28,1,False
test,Q_595cc5158f3a7a958b6d,2,1,2017-11-29,2017-11-29,1,False
test,Q_595d42bb456caa6119dc,2,1,2017-10-18,2017-10-18,1,False
test,Q_5971d68a38291385719d,2,1,2017-05-17,2017-05-17,1,False
test,Q_59d878fc8dd84f6c3e2f,2,1,2017-06-21,2017-06-21,1,False
test,Q_59eefd3cc49755b5789b,2,1,2017-07-19,2017-07-19,1,False
test,Q_59efb5c11859e506a180,2,1,2017-08-23,2017-08-23,1,False
test,Q_59fbd6d8da6f2116cabd,2,1,2017-06-14,2017-06-14,1,False
test,Q_5a140b031705b595ac8c,2,1,2017-06-28,2017-06-28,1,False
test,Q_5a344757536447becf2e,2,1,2017-08-02,2017-08-02,1,False
test,Q_5a3c23f3eabc11aeb7e7,2,1,2017-05-17,2017-05-17,1,False
test,Q_5a43f6061baf2d7a1b18,4,2,2017-06-14,2017-07-05,2,True
test,Q_5a87a9b07986592b6caa,2,1,2017-11-29,2017-11-29,1,False
test,Q_5a96dff87cd219f1c6b5,2,1,2017-09-27,2017-09-27,1,False
test,Q_5aeb5805e404eb7070dd,2,1,2017-12-27,2017-12-27,1,False
test,Q_5af0c75cb912301a0969,2,1,2017-08-02,2017-08-02,1,False
test,Q_5b1a0fe7746df8619ce6,2,1,2017-09-20,2017-09-20,1,False
test,Q_5b2133537ff25cdbf892,2,1,2017-05-24,2017-05-24,1,False
test,Q_5b597df0fa8bab0077c1,2,1,2017-10-18,2017-10-18,1,False
test,Q_5b6abdaa429b9517c49d,2,1,2017-05-24,2017-05-24,1,False
test,Q_5b707ddaad7f1ea05648,2,1,2017-05-31,2017-05-31,1,False
test,Q_5b9a5fd92310cef2498d,2,1,2017-11-22,2017-11-22,1,False
test,Q_5bc93430cf61965c5416,2,1,2017-11-29,2017-11-29,1,False
test,Q_5c14229cd9699f7b49d5,2,1,2017-10-04,2017-10-04,1,False
test,Q_5c1fb45ca7a91e326db1,2,1,2017-09-06,2017-09-06,1,False
test,Q_5c262dfdfe5fb6a53730,2,1,2018-01-24,2018-01-24,1,False
test,Q_5c51653483e402081a74,2,1,2017-10-04,2017-10-04,1,False
test,Q_5c56b2cd5975e777b423,2,1,2017-06-28,2017-06-28,1,False
test,Q_5c6911eac561824b06fa,2,1,2017-10-04,2017-10-04,1,False
test,Q_5c6d48e725dc547f4520,2,1,2017-08-23,2017-08-23,1,False
test,Q_5c6fe2227bbadb1a0e1b,2,1,2017-05-31,2017-05-31,1,False
test,Q_5c826cf48412bb4e560e,2,1,2017-05-31,2017-05-31,1,False
test,Q_5c8afb2759b57de5d807,2,1,2017-06-07,2017-06-07,1,False
test,Q_5cebd05f6285cb8560ec,2,1,2017-11-22,2017-11-22,1,False
test,Q_5d07ec70a3e8e1a75fe4,2,1,2017-10-04,2017-10-04,1,False
test,Q_5d471c762dc440f646d6,2,1,2017-08-09,2017-08-09,1,False
test,Q_5d56bbf6cc5187148627,2,1,2017-10-18,2017-10-18,1,False
test,Q_5d5cf4c5af8b067d5de0,2,1,2017-05-31,2017-05-31,1,False
test,Q_5d910cbdab6929f3308b,2,1,2017-11-22,2017-11-22,1,False
test,Q_5d940aea463e4315bea7,2,1,2017-06-28,2017-06-28,1,False
test,Q_5daa7e6c0681dc27fa89,2,1,2017-10-04,2017-10-04,1,False
test,Q_5de9aa7ff9ee65f09e3a,2,1,2018-01-03,2018-01-03,1,False
test,Q_5e230e9a13d9228c6f51,2,1,2017-08-23,2017-08-23,1,False
test,Q_5e407bec68278b488435,2,1,2017-12-06,2017-12-06,1,False
test,Q_5e44ff2b8b47b453257b,2,1,2017-06-14,2017-06-14,1,False
test,Q_5e54efcd84ec425f7ac6,2,1,2017-05-17,2017-05-17,1,False
test,Q_5e6c2a951be83a525f3e,2,1,2017-08-23,2017-08-23,1,False
test,Q_5e6caedc7af97ce1f7d3,2,1,2017-09-20,2017-09-20,1,False
test,Q_5e7a06da53008bee53f1,2,1,2017-07-26,2017-07-26,1,False
test,Q_5e808aebeb76ca906f62,2,1,2017-06-14,2017-06-14,1,False
test,Q_5e80e6464a98457dcb85,2,1,2017-05-31,2017-05-31,1,False
test,Q_5e8c476239482799e77e,2,1,2017-08-02,2017-08-02,1,False
test,Q_5e8ecd99d065da197937,2,1,2017-08-09,2017-08-09,1,False
test,Q_5e940348fa674a177ca2,2,1,2017-08-02,2017-08-02,1,False
test,Q_5eaf0c0dcf4fe1a63ee6,2,1,2017-11-22,2017-11-22,1,False
test,Q_5eb59c85ed542f101c6d,2,1,2017-09-06,2017-09-06,1,False
test,Q_5ed68343235c10d25e36,2,1,2017-10-04,2017-10-04,1,False
test,Q_5f047f402abe7fbb3592,2,1,2017-05-24,2017-05-24,1,False
test,Q_5f0e659410a4483e4acb,2,1,2017-11-22,2017-11-22,1,False
test,Q_5f34f7e014f3fee4204f,2,1,2017-07-26,2017-07-26,1,False
test,Q_5f399804780ad7564770,2,1,2017-11-15,2017-11-15,1,False
test,Q_5f4fa99c83a4a34caf98,2,1,2017-11-01,2017-11-01,1,False
test,Q_5f601bb54211c7de745b,2,1,2017-06-07,2017-06-07,1,False
test,Q_5f62978bc4627a1f4dc4,2,1,2017-11-22,2017-11-22,1,False
test,Q_5f6315f21590aa4f3e63,2,1,2017-12-20,2017-12-20,1,False
test,Q_5f6a716751b4c33f073e,2,1,2017-05-17,2017-05-17,1,False
test,Q_5f79a1c6963ca7df84c6,2,1,2017-11-01,2017-11-01,1,False
test,Q_5f81dfbbe2a0f96339ae,2,1,2017-08-30,2017-08-30,1,False
test,Q_5fa16334ed4783b75851,2,1,2017-11-15,2017-11-15,1,False
test,Q_5fbbf66fab52627685a6,2,1,2017-12-27,2017-12-27,1,False
test,Q_5fd96e2b74fa6ce4f4e7,2,1,2018-01-10,2018-01-10,1,False
test,Q_5ff5407d8fcd9fdbaac5,2,1,2017-11-22,2017-11-22,1,False
test,Q_602f9b9004d795ba5ccd,2,1,2017-06-14,2017-06-14,1,False
test,Q_6037dccb6f46de8c9ae1,2,1,2017-08-02,2017-08-02,1,False
test,Q_608f907295eb165c53b5,2,1,2017-07-19,2017-07-19,1,False
test,Q_60954ee3ee892d17d50b,2,1,2017-10-18,2017-10-18,1,False
test,Q_60a6888cf3eb9f95f8e5,2,1,2017-10-04,2017-10-04,1,False
test,Q_60d0ca6149640d44b746,2,1,2018-01-03,2018-01-03,1,False
test,Q_60e21c30b5159f2a5fd6,2,1,2017-11-22,2017-11-22,1,False
test,Q_610123c9e2eb51d69fea,2,1,2018-01-03,2018-01-03,1,False
test,Q_6134611451f73f32daff,2,1,2017-05-17,2017-05-17,1,False
test,Q_61426cc47040c2310bbc,2,1,2017-05-31,2017-05-31,1,False
test,Q_614ff0a337646b8f024b,2,1,2017-10-11,2017-10-11,1,False
test,Q_6163b5e8cfd957810e18,2,1,2017-10-04,2017-10-04,1,False
test,Q_616d2642459cb484d696,2,1,2017-09-06,2017-09-06,1,False
test,Q_619ec5109f98129b84b5,2,1,2017-08-30,2017-08-30,1,False
test,Q_61c9cf83e43157ce67cb,2,1,2017-08-02,2017-08-02,1,False
test,Q_61d65821994fca974656,2,1,2017-06-14,2017-06-14,1,False
test,Q_61f7f2c13b2056cdfdaf,2,1,2017-09-06,2017-09-06,1,False
test,Q_62143cbd41e4100f1bcd,2,1,2017-11-22,2017-11-22,1,False
test,Q_621f842b62ad678d9fcd,2,1,2017-11-08,2017-11-08,1,False
test,Q_62245b173f7038c6b546,2,1,2017-09-13,2017-09-13,1,False
test,Q_6294765a54093ca524c1,2,1,2017-08-09,2017-08-09,1,False
test,Q_6296a29156e65c74656b,2,1,2017-11-01,2017-11-01,1,False
test,Q_62a4b7f293a5956969c6,2,1,2017-07-26,2017-07-26,1,False
test,Q_62a7827aace0f7097913,2,1,2017-11-15,2017-11-15,1,False
test,Q_62e78654be06aad5317d,2,1,2017-06-21,2017-06-21,1,False
test,Q_6313e504af8eb2e8bd54,2,1,2017-11-22,2017-11-22,1,False
test,Q_631b1e63c860cb2be2ec,2,1,2018-01-31,2018-01-31,1,False
test,Q_632112b0a662a278bc82,2,1,2017-07-05,2017-07-05,1,False
test,Q_632aa172a90a245ca8fc,2,1,2017-08-02,2017-08-02,1,False
test,Q_632f5a6518faf6187091,2,1,2017-10-11,2017-10-11,1,False
test,Q_63557a625068e3b6c041,2,1,2017-12-20,2017-12-20,1,False
test,Q_637ee8ee6a7a9fac9e06,2,1,2017-08-23,2017-08-23,1,False
test,Q_638c18930e5111aaf58f,2,1,2017-06-21,2017-06-21,1,False
test,Q_639e22be81bb08cd8721,2,1,2017-12-20,2017-12-20,1,False
test,Q_63e8e6538cf7fc343e23,2,1,2017-05-31,2017-05-31,1,False
test,Q_63fb4ce204ca823967cd,2,1,2017-11-22,2017-11-22,1,False
test,Q_6407f083ea50394dddc5,2,1,2017-08-30,2017-08-30,1,False
test,Q_640a80e3036db10529ea,3,2,2017-06-07,2017-07-05,2,True
test,Q_64155f3b5ded8e834803,2,1,2017-07-05,2017-07-05,1,False
test,Q_6422dbcdf90b06a02691,2,1,2017-06-21,2017-06-21,1,False
test,Q_644b6933a55764648a26,2,1,2017-10-11,2017-10-11,1,False
test,Q_645656207481848b9061,2,1,2017-08-09,2017-08-09,1,False
test,Q_64cc5b5e9e31be8fd31e,2,1,2017-09-06,2017-09-06,1,False
test,Q_64eb719bb23974cc4bce,2,1,2017-08-16,2017-08-16,1,False
test,Q_6512819993e4279a3c4e,2,1,2017-06-14,2017-06-14,1,False
test,Q_6559f56431f5d46e1485,2,1,2017-08-09,2017-08-09,1,False
test,Q_658bd071961bc501b23d,2,1,2017-05-31,2017-05-31,1,False
test,Q_659be78e3a045359b766,2,1,2018-01-24,2018-01-24,1,False
test,Q_65dd05c58268f672ee1a,2,1,2017-11-01,2017-11-01,1,False
test,Q_662f3bf4eca11658c287,2,1,2017-05-17,2017-05-17,1,False
test,Q_6633eceaf8730ead540d,2,1,2017-10-11,2017-10-11,1,False
test,Q_663be68d0293f0f5e791,2,1,2017-12-20,2017-12-20,1,False
test,Q_6660ac9616531f70040d,2,1,2018-01-03,2018-01-03,1,False
test,Q_6674ae954ad67a7992b8,2,1,2017-06-14,2017-06-14,1,False
test,Q_6674d28c4ac86f78ca74,2,1,2017-11-01,2017-11-01,1,False
test,Q_66b1b95797ab1f3faf4f,2,1,2017-06-14,2017-06-14,1,False
test,Q_66c10da4913bb664d855,2,1,2017-11-22,2017-11-22,1,False
test,Q_66c3e049baf476014bd0,2,1,2018-01-03,2018-01-03,1,False
test,Q_66cdd3d4b8fdccb3b8dd,2,1,2017-08-09,2017-08-09,1,False
test,Q_66dc461a71a5f8ca0878,2,1,2017-06-21,2017-06-21,1,False
test,Q_6705b242e4cabb17e299,2,1,2017-06-07,2017-06-07,1,False
test,Q_67a4a51cedcb849361b9,2,1,2017-08-23,2017-08-23,1,False
test,Q_67a885c88d1554fb387a,2,1,2017-06-21,2017-06-21,1,False
test,Q_67ae5e1f2cb440f3b1e7,2,1,2017-08-30,2017-08-30,1,False
test,Q_67c3024bf00ac966994c,2,1,2017-08-16,2017-08-16,1,False
test,Q_67e75d808f912a8c4642,2,1,2017-06-28,2017-06-28,1,False
test,Q_6800c14d53707030918a,2,1,2017-05-17,2017-05-17,1,False
test,Q_68033900f1548d7524fb,2,1,2017-06-28,2017-06-28,1,False
test,Q_6888e4294b4efe505b10,2,1,2018-01-03,2018-01-03,1,False
test,Q_688dff99938ae8c5ce63,2,1,2017-06-28,2017-06-28,1,False
test,Q_689cbe177787d243c258,2,1,2017-06-28,2017-06-28,1,False
test,Q_68a5b54508c77d030011,2,1,2017-06-28,2017-06-28,1,False
test,Q_68d54dd0e5328f2e0a1f,2,1,2017-11-22,2017-11-22,1,False
test,Q_6924355c2a4d542dffe5,2,1,2017-05-24,2017-05-24,1,False
test,Q_692ac9b49432549c9246,2,1,2017-06-21,2017-06-21,1,False
test,Q_6970ffb13928e9b8b89a,2,1,2018-01-03,2018-01-03,1,False
test,Q_6984c822c51d2b32e9b2,2,1,2017-05-17,2017-05-17,1,False
test,Q_6a1551ba904528b7d0d9,2,1,2017-06-21,2017-06-21,1,False
test,Q_6ae9b9648a9a9ffce596,2,1,2017-11-22,2017-11-22,1,False
test,Q_6b7d11349d6998608ef2,2,1,2017-11-22,2017-11-22,1,False
test,Q_6ba461e816363c26ba76,2,1,2017-08-30,2017-08-30,1,False
test,Q_6ba7424c4474ffaa2d99,2,1,2017-06-28,2017-06-28,1,False
test,Q_6bd1800858deb88c20ad,2,1,2017-09-13,2017-09-13,1,False
test,Q_6c283300ce78d13d7b01,2,1,2017-06-14,2017-06-14,1,False
test,Q_6c3efe253702ac784f11,2,1,2017-06-21,2017-06-21,1,False
test,Q_6c63a8d92eb0f81c0b78,2,1,2017-09-27,2017-09-27,1,False
test,Q_6cd357ec1d51524880e1,2,1,2017-07-05,2017-07-05,1,False
test,Q_6cf7af420be97063b375,2,1,2018-01-31,2018-01-31,1,False
test,Q_6d04a8af1a84b9bc3f43,2,1,2017-10-18,2017-10-18,1,False
test,Q_6d16bf1525ccc2c85e8b,2,1,2017-11-29,2017-11-29,1,False
test,Q_6d1e00e38a28b28840c9,2,1,2017-10-04,2017-10-04,1,False
test,Q_6d20a5b2ceee16ce22c8,2,1,2017-08-23,2017-08-23,1,False
test,Q_6d70f7b367bec7a94689,2,1,2017-06-14,2017-06-14,1,False
test,Q_6d989644187d93340367,2,1,2017-08-23,2017-08-23,1,False
test,Q_6db080e94822ada3f859,2,1,2017-06-07,2017-06-07,1,False
test,Q_6dc958f1b1ec74a0a9c5,2,1,2018-01-24,2018-01-24,1,False
test,Q_6deb381d49bb0b83bbd0,2,1,2018-01-31,2018-01-31,1,False
test,Q_6df0f5543054d97afa0b,2,1,2017-05-31,2017-05-31,1,False
test,Q_6e26049ffb3ca65009fc,2,1,2017-11-22,2017-11-22,1,False
test,Q_6e44d0640e6b40b3c993,2,1,2017-10-04,2017-10-04,1,False
test,Q_6e492f718d20439948a7,2,1,2017-06-07,2017-06-07,1,False
test,Q_6e6de474b17ea68d0ce4,2,1,2017-12-27,2017-12-27,1,False
test,Q_6e8a47c3fc55e5136f9d,2,1,2017-11-29,2017-11-29,1,False
test,Q_6e8c036b71f1fe4b5483,2,1,2018-01-10,2018-01-10,1,False
test,Q_6ee776a1ec2e59e9ae63,2,1,2017-05-24,2017-05-24,1,False
test,Q_6ef11852995e95c44458,2,1,2017-05-17,2017-05-17,1,False
test,Q_6f2ac4e665ad781bbd9c,2,1,2017-11-08,2017-11-08,1,False
test,Q_6f5ed14e30261458527d,2,1,2017-06-21,2017-06-21,1,False
test,Q_6fd92885022a7d7f71a4,2,1,2017-07-19,2017-07-19,1,False
test,Q_6fedcca121abb5e6d475,2,1,2017-10-11,2017-10-11,1,False
test,Q_6fedd8971eda08215ed9,2,1,2017-05-17,2017-05-17,1,False
test,Q_7023e7bf30ddb00ce4c2,2,1,2017-10-04,2017-10-04,1,False
test,Q_703e6cf027b148bd272f,2,1,2017-05-17,2017-05-17,1,False
test,Q_70475836a22ae0b64dca,2,1,2017-08-16,2017-08-16,1,False
test,Q_7053ddcd26bd73b0ee68,2,1,2017-10-11,2017-10-11,1,False
test,Q_705a76680c0b4962c48e,2,1,2017-07-05,2017-07-05,1,False
test,Q_708b871c9f19c64c3d0d,2,1,2017-11-22,2017-11-22,1,False
test,Q_70aa0b831a85b4cac277,2,1,2017-10-11,2017-10-11,1,False
test,Q_70b64a387b82bf7cb1bb,2,1,2017-05-31,2017-05-31,1,False
test,Q_70b9cca5768b64889b2a,2,1,2017-10-04,2017-10-04,1,False
test,Q_70c090603322d4e61eb6,2,1,2017-06-14,2017-06-14,1,False
test,Q_70cc365208225725acd4,2,1,2017-08-16,2017-08-16,1,False
test,Q_70db3a6c0cb254dfae16,2,1,2017-06-14,2017-06-14,1,False
test,Q_7135a0af3e808432d9ba,2,1,2017-12-27,2017-12-27,1,False
test,Q_713f6309e79f92c412e7,2,1,2017-08-02,2017-08-02,1,False
test,Q_7178402beda3bd7439f2,2,1,2017-09-06,2017-09-06,1,False
test,Q_719f5a467f6fb4313ae4,2,1,2017-07-26,2017-07-26,1,False
test,Q_71c21d4c5d66f924f5c8,2,1,2017-09-13,2017-09-13,1,False
test,Q_71d27e1217a0cfc72527,2,1,2017-09-13,2017-09-13,1,False
test,Q_71f30ab4cf0f56b37e59,2,1,2017-10-11,2017-10-11,1,False
test,Q_721695d1e052674b166d,2,1,2017-10-04,2017-10-04,1,False
test,Q_725d270576b20129d08f,2,1,2017-05-17,2017-05-17,1,False
test,Q_729b70b026a15b86fcbf,2,1,2017-06-28,2017-06-28,1,False
test,Q_72ed351707863a9a0687,2,1,2017-05-17,2017-05-17,1,False
test,Q_72f5e5f00b5ea3da6707,2,1,2017-08-02,2017-08-02,1,False
test,Q_7337856e974366277f9e,2,1,2017-11-29,2017-11-29,1,False
test,Q_735070ea667909585f4d,2,1,2017-06-28,2017-06-28,1,False
test,Q_7376120dae7b80d803c7,2,1,2017-09-20,2017-09-20,1,False
test,Q_7376fd939878c924519c,2,1,2017-06-28,2017-06-28,1,False
test,Q_737cdc81f9966a015f9d,2,1,2017-05-24,2017-05-24,1,False
test,Q_73969590ff9f975670b3,2,1,2017-05-31,2017-05-31,1,False
test,Q_73b2dab7eeb31d960c36,2,1,2017-07-05,2017-07-05,1,False
test,Q_743a89120369f7cc42d0,2,1,2017-06-28,2017-06-28,1,False
test,Q_743dfed753f911a77ec0,2,1,2017-08-16,2017-08-16,1,False
test,Q_743eab2c7ee703f51c3d,2,1,2017-10-04,2017-10-04,1,False
test,Q_746e646973b1bad48c09,2,1,2017-11-29,2017-11-29,1,False
test,Q_747c9a525bf4c57e63dc,2,1,2017-09-06,2017-09-06,1,False
test,Q_74a8f3419c73df05b8c2,2,1,2018-01-17,2018-01-17,1,False
test,Q_74a91ae8b71e6fa8e200,2,1,2017-07-26,2017-07-26,1,False
test,Q_74cd24d63530fef9c823,2,1,2017-12-06,2017-12-06,1,False
test,Q_74e2eb2988a67b26da73,2,1,2017-05-17,2017-05-17,1,False
test,Q_750084201ea755c50324,2,1,2017-07-05,2017-07-05,1,False
test,Q_751c3dc1f2a57497d09f,2,1,2017-09-06,2017-09-06,1,False
test,Q_752e72457564fa0089b6,2,1,2017-07-26,2017-07-26,1,False
test,Q_75362838b587642656dc,2,1,2017-11-29,2017-11-29,1,False
test,Q_753f437c3dbd440c5827,2,1,2017-06-07,2017-06-07,1,False
test,Q_754ddd99627a0aa9e751,2,1,2017-06-28,2017-06-28,1,False
test,Q_756536294b36532eea7f,2,1,2017-09-20,2017-09-20,1,False
test,Q_75e077d399322c8ce36f,2,1,2017-05-17,2017-05-17,1,False
test,Q_75e46b07dd5f5212d6d1,2,1,2017-09-06,2017-09-06,1,False
test,Q_76a5bb19736e116b07ef,2,1,2017-06-28,2017-06-28,1,False
test,Q_76b03c641d86e6771c13,2,1,2017-12-27,2017-12-27,1,False
test,Q_76cfe08ef569d5dac6c1,2,1,2017-09-20,2017-09-20,1,False
test,Q_7734aa428a79c6737238,2,1,2017-09-27,2017-09-27,1,False
test,Q_77e70df5e1625b46cb83,2,1,2018-01-24,2018-01-24,1,False
test,Q_77fd8c9a921887ff9677,2,1,2017-10-25,2017-10-25,1,False
test,Q_78a948d75ad6003c6701,2,1,2017-10-25,2017-10-25,1,False
test,Q_78b20024a01c874e5516,2,1,2017-09-27,2017-09-27,1,False
test,Q_78ca6f989021502980db,2,1,2017-11-22,2017-11-22,1,False
test,Q_78e1e5f6c969e92a431e,2,1,2017-05-24,2017-05-24,1,False
test,Q_798872275eeeb26ed643,2,1,2017-11-15,2017-11-15,1,False
test,Q_79a7112a5ac2868a58cb,2,1,2017-06-07,2017-06-07,1,False
test,Q_79f130488248f8384844,2,1,2017-05-24,2017-05-24,1,False
test,Q_7a14f6d119f97f8ce38f,2,1,2017-05-24,2017-05-24,1,False
test,Q_7a185bdb822506c8d10d,2,1,2018-01-03,2018-01-03,1,False
test,Q_7a4d8d2920539eeb3abe,2,1,2017-11-29,2017-11-29,1,False
test,Q_7a4fb7ae1969644e35b7,2,1,2017-05-31,2017-05-31,1,False
test,Q_7a9465d5ad60559f738e,2,1,2017-11-22,2017-11-22,1,False
test,Q_7aa68106fb0ed0e43777,2,1,2017-05-31,2017-05-31,1,False
test,Q_7aaee16c7b2349cb9276,2,1,2018-01-24,2018-01-24,1,False
test,Q_7ad0a5faff11118d99e5,2,1,2017-11-22,2017-11-22,1,False
test,Q_7ae1704e6dc43c3cc8ae,2,1,2017-10-04,2017-10-04,1,False
test,Q_7af667f06c21a8139231,2,1,2017-06-21,2017-06-21,1,False
test,Q_7afaea9d6f76873a2cda,2,1,2017-05-31,2017-05-31,1,False
test,Q_7b01af481aa634467dcf,2,1,2017-11-22,2017-11-22,1,False
test,Q_7befbd4d35d5824306f0,2,1,2017-10-18,2017-10-18,1,False
test,Q_7c08ffb7f38286c105c9,2,1,2017-06-28,2017-06-28,1,False
test,Q_7c47f5d916cd8e07d256,2,1,2018-01-17,2018-01-17,1,False
test,Q_7c488097fe24f915ba75,2,1,2017-06-14,2017-06-14,1,False
test,Q_7c65fa17b1f344ede255,2,1,2017-12-20,2017-12-20,1,False
test,Q_7c878bee7a968290b157,2,1,2017-10-11,2017-10-11,1,False
test,Q_7c894c4750693ad5812f,2,1,2017-06-07,2017-06-07,1,False
test,Q_7c8b787cdda32f10e960,2,1,2017-09-27,2017-09-27,1,False
test,Q_7c94a70b1d41cad684ae,2,1,2017-11-22,2017-11-22,1,False
test,Q_7c9d5a0ea9f750b8a761,2,1,2018-01-31,2018-01-31,1,False
test,Q_7c9daa3ca500d8691e98,2,1,2017-06-28,2017-06-28,1,False
test,Q_7cb1d179ec743983e116,2,1,2017-07-05,2017-07-05,1,False
test,Q_7cb1f5d40363e651a80a,2,1,2017-11-15,2017-11-15,1,False
test,Q_7cd6c30824481c66ad31,2,1,2017-07-05,2017-07-05,1,False
test,Q_7cd7f46d7e6c6f55266c,2,1,2017-10-04,2017-10-04,1,False
test,Q_7cf50e569abbcd02ae6e,2,1,2018-01-03,2018-01-03,1,False
test,Q_7d331c9735e26b688caf,2,1,2017-11-29,2017-11-29,1,False
test,Q_7d5ae80370e23cf771ce,2,1,2017-07-26,2017-07-26,1,False
test,Q_7d7d5ec00213f8e3c226,2,1,2018-01-31,2018-01-31,1,False
test,Q_7dd84408570488b83323,2,1,2017-05-24,2017-05-24,1,False
test,Q_7e46619ae853c16b0f7f,2,1,2017-06-14,2017-06-14,1,False
test,Q_7e4ab57ff32274f17bc9,2,1,2017-08-23,2017-08-23,1,False
test,Q_7e4bd9846746cb9b33a6,2,1,2017-10-25,2017-10-25,1,False
test,Q_7e66ffb2d8d34391dd64,2,1,2017-05-17,2017-05-17,1,False
test,Q_7e68047ccbce3063fb1f,2,1,2017-05-17,2017-05-17,1,False
test,Q_7e8840ad933d9b62f518,2,1,2018-01-24,2018-01-24,1,False
test,Q_7ee484760333944672ee,2,1,2017-10-04,2017-10-04,1,False
test,Q_7ee92e187601ac7d3810,2,1,2017-10-18,2017-10-18,1,False
test,Q_7efde2009933267d4379,2,1,2017-08-23,2017-08-23,1,False
test,Q_7f2122c74cbaba39e16e,2,1,2017-08-16,2017-08-16,1,False
test,Q_7f2c40e329d8692ea789,2,1,2018-01-03,2018-01-03,1,False
test,Q_7f3007e95e360d383e53,2,1,2017-08-02,2017-08-02,1,False
test,Q_7f76a5d0bb51d59c820f,2,1,2017-06-28,2017-06-28,1,False
test,Q_7f85ff10efd9f91d8380,2,1,2017-11-22,2017-11-22,1,False
test,Q_7f93523f738154455ded,2,1,2017-11-22,2017-11-22,1,False
test,Q_7fc6c20171382c6340ca,2,1,2018-01-24,2018-01-24,1,False
test,Q_804fe645e45ad9a1d496,2,1,2017-06-21,2017-06-21,1,False
test,Q_8051f9e84d1a96d0927c,2,1,2017-05-24,2017-05-24,1,False
test,Q_806df5bb4315212e7d83,2,1,2017-07-26,2017-07-26,1,False
test,Q_8075038039ea7bfe4680,2,1,2017-11-22,2017-11-22,1,False
test,Q_80887cf782294db657f7,2,1,2017-11-01,2017-11-01,1,False
test,Q_809dd7e420a25bb0b9ef,2,1,2017-08-16,2017-08-16,1,False
test,Q_80afd63958d46f4df953,2,1,2017-09-20,2017-09-20,1,False
test,Q_80e55130ae84e95e4d60,2,1,2017-08-02,2017-08-02,1,False
test,Q_8117ffd9d1f4d005a353,2,1,2017-11-15,2017-11-15,1,False
test,Q_8167a755c11feff010e4,2,1,2017-06-28,2017-06-28,1,False
test,Q_8189b328a6e713f809e8,2,1,2017-07-19,2017-07-19,1,False
test,Q_81c51cc80ba93e4a3518,2,1,2017-07-26,2017-07-26,1,False
test,Q_81ca346f834a8f064ad6,2,1,2017-08-16,2017-08-16,1,False
test,Q_81df1060948eb414149d,2,1,2017-11-01,2017-11-01,1,False
test,Q_823922b42ee0685126e0,2,1,2017-12-27,2017-12-27,1,False
test,Q_8247d108dddc928a5a57,2,1,2017-10-11,2017-10-11,1,False
test,Q_8255d26ffc48bbcaa702,2,1,2017-10-11,2017-10-11,1,False
test,Q_8273cdedcc5bae259b5e,2,1,2017-06-21,2017-06-21,1,False
test,Q_82a1b063deb6a12a465b,2,1,2017-12-06,2017-12-06,1,False
test,Q_82b23845b9952195acb0,2,1,2017-12-27,2017-12-27,1,False
test,Q_82d8f0e53fa08fb627a3,2,1,2017-11-15,2017-11-15,1,False
test,Q_8317aa4d96e3e41990a0,2,1,2017-09-13,2017-09-13,1,False
test,Q_832722b93d9b681bca52,2,1,2017-10-11,2017-10-11,1,False
test,Q_8339f87089308e28b29d,2,1,2017-08-23,2017-08-23,1,False
test,Q_8347ccd85d10db56504b,2,1,2017-06-07,2017-06-07,1,False
test,Q_835555801369389d3117,2,1,2017-10-11,2017-10-11,1,False
test,Q_835e1f749a5987266838,2,1,2017-11-22,2017-11-22,1,False
test,Q_8395758527f4fd26af6d,2,1,2017-10-04,2017-10-04,1,False
test,Q_83a932bd5a82c8622613,2,1,2017-10-04,2017-10-04,1,False
test,Q_83bbfb018586d52a5ed2,2,1,2018-01-24,2018-01-24,1,False
test,Q_83ccbd21e64f3fc7c6e8,2,1,2017-10-04,2017-10-04,1,False
test,Q_83fa6aa6c2cb3525aba9,2,1,2017-05-17,2017-05-17,1,False
test,Q_84152519f1286bdf25bb,2,1,2017-05-31,2017-05-31,1,False
test,Q_84588a69e1e04b8f25aa,2,1,2017-06-28,2017-06-28,1,False
test,Q_847268d5e20d332cfbec,2,1,2017-06-07,2017-06-07,1,False
test,Q_84734dcd08576e3b8508,2,1,2017-06-07,2017-06-07,1,False
test,Q_84821823d5a474394635,2,1,2017-09-27,2017-09-27,1,False
test,Q_84d0c0acd3d1984614c5,2,1,2017-10-04,2017-10-04,1,False
test,Q_84e14d25c9e6d97ccb0b,2,1,2017-07-05,2017-07-05,1,False
test,Q_8504a835458c9ae16c45,2,1,2017-12-06,2017-12-06,1,False
test,Q_85b2ff323d3aa799291b,2,1,2018-01-24,2018-01-24,1,False
test,Q_85c326ccd362959ff8b5,2,1,2017-10-04,2017-10-04,1,False
test,Q_85cb7943c5f1bc7422b4,2,1,2017-07-05,2017-07-05,1,False
test,Q_860b7db5c9b6e2b47303,2,1,2017-11-15,2017-11-15,1,False
test,Q_86244cadb9231b61baf5,2,1,2017-11-01,2017-11-01,1,False
test,Q_8670b813d524934afcd2,2,1,2017-09-06,2017-09-06,1,False
test,Q_868315e45a3c180eda3e,2,1,2017-08-16,2017-08-16,1,False
test,Q_868a76f64ab194e774ef,2,1,2017-07-05,2017-07-05,1,False
test,Q_86a1eadbe1cca38f74ed,2,1,2017-11-01,2017-11-01,1,False
test,Q_870cb53954f30ad916ee,2,1,2017-08-16,2017-08-16,1,False
test,Q_871829e5fab9821a6ebd,2,1,2017-07-19,2017-07-19,1,False
test,Q_87267651f56aab003499,2,1,2017-06-07,2017-06-07,1,False
test,Q_87792d6131524cdd71c9,2,1,2017-12-20,2017-12-20,1,False
test,Q_8789782b4f468ef90efe,2,1,2017-11-01,2017-11-01,1,False
test,Q_87ce188e0e1279aa663d,2,1,2017-08-16,2017-08-16,1,False
test,Q_87edb70b8b7b0dc077f9,2,1,2017-10-18,2017-10-18,1,False
test,Q_87f49c6168044eee2a29,2,1,2017-12-06,2017-12-06,1,False
test,Q_88101aaf13e9df5e23e4,2,1,2017-08-16,2017-08-16,1,False
test,Q_881069ffdced5f0db092,2,1,2017-08-16,2017-08-16,1,False
test,Q_88acef4b528582079e04,2,1,2017-10-04,2017-10-04,1,False
test,Q_88f1256a7874f937b9b0,2,1,2017-06-14,2017-06-14,1,False
test,Q_89080f108950af9bf073,2,1,2017-10-11,2017-10-11,1,False
test,Q_890a46a11f26a40be631,2,1,2017-05-24,2017-05-24,1,False
test,Q_892ced1abbd0810348ee,2,1,2017-06-07,2017-06-07,1,False
test,Q_89414f2e89340d3efffa,2,1,2017-09-13,2017-09-13,1,False
test,Q_899f758621ad1d2aaa6c,2,1,2017-10-04,2017-10-04,1,False
test,Q_89ac6f3947a0b2e7e5bb,2,1,2018-01-10,2018-01-10,1,False
test,Q_89e993fd54336ec49a94,2,1,2017-06-21,2017-06-21,1,False
test,Q_89f11ce5593282a3be0e,2,1,2017-06-28,2017-06-28,1,False
test,Q_8a4269acf5351e7ae64a,2,1,2017-10-25,2017-10-25,1,False
test,Q_8a538815cdb0dcfe7ba9,2,1,2017-10-18,2017-10-18,1,False
test,Q_8a5fa574848aa095c586,2,1,2017-08-23,2017-08-23,1,False
test,Q_8a84cb9a8222a4d6ea07,2,1,2017-05-24,2017-05-24,1,False
test,Q_8a8818872a876a1a9f3d,2,1,2017-05-17,2017-05-17,1,False
test,Q_8a8dd4d4369f014b7670,2,1,2017-11-22,2017-11-22,1,False
test,Q_8ab17ce30d01f7628028,2,1,2017-11-01,2017-11-01,1,False
test,Q_8ac06e4a906d4178966f,2,1,2017-10-25,2017-10-25,1,False
test,Q_8ac1ba4eb916ebf49775,2,1,2017-11-08,2017-11-08,1,False
test,Q_8ace317f097fc39df5b0,2,1,2017-09-06,2017-09-06,1,False
test,Q_8af546a0db00fa4ea3fe,2,1,2017-07-05,2017-07-05,1,False
test,Q_8b0a170fead6d836690d,2,1,2017-11-15,2017-11-15,1,False
test,Q_8b43cca4d5897b592fa2,2,1,2017-11-01,2017-11-01,1,False
test,Q_8b5a94950ee599e8056a,2,1,2017-08-16,2017-08-16,1,False
test,Q_8b659443a9a630d75e6b,2,1,2017-07-26,2017-07-26,1,False
test,Q_8b6c905ef298bdc065b6,2,1,2017-07-05,2017-07-05,1,False
test,Q_8b973ef7851e3927f5d4,2,1,2017-05-17,2017-05-17,1,False
test,Q_8bc84045d3b1f62e04b3,2,1,2017-11-15,2017-11-15,1,False
test,Q_8bcbf7980a2daf1589d1,2,1,2017-06-21,2017-06-21,1,False
test,Q_8bded29cc59ae9a5731f,2,1,2017-11-01,2017-11-01,1,False
test,Q_8c2afea967e9f20a85e7,2,1,2017-07-26,2017-07-26,1,False
test,Q_8c49e958900abe155368,2,1,2017-06-21,2017-06-21,1,False
test,Q_8c4ed68f1fb75cb3bce1,2,1,2017-11-29,2017-11-29,1,False
test,Q_8c76ec563117ed0fb849,2,1,2017-11-01,2017-11-01,1,False
test,Q_8c940e437aa2ec2d8132,4,3,2017-06-07,2017-07-05,3,True
test,Q_8cb91762360e70203287,2,1,2017-08-02,2017-08-02,1,False
test,Q_8cc2faae5f71ea204b1d,2,1,2018-01-24,2018-01-24,1,False
test,Q_8cfe68eeb9e646fc4471,2,1,2018-01-24,2018-01-24,1,False
test,Q_8d0c7045e99a16d502d8,2,1,2017-11-08,2017-11-08,1,False
test,Q_8d1b4dd9077de4e0eb36,2,1,2017-12-20,2017-12-20,1,False
test,Q_8d409f5ed027aabcc059,2,1,2017-05-24,2017-05-24,1,False
test,Q_8d4df2624355af77ece6,2,1,2017-06-28,2017-06-28,1,False
test,Q_8d5a0bf12f74e3e20de4,2,1,2017-08-23,2017-08-23,1,False
test,Q_8d5eac2bbb3305b40012,2,1,2017-09-06,2017-09-06,1,False
test,Q_8d6d34cc679a7a16becb,2,1,2017-08-16,2017-08-16,1,False
test,Q_8d6ff2f1337088935dc9,2,1,2017-09-20,2017-09-20,1,False
test,Q_8dba9eef6ff847719e10,2,1,2017-10-11,2017-10-11,1,False
test,Q_8dbb7758f9baa30e8f64,2,1,2017-08-23,2017-08-23,1,False
test,Q_8dcc4f7451b194b17c54,2,1,2017-11-22,2017-11-22,1,False
test,Q_8e25de944fa7670b1aa0,2,1,2017-07-26,2017-07-26,1,False
test,Q_8e3047cb193b4d317f2d,2,1,2017-09-06,2017-09-06,1,False
test,Q_8e30acfd41bfe184d3b4,2,1,2017-09-13,2017-09-13,1,False
test,Q_8e5dd5b96ea518eccf5d,2,1,2017-12-20,2017-12-20,1,False
test,Q_8e8fc0111dfccec861ea,2,1,2017-06-14,2017-06-14,1,False
test,Q_8ec20a45cdd7df82b86a,2,1,2017-09-20,2017-09-20,1,False
test,Q_8f085b77c2bee467de3e,2,1,2017-10-25,2017-10-25,1,False
test,Q_8f51f3f75e9e0351f301,2,1,2017-06-14,2017-06-14,1,False
test,Q_8f524c9bc4046af622de,2,1,2017-11-22,2017-11-22,1,False
test,Q_8f58c6ac64faedfd2a07,2,1,2018-01-31,2018-01-31,1,False
test,Q_8f60e031e403b56febe2,2,1,2017-11-22,2017-11-22,1,False
test,Q_8fe90192ff7330f75c3a,2,1,2017-09-06,2017-09-06,1,False
test,Q_8feca8145f8d8ed86524,2,1,2017-06-21,2017-06-21,1,False
test,Q_9024d10b68bbbae6d29d,2,1,2017-08-23,2017-08-23,1,False
test,Q_902b9506c15e3e57466b,5,3,2017-06-07,2017-07-05,3,True
test,Q_9037b6fca4104a866549,2,1,2017-10-04,2017-10-04,1,False
test,Q_9063157f41ec4c777896,2,1,2017-10-18,2017-10-18,1,False
test,Q_907d8943e782f36028fc,2,1,2017-11-15,2017-11-15,1,False
test,Q_909ab28a70d910874bd0,2,1,2017-12-27,2017-12-27,1,False
test,Q_90c68cfbb6bff6451a96,2,1,2017-06-21,2017-06-21,1,False
test,Q_90d54e0c6f680f426396,2,1,2017-08-02,2017-08-02,1,False
test,Q_90d7d1cf572379783aed,2,1,2017-09-27,2017-09-27,1,False
test,Q_910cb919f066dbd34ea9,2,1,2017-06-14,2017-06-14,1,False
test,Q_911813c91346c9aca05a,2,1,2018-01-24,2018-01-24,1,False
test,Q_912014edcd2e2f3ab7af,2,1,2017-10-25,2017-10-25,1,False
test,Q_914efe02d859afac7fa6,2,1,2017-06-14,2017-06-14,1,False
test,Q_916bfcff6a5f03068bd6,2,1,2017-06-28,2017-06-28,1,False
test,Q_9194232b1f04e48fd929,2,1,2017-06-14,2017-06-14,1,False
test,Q_91aecb5e92aabb3c7f8c,2,1,2017-06-14,2017-06-14,1,False
test,Q_91f78f2c2c384250b9dc,2,1,2017-06-21,2017-06-21,1,False
test,Q_9215961eacbae0020158,2,1,2017-08-09,2017-08-09,1,False
test,Q_924b128d0fe7f018c5e0,2,1,2017-10-11,2017-10-11,1,False
test,Q_927ef7a72f43d5e231af,2,1,2018-01-10,2018-01-10,1,False
test,Q_92a7fff687a9997204f3,2,1,2017-06-21,2017-06-21,1,False
test,Q_92ad7646b5b771ca5852,2,1,2017-12-13,2017-12-13,1,False
test,Q_92adcdccb237aa3de709,2,1,2017-06-21,2017-06-21,1,False
test,Q_92fdaa9a3c2dc4661c33,2,1,2017-11-22,2017-11-22,1,False
test,Q_930281e2f6762b119154,2,1,2017-11-15,2017-11-15,1,False
test,Q_937be251947d5b7edd77,2,1,2017-12-27,2017-12-27,1,False
test,Q_938ae27370db7654fbfc,2,1,2017-07-26,2017-07-26,1,False
test,Q_93a53e98058387212553,2,1,2017-11-01,2017-11-01,1,False
test,Q_93bb5fb6f8a8a66f510b,2,1,2017-08-16,2017-08-16,1,False
test,Q_93c033615ccb8da97040,2,1,2017-06-28,2017-06-28,1,False
test,Q_93f7b8821cfda557279a,2,1,2017-06-14,2017-06-14,1,False
test,Q_93fac699dba4c4140fa9,2,1,2017-07-05,2017-07-05,1,False
test,Q_9419e265b1a9f60adfd6,2,1,2017-06-14,2017-06-14,1,False
test,Q_94454c8a61a9cd40df9a,2,1,2017-06-14,2017-06-14,1,False
test,Q_949186ecb468a6220e32,2,1,2018-01-24,2018-01-24,1,False
test,Q_94a4ebb3de3c5d559ddb,2,1,2017-08-16,2017-08-16,1,False
test,Q_94b566499e318f9e5cd5,2,1,2017-08-09,2017-08-09,1,False
test,Q_955dcb393c35bf35b9a1,2,1,2018-01-24,2018-01-24,1,False
test,Q_95635e286f22d8a45236,2,1,2017-11-01,2017-11-01,1,False
test,Q_956c411988a8cbd5753b,2,1,2018-01-03,2018-01-03,1,False
test,Q_95a89ae0c44f0bf1e81a,2,1,2017-05-17,2017-05-17,1,False
test,Q_95b1b9ba3ac357afffdb,2,1,2017-10-04,2017-10-04,1,False
test,Q_95c92dad78f5155d85c0,2,1,2017-06-07,2017-06-07,1,False
test,Q_960945598360aff8bf5c,2,1,2017-09-13,2017-09-13,1,False
test,Q_961a978cd610fcccd661,2,1,2017-06-14,2017-06-14,1,False
test,Q_966534cc62f49045b929,2,1,2017-06-07,2017-06-07,1,False
test,Q_969d0a33f108daa8319a,2,1,2017-11-29,2017-11-29,1,False
test,Q_969df1fad610c792ff16,2,1,2017-05-17,2017-05-17,1,False
test,Q_96e9c3dd6e2fee823369,2,1,2018-01-03,2018-01-03,1,False
test,Q_97274a82e365ac659f0d,2,1,2017-11-15,2017-11-15,1,False
test,Q_972cc01605d8affff0c8,2,1,2017-08-02,2017-08-02,1,False
test,Q_97a63c5ac098284a79a3,2,1,2017-05-24,2017-05-24,1,False
test,Q_97b3a58f201797842e0a,2,1,2017-11-01,2017-11-01,1,False
test,Q_97cc5d7f0d64d7717262,2,1,2017-08-16,2017-08-16,1,False
test,Q_9800e2bbbc4f9722a2e5,2,1,2017-06-28,2017-06-28,1,False
test,Q_981bbc606f9af2f46410,2,1,2017-07-05,2017-07-05,1,False
test,Q_989e50174a8cb0cf7cc9,2,1,2017-08-09,2017-08-09,1,False
test,Q_98a29d9ff7202ef60bde,2,1,2017-08-09,2017-08-09,1,False
test,Q_98db7e75a74fdc817688,2,1,2017-08-30,2017-08-30,1,False
test,Q_98e033671e33b7e190cc,2,1,2017-07-05,2017-07-05,1,False
test,Q_990478bebad99f09cb16,2,1,2018-01-03,2018-01-03,1,False
test,Q_9914f0a9ba2760339a74,2,1,2017-05-31,2017-05-31,1,False
test,Q_991b4dacc614a5284b41,2,1,2017-06-21,2017-06-21,1,False
test,Q_993754da2c05d2df8232,2,1,2017-06-21,2017-06-21,1,False
test,Q_993de1c63a35f5955273,2,1,2017-11-22,2017-11-22,1,False
test,Q_99533950f9195dba79bd,2,1,2017-08-23,2017-08-23,1,False
test,Q_9991cb0365271477ecd6,2,1,2017-12-06,2017-12-06,1,False
test,Q_99cddaeab44fc0fe2a44,2,1,2017-07-26,2017-07-26,1,False
test,Q_99ddf307303ed08ef6ee,2,1,2017-05-17,2017-05-17,1,False
test,Q_99dee4d8ef353c157269,2,1,2017-08-02,2017-08-02,1,False
test,Q_9a3402f6587844756e66,2,1,2017-09-13,2017-09-13,1,False
test,Q_9a5703f29a8216eb0334,2,1,2017-11-29,2017-11-29,1,False
test,Q_9a80f5c6c15d5d5c7b91,2,1,2017-06-28,2017-06-28,1,False
test,Q_9a9d6ef894a664007418,2,1,2017-06-21,2017-06-21,1,False
test,Q_9ac05078c0df36dc4192,2,1,2017-06-14,2017-06-14,1,False
test,Q_9ac52b360f38cd63190f,2,1,2017-07-05,2017-07-05,1,False
test,Q_9ad12c91972571c13ff7,2,1,2017-09-20,2017-09-20,1,False
test,Q_9ad2d7adb3f3b2e525a5,2,1,2017-12-20,2017-12-20,1,False
test,Q_9ae3d506d5b820c57051,2,1,2017-09-13,2017-09-13,1,False
test,Q_9af3d9ff6f48b57acda6,2,1,2017-07-12,2017-07-12,1,False
test,Q_9b1787f34a670eb7125b,2,1,2017-11-22,2017-11-22,1,False
test,Q_9b3f69c6a51cb35843fd,2,1,2017-09-20,2017-09-20,1,False
test,Q_9b7bc77702de4add668f,2,1,2017-06-28,2017-06-28,1,False
test,Q_9b808c4f96a3eed39248,5,3,2017-06-07,2017-07-05,3,True
test,Q_9b881805efe915c2f5fd,2,1,2017-06-21,2017-06-21,1,False
test,Q_9c020a6c6ef2fb6a5eb8,2,1,2017-06-14,2017-06-14,1,False
test,Q_9c5bc4fa1551102687ab,2,1,2017-11-01,2017-11-01,1,False
test,Q_9c9f927d59e8a2ed5f21,2,1,2017-09-27,2017-09-27,1,False
test,Q_9ca51ec8876f993bc940,2,1,2017-06-21,2017-06-21,1,False
test,Q_9cd7bf03736903692879,2,1,2018-01-03,2018-01-03,1,False
test,Q_9ce3f7dadce184420407,2,1,2017-06-21,2017-06-21,1,False
test,Q_9cfb640ed2bd2a6c5823,2,1,2017-12-13,2017-12-13,1,False
test,Q_9d15520686e294723c9e,2,1,2017-08-09,2017-08-09,1,False
test,Q_9d644f9eb5ecdb878d1b,2,1,2017-11-08,2017-11-08,1,False
test,Q_9d7c88d6120ac6f2f4d0,2,1,2017-05-17,2017-05-17,1,False
test,Q_9d817780670ed448334f,2,1,2018-01-31,2018-01-31,1,False
test,Q_9d9d14b551c8762cb974,2,1,2017-06-21,2017-06-21,1,False
test,Q_9dc5088cca1a45f2ef9b,2,1,2017-08-09,2017-08-09,1,False
test,Q_9df6ff97c9e734f85f73,2,1,2017-10-18,2017-10-18,1,False
test,Q_9e5af869ce774e6fb317,2,1,2017-10-04,2017-10-04,1,False
test,Q_9e7a11c6dd3f991cb922,2,1,2017-12-06,2017-12-06,1,False
test,Q_9e97c3fd65c5e08eb50c,2,1,2017-10-11,2017-10-11,1,False
test,Q_9eb33b319754eff2fdf0,2,1,2017-06-14,2017-06-14,1,False
test,Q_9ebe72966f5466933e92,2,1,2017-11-08,2017-11-08,1,False
test,Q_9f5337b153b2e9aaaae5,2,1,2018-01-03,2018-01-03,1,False
test,Q_9fc5b793e664797bdf72,2,1,2017-08-16,2017-08-16,1,False
test,Q_a015cd478f7d85560a79,2,1,2017-05-31,2017-05-31,1,False
test,Q_a034aca210fe23429e3f,2,1,2017-10-25,2017-10-25,1,False
test,Q_a05c2a3d9c41888f6925,2,1,2017-05-17,2017-05-17,1,False
test,Q_a064e086ceadc2e81071,2,1,2017-06-28,2017-06-28,1,False
test,Q_a073d8b209606d1826a6,2,1,2017-10-25,2017-10-25,1,False
test,Q_a0c82ad162a58d5ae410,2,1,2017-11-22,2017-11-22,1,False
test,Q_a0ef47ae9dd3f9ab2bdc,2,1,2018-01-24,2018-01-24,1,False
test,Q_a120fc16578ef8e675dc,2,1,2017-06-14,2017-06-14,1,False
test,Q_a181f7f6dfb01dda146c,2,1,2017-11-01,2017-11-01,1,False
test,Q_a1ba026e93b439269f82,2,1,2017-06-28,2017-06-28,1,False
test,Q_a1d4df5942c98b8de729,2,1,2018-01-31,2018-01-31,1,False
test,Q_a2068f22f91b5ce04e5e,2,1,2017-10-18,2017-10-18,1,False
test,Q_a23bc940aea27706a26e,2,1,2017-11-15,2017-11-15,1,False
test,Q_a26527945d775f9ff692,2,1,2017-09-20,2017-09-20,1,False
test,Q_a2bafa44a26ee41ebabf,2,1,2017-07-26,2017-07-26,1,False
test,Q_a2d883c4fa214cb81642,2,1,2017-06-21,2017-06-21,1,False
test,Q_a2dcd206cd35e963bd28,2,1,2017-06-21,2017-06-21,1,False
test,Q_a30db8fac490ca785769,2,1,2017-07-05,2017-07-05,1,False
test,Q_a31f74ea77b539306d8e,2,1,2017-11-01,2017-11-01,1,False
test,Q_a328eb7326f2beea3135,2,1,2017-10-25,2017-10-25,1,False
test,Q_a3ae28bc0e6ec2a4d78e,2,1,2017-09-06,2017-09-06,1,False
test,Q_a4036cbf5f4d6c9515a7,2,1,2017-08-30,2017-08-30,1,False
test,Q_a4163e9ca421b4b0697d,2,1,2017-12-13,2017-12-13,1,False
test,Q_a42712e48f4a75bdca7a,2,1,2017-06-21,2017-06-21,1,False
test,Q_a44657123b683d321577,2,1,2017-07-26,2017-07-26,1,False
test,Q_a48952bcda0578aa4bc0,2,1,2017-09-06,2017-09-06,1,False
test,Q_a49fdd40a5cd79cd016c,2,1,2017-08-09,2017-08-09,1,False
test,Q_a4d88fe3f59f0b043f6e,2,1,2017-07-05,2017-07-05,1,False
test,Q_a4f561087387b47115ed,2,1,2017-11-22,2017-11-22,1,False
test,Q_a5037fcd0c8a22c3160b,2,1,2017-11-22,2017-11-22,1,False
test,Q_a543e25a131e851a2559,2,1,2017-07-05,2017-07-05,1,False
test,Q_a5864e1ee9898c091baa,2,1,2017-08-23,2017-08-23,1,False
test,Q_a5a6d6965bd03865657c,2,1,2017-06-14,2017-06-14,1,False
test,Q_a5b38eb401023b7b7c7f,2,1,2017-05-17,2017-05-17,1,False
test,Q_a625a93f7820fb3514bc,2,1,2017-06-21,2017-06-21,1,False
test,Q_a63fec1704c780641aa4,2,1,2017-07-26,2017-07-26,1,False
test,Q_a648c76b52c7e0dc57b2,2,1,2017-06-28,2017-06-28,1,False
test,Q_a66427b9e62532440832,2,1,2017-12-20,2017-12-20,1,False
test,Q_a66fa75a34c9af019601,2,1,2017-07-05,2017-07-05,1,False
test,Q_a67c44e3c2d00e1e3fcf,2,1,2017-05-17,2017-05-17,1,False
test,Q_a69d9f3b6a937348b13b,2,1,2017-05-31,2017-05-31,1,False
test,Q_a6b94911e2ad51d9d859,2,1,2017-07-26,2017-07-26,1,False
test,Q_a6c4d97a91b17eb6ff20,2,1,2017-11-29,2017-11-29,1,False
test,Q_a6d0ff32c2cd889fca12,2,1,2017-09-27,2017-09-27,1,False
test,Q_a6e7ad7045142695c7d0,2,1,2017-11-22,2017-11-22,1,False
test,Q_a6eea4274988e8ca4558,2,1,2017-09-13,2017-09-13,1,False
test,Q_a7228f2c44b7615ee560,2,1,2017-10-25,2017-10-25,1,False
test,Q_a72ce0b0a55806e18fc2,2,1,2018-01-17,2018-01-17,1,False
test,Q_a78e8da428dbf0fe99d3,2,1,2017-11-08,2017-11-08,1,False
test,Q_a7aaf3fbe84322b87c3e,2,1,2017-09-13,2017-09-13,1,False
test,Q_a8453dc47179b23a7a43,2,1,2017-11-22,2017-11-22,1,False
test,Q_a888cbf3f05bb0f55be0,2,1,2017-09-20,2017-09-20,1,False
test,Q_a89b507b2db0001214ec,2,1,2017-10-11,2017-10-11,1,False
test,Q_a8d237f7d8467ad5e3db,2,1,2017-10-11,2017-10-11,1,False
test,Q_a8d374f94cc177b1921c,2,1,2017-11-08,2017-11-08,1,False
test,Q_a8e9bbcb3815695076fc,2,1,2017-05-31,2017-05-31,1,False
test,Q_a8fbdea99a98fa3602f0,2,1,2017-12-27,2017-12-27,1,False
test,Q_a90f4534dd64bf6a2248,2,1,2017-07-26,2017-07-26,1,False
test,Q_a93e07a0f3e0d524855b,2,1,2018-01-03,2018-01-03,1,False
test,Q_a94f536ccc494bc19818,2,1,2017-07-26,2017-07-26,1,False
test,Q_a963b830a28a559d7b5d,2,1,2017-06-21,2017-06-21,1,False
test,Q_a97897bb3bfc275ab434,2,1,2017-09-27,2017-09-27,1,False
test,Q_aa3c881152c2b6ee89f1,2,1,2017-05-17,2017-05-17,1,False
test,Q_aa52bff5c9fdd33c7b61,2,1,2017-06-28,2017-06-28,1,False
test,Q_aa61de016ec8fc7c8be0,2,1,2017-11-08,2017-11-08,1,False
test,Q_aa9391795acd90e43b60,2,1,2017-09-20,2017-09-20,1,False
test,Q_aa9ca0c194e6b342098d,2,1,2017-05-31,2017-05-31,1,False
test,Q_aad31e1ec5abe5346ff0,2,1,2017-05-24,2017-05-24,1,False
test,Q_aad8ad8ac6e7df2e9184,2,1,2017-10-18,2017-10-18,1,False
test,Q_aaf6c8e8a0756a1b3b73,2,1,2017-06-28,2017-06-28,1,False
test,Q_ab6c236232f252a1f472,2,1,2017-08-02,2017-08-02,1,False
test,Q_ab8f16eab895da484238,2,1,2017-06-14,2017-06-14,1,False
test,Q_ab99d447a7cd1b28a62a,2,1,2017-08-30,2017-08-30,1,False
test,Q_abaeec61c532b9c3e0fb,2,1,2017-08-23,2017-08-23,1,False
test,Q_abca167c7dc5e4a98f11,2,1,2017-12-20,2017-12-20,1,False
test,Q_abd0021371fbe07604d1,2,1,2017-08-23,2017-08-23,1,False
test,Q_abeda134ab05531156db,2,1,2017-05-17,2017-05-17,1,False
test,Q_ac15fcd2d4df6e0f3d3c,2,1,2018-01-24,2018-01-24,1,False
test,Q_ac29f13bce043fc47762,2,1,2017-11-15,2017-11-15,1,False
test,Q_ac4cfabd9d64477f07ca,2,1,2017-10-04,2017-10-04,1,False
test,Q_ac4d542e8d792f3aba89,2,1,2017-12-20,2017-12-20,1,False
test,Q_acfbe932fd497dd1d634,2,1,2017-06-07,2017-06-07,1,False
test,Q_ad25e2e8329d1a7294a4,2,1,2017-11-29,2017-11-29,1,False
test,Q_ad581e293a7c8813b8bf,2,1,2017-05-17,2017-05-17,1,False
test,Q_ad6e8a50aaa1b45240bc,2,1,2018-01-03,2018-01-03,1,False
test,Q_ad88dcccf011b51ca5eb,2,1,2017-05-17,2017-05-17,1,False
test,Q_ae06104f8baafd3bb5a7,2,1,2017-10-18,2017-10-18,1,False
test,Q_ae26d8f8398254fe36e9,2,1,2017-05-31,2017-05-31,1,False
test,Q_ae9e04e7e26295987741,2,1,2017-05-31,2017-05-31,1,False
test,Q_aea8027d369919b952ae,2,1,2017-10-04,2017-10-04,1,False
test,Q_aee94c8fe42e1d7fcd63,2,1,2017-10-18,2017-10-18,1,False
test,Q_af0cb6940d7d46c7d055,2,1,2017-09-20,2017-09-20,1,False
test,Q_af0d4311261e373dbb5b,2,1,2017-08-09,2017-08-09,1,False
test,Q_af3207c5578e18a30afc,2,1,2017-07-26,2017-07-26,1,False
test,Q_af5bfc2178ef58ce44dd,2,1,2017-05-17,2017-05-17,1,False
test,Q_af5d3720a4d44f88e093,2,1,2017-06-14,2017-06-14,1,False
test,Q_af666d489135b490909d,2,1,2017-08-30,2017-08-30,1,False
test,Q_af667860a8777d0c14bc,2,1,2017-10-11,2017-10-11,1,False
test,Q_af7c644a6503dbf75c85,2,1,2017-09-13,2017-09-13,1,False
test,Q_af9587216f357627df13,2,1,2017-06-14,2017-06-14,1,False
test,Q_afb07abf8c972eae1a3d,2,1,2017-10-11,2017-10-11,1,False
test,Q_afed4f933158c0b70be8,2,1,2017-09-27,2017-09-27,1,False
test,Q_b034cae6834e976bafc9,2,1,2017-10-11,2017-10-11,1,False
test,Q_b04a1401a4d4b0355b8e,2,1,2017-06-14,2017-06-14,1,False
test,Q_b07ea18b2eb8d75b3ee5,2,1,2017-12-20,2017-12-20,1,False
test,Q_b07f9c3c39c9ef921ef3,2,1,2017-05-17,2017-05-17,1,False
test,Q_b07f9e7ee7a79914c57e,2,1,2017-06-07,2017-06-07,1,False
test,Q_b094bb5e63d6b05063ee,2,1,2017-05-24,2017-05-24,1,False
test,Q_b0b377b8f396767ef900,2,1,2017-11-01,2017-11-01,1,False
test,Q_b0bca86d8b3c212a530d,2,1,2017-11-01,2017-11-01,1,False
test,Q_b0e32be169c94d857193,2,1,2017-10-11,2017-10-11,1,False
test,Q_b0fd0139c7996c8ce5a8,2,1,2017-10-18,2017-10-18,1,False
test,Q_b109b5aacf8d47fa29dc,2,1,2017-09-20,2017-09-20,1,False
test,Q_b12e17c5f7675a901ace,2,1,2017-10-04,2017-10-04,1,False
test,Q_b14387a2ebc80761ffe6,2,1,2017-07-05,2017-07-05,1,False
test,Q_b1c93362517ccb53d627,2,1,2017-08-09,2017-08-09,1,False
test,Q_b1fe4f2c2dba9b596dd0,2,1,2017-07-26,2017-07-26,1,False
test,Q_b239beb496a16a380a81,2,1,2017-07-05,2017-07-05,1,False
test,Q_b252e009e876d82285a5,2,1,2017-08-16,2017-08-16,1,False
test,Q_b265da41914a84308203,2,1,2017-12-20,2017-12-20,1,False
test,Q_b26872d21f1bab227265,2,1,2017-05-24,2017-05-24,1,False
test,Q_b275d468342170513c3c,2,1,2017-06-28,2017-06-28,1,False
test,Q_b2853ec9e94263d5cc47,2,1,2017-12-20,2017-12-20,1,False
test,Q_b293400ed4b585879ebb,2,1,2017-10-25,2017-10-25,1,False
test,Q_b2988bba2914506660fd,2,1,2017-05-17,2017-05-17,1,False
test,Q_b2c4757ad3c91e953f1f,2,1,2017-09-27,2017-09-27,1,False
test,Q_b2ef7604c839169b2551,2,1,2017-11-22,2017-11-22,1,False
test,Q_b31ac405efd7504cb1db,2,1,2017-05-31,2017-05-31,1,False
test,Q_b32962f1aa54d5c8d015,2,1,2017-07-19,2017-07-19,1,False
test,Q_b32c70a6b6829b7b5b43,2,1,2017-11-29,2017-11-29,1,False
test,Q_b367f5b85cb14dd213dd,2,1,2017-05-17,2017-05-17,1,False
test,Q_b3a2210492e500b571da,2,1,2017-07-19,2017-07-19,1,False
test,Q_b3dae200e3c6558986f6,2,1,2017-08-16,2017-08-16,1,False
test,Q_b3ef0ee8ba3da71a3d1e,2,1,2017-05-24,2017-05-24,1,False
test,Q_b3f97cd614bf29cc8df8,2,1,2017-08-09,2017-08-09,1,False
test,Q_b40480d4d8a4ac336d3d,2,1,2017-11-01,2017-11-01,1,False
test,Q_b4073cb8fcb951024ba9,2,1,2017-05-17,2017-05-17,1,False
test,Q_b4081bfecac78857a2a5,2,1,2017-06-14,2017-06-14,1,False
test,Q_b41185bff2cce52799b9,2,1,2017-10-25,2017-10-25,1,False
test,Q_b41c24bc0c6f7548fb21,2,1,2017-08-23,2017-08-23,1,False
test,Q_b425b6cfae1422232bde,2,1,2017-05-31,2017-05-31,1,False
test,Q_b44285c7c7db446cc381,2,1,2017-08-16,2017-08-16,1,False
test,Q_b44b1b047ab64f26d145,2,1,2017-11-29,2017-11-29,1,False
test,Q_b48e79e183790270ff31,2,1,2018-01-03,2018-01-03,1,False
test,Q_b4d58e411250e6b71a17,2,1,2017-06-14,2017-06-14,1,False
test,Q_b4d6a6b925e95d6aa161,2,1,2017-08-16,2017-08-16,1,False
test,Q_b4f41dd46bf44fdfeb6b,2,1,2017-06-21,2017-06-21,1,False
test,Q_b4fd15b69543e88fff11,2,1,2017-07-05,2017-07-05,1,False
test,Q_b50ee4db0b8bcd17e56d,2,1,2017-06-28,2017-06-28,1,False
test,Q_b5241094e04f56dde4c5,2,1,2017-09-13,2017-09-13,1,False
test,Q_b5311c76b9f8b025adf7,2,1,2017-06-14,2017-06-14,1,False
test,Q_b5361c7ccfebe4f26040,2,1,2017-07-26,2017-07-26,1,False
test,Q_b5826ce01f6b274ad78e,2,1,2017-11-08,2017-11-08,1,False
test,Q_b5c18bf47ebf546dfe70,2,1,2017-10-25,2017-10-25,1,False
test,Q_b5cb8a8594a09c790553,2,1,2017-12-27,2017-12-27,1,False
test,Q_b5dbe4ff391a44a792b8,2,1,2017-11-22,2017-11-22,1,False
test,Q_b60c9237b82067928c5a,2,1,2017-06-14,2017-06-14,1,False
test,Q_b67e491b81e973353bf7,2,1,2017-09-27,2017-09-27,1,False
test,Q_b6a68c9b9f4a8a5a55b6,2,1,2017-10-04,2017-10-04,1,False
test,Q_b6a770823b69471d09b5,2,1,2018-01-10,2018-01-10,1,False
test,Q_b6a93ffaf88a9ec0fc63,2,1,2017-10-11,2017-10-11,1,False
test,Q_b6d99b6e3d9910070914,2,1,2017-11-01,2017-11-01,1,False
test,Q_b6fc13651054289563e9,2,1,2017-06-21,2017-06-21,1,False
test,Q_b6fd65a7bfc80b3a314b,2,1,2017-05-17,2017-05-17,1,False
test,Q_b7146a08945dd528eeef,2,1,2017-08-16,2017-08-16,1,False
test,Q_b7157a575ac343c6d8fe,2,1,2017-06-14,2017-06-14,1,False
test,Q_b7278dd799981098729e,2,1,2017-10-04,2017-10-04,1,False
test,Q_b76747dbe90e92c9e048,2,1,2017-08-23,2017-08-23,1,False
test,Q_b78b82d64d9d4c2dff50,2,1,2017-08-23,2017-08-23,1,False
test,Q_b79cdde4dd736f18728b,2,1,2017-07-26,2017-07-26,1,False
test,Q_b7ef47cdda5555646f05,2,1,2017-06-14,2017-06-14,1,False
test,Q_b8260d8fd7176f0d944f,2,1,2017-06-28,2017-06-28,1,False
test,Q_b84c4dacd2ae313b798c,2,1,2017-11-29,2017-11-29,1,False
test,Q_b85bf1827ed734e4510f,2,1,2017-11-22,2017-11-22,1,False
test,Q_b86a008feb38378f98af,2,1,2017-07-12,2017-07-12,1,False
test,Q_b87dc8049ecc19c58a7f,2,1,2017-09-13,2017-09-13,1,False
test,Q_b8975525cbbf19fe730f,2,1,2017-08-23,2017-08-23,1,False
test,Q_b8dcb3e39037be3960f6,2,1,2017-11-22,2017-11-22,1,False
test,Q_b8f168b1e2902c05720f,2,1,2017-07-05,2017-07-05,1,False
test,Q_b8fcec8296642885bbbf,2,1,2017-08-16,2017-08-16,1,False
test,Q_b913bbedd2a163616e17,2,1,2017-06-28,2017-06-28,1,False
test,Q_b938dc80b6b06ef82695,2,1,2017-10-18,2017-10-18,1,False
test,Q_b9ac670e36d33cd05744,2,1,2017-08-02,2017-08-02,1,False
test,Q_b9cc7cf646b70fcbd4f2,2,1,2018-01-24,2018-01-24,1,False
test,Q_b9f05b262aa847295d91,2,1,2017-06-21,2017-06-21,1,False
test,Q_b9ff3e5134054dcfb1be,2,1,2017-06-14,2017-06-14,1,False
test,Q_ba337ca7968446b0395f,2,1,2018-01-24,2018-01-24,1,False
test,Q_ba835ee12cfd7add8947,2,1,2017-07-26,2017-07-26,1,False
test,Q_bac99c296bd3962a9d54,2,1,2017-12-06,2017-12-06,1,False
test,Q_bad33d28943f4e0945e0,2,1,2017-11-22,2017-11-22,1,False
test,Q_bada71b72fd08ab4b8a7,2,1,2017-08-09,2017-08-09,1,False
test,Q_bae2e27c33cf0a8542a2,2,1,2017-11-22,2017-11-22,1,False
test,Q_bae54142101b62886828,2,1,2017-08-09,2017-08-09,1,False
test,Q_bae8fdc2d2c015802bca,2,1,2017-08-23,2017-08-23,1,False
test,Q_baf732baa0c7c4673357,2,1,2017-07-05,2017-07-05,1,False
test,Q_bafca00a0302c28320cd,2,1,2017-12-20,2017-12-20,1,False
test,Q_bb4cd1d28c7cc4b1ddb3,2,1,2017-08-23,2017-08-23,1,False
test,Q_bb5e867ca39edc4f1165,2,1,2017-08-16,2017-08-16,1,False
test,Q_bb8a579fcbc9918a92e6,2,1,2017-08-02,2017-08-02,1,False
test,Q_bbb25053838ff79e34ed,2,1,2017-11-22,2017-11-22,1,False
test,Q_bbf1adde4bf94eff9485,2,1,2017-05-31,2017-05-31,1,False
test,Q_bc2377f02cfd2f97a0f8,2,1,2017-09-20,2017-09-20,1,False
test,Q_bc2b2d013188eb5b1007,2,1,2017-08-09,2017-08-09,1,False
test,Q_bc3fbb1120ed63e1fabf,2,1,2017-05-31,2017-05-31,1,False
test,Q_bc52f428cd86909c8855,2,1,2017-10-04,2017-10-04,1,False
test,Q_bc5806aaa60017b97fa9,2,1,2017-06-07,2017-06-07,1,False
test,Q_bc7dc976d53338d074aa,2,1,2017-12-06,2017-12-06,1,False
test,Q_bc866504ba3c471773ab,2,1,2017-05-24,2017-05-24,1,False
test,Q_bc8c200230cc7681802a,2,1,2017-06-14,2017-06-14,1,False
test,Q_bca7429ddcf1f2baaa26,2,1,2017-09-06,2017-09-06,1,False
test,Q_bcfea54fdd0bbe485b80,2,1,2017-08-23,2017-08-23,1,False
test,Q_bd2bb63978dfd0d68762,2,1,2017-08-02,2017-08-02,1,False
test,Q_bd3e5cb6b4c84ea5a534,2,1,2017-08-02,2017-08-02,1,False
test,Q_bd498fda89921d6cfff8,2,1,2017-09-13,2017-09-13,1,False
test,Q_bd650befc061ec14aeb0,2,1,2017-06-14,2017-06-14,1,False
test,Q_bd8ad908aaec7fb78778,2,1,2017-10-04,2017-10-04,1,False
test,Q_bd9cf84a7bf9f27ce21e,2,1,2017-11-22,2017-11-22,1,False
test,Q_bdcd3bc62e28a4a28b8a,2,1,2017-08-02,2017-08-02,1,False
test,Q_bde4e153cd6ecd50a660,2,1,2017-10-25,2017-10-25,1,False
test,Q_be1ed021a40e4aab1816,2,1,2017-10-04,2017-10-04,1,False
test,Q_be20ef31991ab1e08d52,2,1,2017-09-06,2017-09-06,1,False
test,Q_be2e684e25c9b3e0c0d3,2,1,2017-06-14,2017-06-14,1,False
test,Q_be32879068e6ace5fbff,2,1,2017-05-31,2017-05-31,1,False
test,Q_be7bd734f13709d3ac57,2,1,2017-10-04,2017-10-04,1,False
test,Q_bec8d69911f0ecc4f0a4,2,1,2017-07-05,2017-07-05,1,False
test,Q_beedb7841af7e791b0f0,2,1,2017-06-28,2017-06-28,1,False
test,Q_bf385e710c753b0c9c6a,2,1,2017-05-24,2017-05-24,1,False
test,Q_bf3efb39016e128d1817,2,1,2017-11-01,2017-11-01,1,False
test,Q_bf5e4daa96a0082a8ee3,2,1,2017-08-09,2017-08-09,1,False
test,Q_bf73f19fb8ea6beed300,2,1,2017-07-26,2017-07-26,1,False
test,Q_bf84e963fc413c436cf6,2,1,2017-11-22,2017-11-22,1,False
test,Q_bf925ed7ddcafa0e0e01,2,1,2017-11-01,2017-11-01,1,False
test,Q_bfab01e2181c4da774e6,2,1,2018-01-24,2018-01-24,1,False
test,Q_bfd025d7fb5e8ac27a07,2,1,2017-11-01,2017-11-01,1,False
test,Q_bffbfdf9f379740d49c9,2,1,2017-07-05,2017-07-05,1,False
test,Q_c01ca11a5c39956fe4c3,2,1,2017-09-27,2017-09-27,1,False
test,Q_c049645e73d590b1c9f1,2,1,2018-01-24,2018-01-24,1,False
test,Q_c0c0831aca6e78c6f855,2,1,2017-09-13,2017-09-13,1,False
test,Q_c0d9da352c4a89b206dd,2,1,2017-10-25,2017-10-25,1,False
test,Q_c0f9f7d21e0d3926adbf,2,1,2018-01-03,2018-01-03,1,False
test,Q_c0ffe3c56aaeae93d481,2,1,2017-06-28,2017-06-28,1,False
test,Q_c10e6b8958c66b311ef3,2,1,2017-05-24,2017-05-24,1,False
test,Q_c116a4e687032bc4c4a9,2,1,2017-07-05,2017-07-05,1,False
test,Q_c143c9bece6a231da718,2,1,2017-06-07,2017-06-07,1,False
test,Q_c177a8e4aeaf94121796,2,1,2017-06-14,2017-06-14,1,False
test,Q_c186073ae58253e12692,2,1,2017-11-22,2017-11-22,1,False
test,Q_c18fdc40922d7dae0fba,2,1,2018-01-31,2018-01-31,1,False
test,Q_c1a5fb0c8e9136096a1e,2,1,2017-06-21,2017-06-21,1,False
test,Q_c1d5dfcd5679068c36ff,2,1,2017-09-27,2017-09-27,1,False
test,Q_c1eb93a05bd93efc254e,2,1,2017-08-16,2017-08-16,1,False
test,Q_c1ed1b4b01634048c465,2,1,2017-05-24,2017-05-24,1,False
test,Q_c21a5943ee7aadcc63a9,2,1,2017-11-29,2017-11-29,1,False
test,Q_c21c5b14f8147c4e750c,2,1,2017-11-22,2017-11-22,1,False
test,Q_c2221d3b17ea39c79acf,2,1,2017-05-24,2017-05-24,1,False
test,Q_c261b34a6110e0b83ed4,2,1,2017-06-07,2017-06-07,1,False
test,Q_c2979a4c96af7b0ee468,2,1,2017-09-27,2017-09-27,1,False
test,Q_c29a77cc4d5b363b6f7d,2,1,2017-11-22,2017-11-22,1,False
test,Q_c29dbc5c508f76403845,2,1,2017-11-15,2017-11-15,1,False
test,Q_c2d61e6c5ac3c6a29850,2,1,2017-06-14,2017-06-14,1,False
test,Q_c2f4a296997a603f27d3,2,1,2017-11-22,2017-11-22,1,False
test,Q_c320207d3fd303e661fc,2,1,2017-11-15,2017-11-15,1,False
test,Q_c34e784c82a9a2c55ba3,2,1,2017-08-16,2017-08-16,1,False
test,Q_c356f2602ca86bccd5fe,2,1,2017-09-27,2017-09-27,1,False
test,Q_c3dbca83634bcf9588c6,2,1,2017-06-14,2017-06-14,1,False
test,Q_c40bb7da096446a576d1,2,1,2017-12-20,2017-12-20,1,False
test,Q_c4c6a53c09519480a593,2,1,2017-10-18,2017-10-18,1,False
test,Q_c4e674f82ab9892e0017,2,1,2017-07-26,2017-07-26,1,False
test,Q_c5653b863b1b9c716014,2,1,2017-11-15,2017-11-15,1,False
test,Q_c589052646a3da2d6a63,2,1,2017-07-26,2017-07-26,1,False
test,Q_c594e2a126568baebd9a,2,1,2017-06-14,2017-06-14,1,False
test,Q_c5b8e651bfd73bd9a727,2,1,2017-08-16,2017-08-16,1,False
test,Q_c5dadf2f2d62b7246c03,2,1,2017-11-01,2017-11-01,1,False
test,Q_c5fa70f389ea1ea28d01,2,1,2017-05-24,2017-05-24,1,False
test,Q_c6226710fa88f1c278fe,2,1,2017-06-21,2017-06-21,1,False
test,Q_c62661ad1ed405f09ee4,2,1,2017-08-16,2017-08-16,1,False
test,Q_c639ec0afae09fe17293,2,1,2018-01-17,2018-01-17,1,False
test,Q_c6500234c0946fe394f6,2,1,2017-05-17,2017-05-17,1,False
test,Q_c6dd729e162d0c1ffe6e,2,1,2017-09-20,2017-09-20,1,False
test,Q_c7127032afdbe00e486c,2,1,2017-11-22,2017-11-22,1,False
test,Q_c74b6cadcc03b65e811a,2,1,2017-10-04,2017-10-04,1,False
test,Q_c77a4dfe25dfe6d730b3,2,1,2018-01-03,2018-01-03,1,False
test,Q_c7868d0cbfeed2024824,2,1,2017-12-13,2017-12-13,1,False
test,Q_c788a31634652e5fdcea,2,1,2017-11-01,2017-11-01,1,False
test,Q_c78ab21e312796230d23,2,1,2017-05-31,2017-05-31,1,False
test,Q_c78f6898c8fbad54f4e2,2,1,2017-09-06,2017-09-06,1,False
test,Q_c7ae5c6b8c8d113a0bab,2,1,2017-08-09,2017-08-09,1,False
test,Q_c7c5beab8372e32c0d4b,2,1,2017-06-28,2017-06-28,1,False
test,Q_c7e973b30f67662ed45b,2,1,2017-11-29,2017-11-29,1,False
test,Q_c7f4016ba4749ef291ca,2,1,2017-07-05,2017-07-05,1,False
test,Q_c84549cafd5c053b83d0,2,1,2017-06-28,2017-06-28,1,False
test,Q_c8461f8a1b387604d112,2,1,2017-12-06,2017-12-06,1,False
test,Q_c8bd141886093b11ae55,2,1,2017-05-24,2017-05-24,1,False
test,Q_c8be151ea4bddec94a49,2,1,2017-08-02,2017-08-02,1,False
test,Q_c8c9a9dd035170273b49,2,1,2017-05-17,2017-05-17,1,False
test,Q_c8eaf62419fb32440bdc,2,1,2017-07-26,2017-07-26,1,False
test,Q_c924b22a7629fd84e14e,2,1,2017-05-17,2017-05-17,1,False
test,Q_c940aea4526a700584ce,2,1,2017-06-14,2017-06-14,1,False
test,Q_c95d3aacdf0eeff520a1,2,1,2018-01-24,2018-01-24,1,False
test,Q_c99ccda97b4662c7deb5,2,1,2017-11-29,2017-11-29,1,False
test,Q_c9a28b906524309e6f4d,2,1,2017-11-22,2017-11-22,1,False
test,Q_c9d42d37124c99607471,2,1,2017-06-14,2017-06-14,1,False
test,Q_ca00acd9347d0d7ae244,2,1,2017-05-17,2017-05-17,1,False
test,Q_ca4ccba82a11c60bd2b8,2,1,2017-07-05,2017-07-05,1,False
test,Q_ca87d818514b028244de,2,1,2017-08-02,2017-08-02,1,False
test,Q_cac39e40fbf94fc6cf76,2,1,2017-10-11,2017-10-11,1,False
test,Q_cad714c804be8d0266bf,2,1,2017-11-22,2017-11-22,1,False
test,Q_cb030b221d32024aa936,2,1,2017-09-06,2017-09-06,1,False
test,Q_cb11686c09ef1caababa,2,1,2017-06-14,2017-06-14,1,False
test,Q_cb2a705b98f6aa35a752,2,1,2017-06-28,2017-06-28,1,False
test,Q_cb315c516aaded25059c,2,1,2017-10-04,2017-10-04,1,False
test,Q_cb37f0a2c397f6141a85,2,1,2017-10-18,2017-10-18,1,False
test,Q_cb75d7c276781a63c3a1,2,1,2017-11-22,2017-11-22,1,False
test,Q_cb86848bc5fe3c58b0b9,2,1,2017-08-02,2017-08-02,1,False
test,Q_cba6acd64236c247c1c3,2,1,2017-09-27,2017-09-27,1,False
test,Q_cbaa3e1899a73d5979f8,2,1,2017-07-05,2017-07-05,1,False
test,Q_cbc5b7986c2607dd3d61,2,1,2017-11-01,2017-11-01,1,False
test,Q_cbd690083772dbcec7a7,2,1,2017-10-25,2017-10-25,1,False
test,Q_cbf93bb2e96ca6d8787e,2,1,2017-06-28,2017-06-28,1,False
test,Q_cc16a2056766e4bdfc2b,2,1,2017-12-27,2017-12-27,1,False
test,Q_cc3a88f9d9f8d993ac52,2,1,2017-10-25,2017-10-25,1,False
test,Q_cc79934d68f43213a260,2,1,2017-06-14,2017-06-14,1,False
test,Q_cc85c05f81665e1e771b,2,1,2017-10-04,2017-10-04,1,False
test,Q_ccbd51f998256bc32a54,2,1,2017-11-15,2017-11-15,1,False
test,Q_ccf3d2de3ef50a26a488,2,1,2018-01-10,2018-01-10,1,False
test,Q_ccf51405031db0c9e3bd,2,1,2017-11-08,2017-11-08,1,False
test,Q_cd18ecdd0105a6483c00,2,1,2017-12-20,2017-12-20,1,False
test,Q_cd202a811dfda0e35a67,2,1,2017-10-18,2017-10-18,1,False
test,Q_cd3c46b28f380a065e9c,2,1,2017-12-20,2017-12-20,1,False
test,Q_cd6be14c7a9eb159e50d,2,1,2017-05-31,2017-05-31,1,False
test,Q_cd6d641e941a1e8ec924,2,1,2017-06-14,2017-06-14,1,False
test,Q_cde9272d82da939353fe,2,1,2017-11-22,2017-11-22,1,False
test,Q_cdeb41eaa044e2a56e58,2,1,2017-12-20,2017-12-20,1,False
test,Q_ce30d229be3d6a49afff,2,1,2017-06-21,2017-06-21,1,False
test,Q_ce5457eacf6ccf0f9b01,2,1,2017-11-01,2017-11-01,1,False
test,Q_ce86355424e087d5829c,2,1,2018-01-24,2018-01-24,1,False
test,Q_ce881e06c999caae441f,2,1,2017-10-18,2017-10-18,1,False
test,Q_ce899e75aae970c34492,2,1,2017-09-06,2017-09-06,1,False
test,Q_ceae4c618b5b3826ed13,2,1,2017-11-01,2017-11-01,1,False
test,Q_cec186332908b08370db,2,1,2017-11-22,2017-11-22,1,False
test,Q_cec7c3bfa6fa840f8597,2,1,2017-05-17,2017-05-17,1,False
test,Q_cf4ef72ec10a6384a35f,2,1,2017-09-13,2017-09-13,1,False
test,Q_cfae144c7f434d5ef99c,2,1,2017-05-31,2017-05-31,1,False
test,Q_cfc14a1e5ba48a4c6ea4,2,1,2017-09-06,2017-09-06,1,False
test,Q_cfcd0d09b00f3d0b0561,2,1,2017-06-28,2017-06-28,1,False
test,Q_d00028ed367529fa2352,2,1,2017-06-28,2017-06-28,1,False
test,Q_d00d51dd992b935b243c,2,1,2017-08-02,2017-08-02,1,False
test,Q_d00f35c509fe6463b35a,2,1,2017-11-01,2017-11-01,1,False
test,Q_d0538c1f02296adfe80e,2,1,2017-10-04,2017-10-04,1,False
test,Q_d071e95734dbd300a14f,2,1,2017-12-27,2017-12-27,1,False
test,Q_d09e51c090ec54110428,2,1,2017-07-19,2017-07-19,1,False
test,Q_d0aa193678a3468a0ca9,2,1,2017-10-04,2017-10-04,1,False
test,Q_d0c06702a8332982f001,2,1,2017-07-19,2017-07-19,1,False
test,Q_d11f46c3c45a9d8a488e,2,1,2017-08-09,2017-08-09,1,False
test,Q_d1232d7d2a4b22df40d5,2,1,2017-06-14,2017-06-14,1,False
test,Q_d15e79f94433337b300a,2,1,2017-05-17,2017-05-17,1,False
test,Q_d1656ac0b177acfabcf4,2,1,2017-06-21,2017-06-21,1,False
test,Q_d18417c16796f0137ff4,2,1,2017-11-22,2017-11-22,1,False
test,Q_d1a48a4eaf3f3e5f950f,2,1,2017-08-09,2017-08-09,1,False
test,Q_d1e101432d72caaaf75f,2,1,2017-09-06,2017-09-06,1,False
test,Q_d1e5990729fcacd1d390,2,1,2017-09-20,2017-09-20,1,False
test,Q_d1e8ff2f6020e9f8f4da,2,1,2017-05-17,2017-05-17,1,False
test,Q_d1f62a078dec1149028e,2,1,2017-11-01,2017-11-01,1,False
test,Q_d20b0d4b687be29a5f0b,2,1,2017-05-17,2017-05-17,1,False
test,Q_d226d6d2d5d903f46581,2,1,2017-10-18,2017-10-18,1,False
test,Q_d228af9f1bc18724937c,2,1,2017-05-24,2017-05-24,1,False
test,Q_d250518ba809e26f08f3,2,1,2017-09-20,2017-09-20,1,False
test,Q_d27a32351d805760909e,2,1,2017-11-15,2017-11-15,1,False
test,Q_d27caf1344dddee383f5,2,1,2017-08-02,2017-08-02,1,False
test,Q_d2b9a84b9e3e25614878,2,1,2017-11-01,2017-11-01,1,False
test,Q_d2e07c9533dcfb66f244,2,1,2018-01-03,2018-01-03,1,False
test,Q_d2eb987a41c238f3a15a,2,1,2018-01-31,2018-01-31,1,False
test,Q_d36ce3fea8159311cbe5,2,1,2017-11-08,2017-11-08,1,False
test,Q_d3769605206dc3cb85a6,2,1,2017-12-27,2017-12-27,1,False
test,Q_d3b9bfaa87b267e63bbd,2,1,2017-06-14,2017-06-14,1,False
test,Q_d3ba71dd6a9de9e9f879,2,1,2017-08-23,2017-08-23,1,False
test,Q_d3db07226b458b40b297,2,1,2017-08-09,2017-08-09,1,False
test,Q_d4360a0796184f0e65e7,2,1,2017-06-07,2017-06-07,1,False
test,Q_d4398ac7fcc25e6ed3c7,2,1,2017-05-17,2017-05-17,1,False
test,Q_d445fafa64a2e023b904,2,1,2017-06-21,2017-06-21,1,False
test,Q_d4656c39f1a5216f07fa,2,1,2017-08-23,2017-08-23,1,False
test,Q_d48fe98c307bcc1f5ae7,2,1,2017-06-07,2017-06-07,1,False
test,Q_d4db0ab98a8a3140b6cd,2,1,2018-01-24,2018-01-24,1,False
test,Q_d4ed0c4b72e0f3d14456,2,1,2017-10-04,2017-10-04,1,False
test,Q_d4f473b24ff731f6545c,2,1,2017-11-29,2017-11-29,1,False
test,Q_d4fc04fb4debeb40d4cc,2,1,2017-07-05,2017-07-05,1,False
test,Q_d50583047103c334d4a8,2,1,2017-08-16,2017-08-16,1,False
test,Q_d535e198e5dd06009a94,2,1,2017-11-01,2017-11-01,1,False
test,Q_d5520ef57092641ff791,2,1,2017-11-15,2017-11-15,1,False
test,Q_d5679775eadaabb45c2e,2,1,2017-06-21,2017-06-21,1,False
test,Q_d57091dfe2ea55837fad,2,1,2017-10-04,2017-10-04,1,False
test,Q_d5769a9a84cf11d7d9c8,2,1,2018-01-17,2018-01-17,1,False
test,Q_d5b0e6fe8440680c3cb5,2,1,2017-12-27,2017-12-27,1,False
test,Q_d5c7b4115f907fb6d512,2,1,2017-06-21,2017-06-21,1,False
test,Q_d5de451e1687e0e1711f,2,1,2017-08-23,2017-08-23,1,False
test,Q_d5e90a17ef5263ffb1a2,2,1,2017-06-21,2017-06-21,1,False
test,Q_d5f6254f1b44083d4137,2,1,2017-08-02,2017-08-02,1,False
test,Q_d647c2fa1a9a2261ab06,2,1,2017-08-30,2017-08-30,1,False
test,Q_d68327fd9a5f21f4ad74,2,1,2017-06-14,2017-06-14,1,False
test,Q_d68589a1f0741cd0189e,2,1,2017-06-14,2017-06-14,1,False
test,Q_d6fbb07528b7550d08b3,2,1,2017-06-14,2017-06-14,1,False
test,Q_d7642657e143ccd6febe,2,1,2017-06-14,2017-06-14,1,False
test,Q_d78060646615b4566729,2,1,2017-11-22,2017-11-22,1,False
test,Q_d7a5b9ee5d124e8984cf,2,1,2017-05-31,2017-05-31,1,False
test,Q_d7bf0cb14f0aec8cfc3d,2,1,2017-10-11,2017-10-11,1,False
test,Q_d7c3b8b6bfe744796f7c,2,1,2017-05-31,2017-05-31,1,False
test,Q_d7dfb41e84976afcfc56,2,1,2017-12-27,2017-12-27,1,False
test,Q_d7e05b86cd882dd78892,2,1,2017-05-31,2017-05-31,1,False
test,Q_d7eebfd1d138df54e220,2,1,2017-09-20,2017-09-20,1,False
test,Q_d83115a8cc4ec597b70e,2,1,2017-09-06,2017-09-06,1,False
test,Q_d8999c51b5713273dd83,2,1,2017-05-17,2017-05-17,1,False
test,Q_d8f30062acb3a69f88bd,2,1,2017-06-07,2017-06-07,1,False
test,Q_d906df1c9c9b23e8552d,2,1,2017-09-20,2017-09-20,1,False
test,Q_d922d0b00c8cf9de723b,2,1,2017-08-09,2017-08-09,1,False
test,Q_d97c75544c697adb178e,2,1,2018-01-24,2018-01-24,1,False
test,Q_d9afb22bb40bd8ce84f5,2,1,2017-05-31,2017-05-31,1,False
test,Q_d9ccdfa8b61b20988d79,2,1,2017-09-13,2017-09-13,1,False
test,Q_d9de34358ca9180b028b,2,1,2017-08-09,2017-08-09,1,False
test,Q_d9fd99992a74fb5e0f8a,2,1,2017-05-17,2017-05-17,1,False
test,Q_da08297e2331ebd55b62,2,1,2017-08-16,2017-08-16,1,False
test,Q_da2f8d95d6393032f27a,2,1,2017-06-28,2017-06-28,1,False
test,Q_da50e79c66316cdf97c1,2,1,2017-08-23,2017-08-23,1,False
test,Q_da6160ba1c7ebcd7f118,2,1,2018-01-03,2018-01-03,1,False
test,Q_da6b04808605756edfd0,2,1,2017-12-27,2017-12-27,1,False
test,Q_da9815d73cdf70bfb911,2,1,2017-11-15,2017-11-15,1,False
test,Q_dab1744042c5d094f997,2,1,2017-08-23,2017-08-23,1,False
test,Q_db1460af5aaf59e84742,2,1,2017-06-28,2017-06-28,1,False
test,Q_db8a185ceda177630861,2,1,2017-11-01,2017-11-01,1,False
test,Q_db94675621a2ca29734e,2,1,2017-08-16,2017-08-16,1,False
test,Q_dbc91bd23387386090be,2,1,2017-11-01,2017-11-01,1,False
test,Q_dbe51b12dbe4e13d98a0,2,1,2017-09-06,2017-09-06,1,False
test,Q_dc32ab269fd09ec80f02,2,1,2017-08-02,2017-08-02,1,False
test,Q_dcfe34501ef5a7465f8e,2,1,2017-05-31,2017-05-31,1,False
test,Q_dd177aac0ce78e8720d3,2,1,2017-06-14,2017-06-14,1,False
test,Q_dd1b6e9caf2e3c65046c,2,1,2017-06-21,2017-06-21,1,False
test,Q_dd6b51e190e6cdc92163,2,1,2017-12-27,2017-12-27,1,False
test,Q_dd8b7cddd66874d5bcd9,2,1,2017-07-26,2017-07-26,1,False
test,Q_dddfa2070fed26fbfcc1,2,1,2017-11-22,2017-11-22,1,False
test,Q_dde2cddb0bf57f655583,2,1,2017-09-13,2017-09-13,1,False
test,Q_de411ffe2562ef2f91dc,2,1,2017-12-27,2017-12-27,1,False
test,Q_de45149d8951badef4eb,2,1,2017-09-20,2017-09-20,1,False
test,Q_de6bb8a3f04f3f789edb,2,1,2017-10-11,2017-10-11,1,False
test,Q_de7c98efdcea52343783,2,1,2018-01-03,2018-01-03,1,False
test,Q_de897aa11948853ef044,2,1,2017-08-16,2017-08-16,1,False
test,Q_de8d4bb6dcfff43d131e,2,1,2017-10-04,2017-10-04,1,False
test,Q_dee4edee91baba9a9026,2,1,2017-06-28,2017-06-28,1,False
test,Q_defebcf8187cd4f2fd49,2,1,2017-05-31,2017-05-31,1,False
test,Q_df0a83a3c8832fafb638,2,1,2017-06-21,2017-06-21,1,False
test,Q_df234a86226b67dde32e,2,1,2017-06-14,2017-06-14,1,False
test,Q_df25c7e2a82ce2af2529,2,1,2017-09-27,2017-09-27,1,False
test,Q_df300ae93b38dcf3bf2f,2,1,2018-01-03,2018-01-03,1,False
test,Q_df3d3c9291dbbc39bad8,2,1,2017-06-14,2017-06-14,1,False
test,Q_df3e9365eeb51a569f40,2,1,2017-05-17,2017-05-17,1,False
test,Q_df7025c350c927d63f81,2,1,2017-11-22,2017-11-22,1,False
test,Q_dfaf338b59db1805de6e,2,1,2017-07-05,2017-07-05,1,False
test,Q_dfc4a3053a9f1b62857d,2,1,2017-11-01,2017-11-01,1,False
test,Q_dfc91830c03f2a03323e,2,1,2018-01-17,2018-01-17,1,False
test,Q_dfea85a06d2e9daa06bb,2,1,2017-11-01,2017-11-01,1,False
test,Q_e0061351e5ccd6048b8a,2,1,2017-07-26,2017-07-26,1,False
test,Q_e03984916d8c6d5e7d2e,2,1,2017-05-24,2017-05-24,1,False
test,Q_e0485588f1b0524f43f8,2,1,2017-09-06,2017-09-06,1,False
test,Q_e04b9d7f5a05b08c227a,2,1,2017-09-13,2017-09-13,1,False
test,Q_e05016c948843972f63c,2,1,2017-11-15,2017-11-15,1,False
test,Q_e054e8e578a0b1d4c691,2,1,2017-09-13,2017-09-13,1,False
test,Q_e07bc2436d5339aac2da,2,1,2017-05-24,2017-05-24,1,False
test,Q_e0bed8b988415ccd3998,2,1,2017-11-22,2017-11-22,1,False
test,Q_e0d661dd800fea5a73ba,2,1,2017-07-26,2017-07-26,1,False
test,Q_e10eaba0166f937e3491,2,1,2017-11-15,2017-11-15,1,False
test,Q_e12a509feb29f16f9ee0,2,1,2017-09-06,2017-09-06,1,False
test,Q_e135eb6c2c3307d5f816,2,1,2017-07-26,2017-07-26,1,False
test,Q_e1723eeeef67ff0cffe8,2,1,2017-08-23,2017-08-23,1,False
test,Q_e1cf0dd8c663c432a758,2,1,2017-05-24,2017-05-24,1,False
test,Q_e223dc5e58f163faf6ba,2,1,2017-10-25,2017-10-25,1,False
test,Q_e22d6c2e95c07e2654db,2,1,2017-11-22,2017-11-22,1,False
test,Q_e26b32d37ef08b371294,2,1,2017-06-14,2017-06-14,1,False
test,Q_e2aaa1ac70bf7e645a4a,2,1,2017-08-02,2017-08-02,1,False
test,Q_e306d09d0bde17d90a11,2,1,2017-09-06,2017-09-06,1,False
test,Q_e30dc2f5b21c6cc5929b,2,1,2017-09-06,2017-09-06,1,False
test,Q_e311ba3cafc6e4bf02fe,2,1,2017-05-17,2017-05-17,1,False
test,Q_e34843d8f4787c455bf4,2,1,2017-08-23,2017-08-23,1,False
test,Q_e35f328a6d46de47221c,2,1,2017-10-04,2017-10-04,1,False
test,Q_e3ab64fc01bddaaad11f,2,1,2018-01-31,2018-01-31,1,False
test,Q_e3e1e24d829fc32d2bdd,2,1,2017-10-18,2017-10-18,1,False
test,Q_e3e5e0aee4f07e14dbab,2,1,2017-09-06,2017-09-06,1,False
test,Q_e3f6cecd40ccd075ecb6,2,1,2017-10-04,2017-10-04,1,False
test,Q_e440ce306849d19044ba,2,1,2017-08-23,2017-08-23,1,False
test,Q_e47005ead5ad18968a5a,2,1,2017-07-05,2017-07-05,1,False
test,Q_e4e2abdf773d5c45a5a6,2,1,2017-11-29,2017-11-29,1,False
test,Q_e4f478f0981222a959b3,2,1,2017-08-16,2017-08-16,1,False
test,Q_e503333515fdbd1f90d6,2,1,2017-12-20,2017-12-20,1,False
test,Q_e511c5ad75a81d975eff,2,1,2017-06-14,2017-06-14,1,False
test,Q_e53445c27ddffc435709,2,1,2017-12-13,2017-12-13,1,False
test,Q_e5436e1347b01d364a66,2,1,2017-11-15,2017-11-15,1,False
test,Q_e55e168557be6a02def2,2,1,2017-12-20,2017-12-20,1,False
test,Q_e56f0bea9c4495f28d78,2,1,2017-11-22,2017-11-22,1,False
test,Q_e577fdf12885ebb63b3d,2,1,2017-06-14,2017-06-14,1,False
test,Q_e5ab242d1d6510c8acb9,2,1,2017-07-05,2017-07-05,1,False
test,Q_e6568aa2b64fa21accff,2,1,2017-10-11,2017-10-11,1,False
test,Q_e6694202a628a1725db7,2,1,2017-11-08,2017-11-08,1,False
test,Q_e6b85fd21300c89eb6bd,2,1,2017-10-04,2017-10-04,1,False
test,Q_e6bb51c19b214742bde6,2,1,2017-06-14,2017-06-14,1,False
test,Q_e6fe788c0adaa0439e8b,2,1,2017-07-26,2017-07-26,1,False
test,Q_e713e4d1e5626e3d2219,2,1,2017-06-21,2017-06-21,1,False
test,Q_e72d26e251a8b8719558,2,1,2018-01-24,2018-01-24,1,False
test,Q_e72ead79815044a1ac9a,2,1,2017-10-11,2017-10-11,1,False
test,Q_e76f44de82e91f82b8a7,2,1,2017-06-28,2017-06-28,1,False
test,Q_e7d24488c9dedc9b2f12,2,1,2017-07-26,2017-07-26,1,False
test,Q_e7d5a6520e3c2b1b6623,2,1,2017-08-23,2017-08-23,1,False
test,Q_e7dfcd33b16a3314c846,2,1,2017-10-18,2017-10-18,1,False
test,Q_e7f3b8a40b4d9a387261,2,1,2017-11-01,2017-11-01,1,False
test,Q_e7f48c2ee07b94b98440,2,1,2017-10-04,2017-10-04,1,False
test,Q_e849e92ce9c7909d9eb7,2,1,2017-10-04,2017-10-04,1,False
test,Q_e84c6355682aa84284b5,2,1,2017-09-06,2017-09-06,1,False
test,Q_e89237bb846dcd9c4929,2,1,2017-06-07,2017-06-07,1,False
test,Q_e893e51a85284e3a94cf,2,1,2017-08-02,2017-08-02,1,False
test,Q_e89d0d1fbb9b3a80c960,2,1,2017-05-17,2017-05-17,1,False
test,Q_e927b476767b03dd6aa5,2,1,2017-08-16,2017-08-16,1,False
test,Q_e9adb56ceda2055481e0,2,1,2017-05-24,2017-05-24,1,False
test,Q_e9e071058445e39b66d9,2,1,2018-01-03,2018-01-03,1,False
test,Q_ea6dc7214f5c43702ea4,2,1,2017-11-08,2017-11-08,1,False
test,Q_ea7bc2af666520847de0,2,1,2017-07-26,2017-07-26,1,False
test,Q_ea906d9f29eac6651919,2,1,2017-11-01,2017-11-01,1,False
test,Q_eae0345414db6fdcbcbc,2,1,2017-08-02,2017-08-02,1,False
test,Q_eaffd0a4d8c8d171abda,2,1,2017-10-04,2017-10-04,1,False
test,Q_eb24aa5c0828f3eeb25e,2,1,2017-06-14,2017-06-14,1,False
test,Q_eb67fe6dd7d3f35d8ec5,2,1,2017-06-14,2017-06-14,1,False
test,Q_ebbe26490206cf0220e2,2,1,2017-06-14,2017-06-14,1,False
test,Q_ec25153baf33237f1067,2,1,2017-10-04,2017-10-04,1,False
test,Q_ec2daefb77a74ef4c7ee,2,1,2017-11-22,2017-11-22,1,False
test,Q_ec3fee20b2a922a0a03c,2,1,2017-12-27,2017-12-27,1,False
test,Q_ec402384d9114e7aad01,2,1,2017-05-31,2017-05-31,1,False
test,Q_ec43e9cd2db75aff1c45,2,1,2017-08-09,2017-08-09,1,False
test,Q_ec7971b90a8e426dc4e9,2,1,2018-01-10,2018-01-10,1,False
test,Q_ec868c0e9d0faa1a7a1e,2,1,2017-11-01,2017-11-01,1,False
test,Q_ecb744e12d92271aa814,2,1,2017-09-13,2017-09-13,1,False
test,Q_ecca6b764a441aea73fb,2,1,2017-10-18,2017-10-18,1,False
test,Q_ece52e4363dcc7c642c9,2,1,2017-05-17,2017-05-17,1,False
test,Q_ecf0d01ae1b36599093c,2,1,2017-09-27,2017-09-27,1,False
test,Q_ecf105f307acdfd9ec0f,2,1,2017-09-27,2017-09-27,1,False
test,Q_ed3129d3c2b7d88e10fb,2,1,2017-06-28,2017-06-28,1,False
test,Q_ed31d457f6ccf2ebd98e,2,1,2017-08-23,2017-08-23,1,False
test,Q_ed77656e942b5ee06035,2,1,2017-05-17,2017-05-17,1,False
test,Q_ed7d0ec95622d1727737,2,1,2017-11-15,2017-11-15,1,False
test,Q_ed84552481e1267c86ec,2,1,2017-10-25,2017-10-25,1,False
test,Q_ed8c63ae94f9fab400aa,2,1,2017-05-17,2017-05-17,1,False
test,Q_eda76369baeb801db9b9,2,1,2017-12-27,2017-12-27,1,False
test,Q_ede76dba7e557ab53a41,2,1,2017-10-11,2017-10-11,1,False
test,Q_ee20095876dedd404431,2,1,2017-06-28,2017-06-28,1,False
test,Q_ee690e5a337aa346d05a,2,1,2017-06-07,2017-06-07,1,False
test,Q_ee753305b88d8d4a6f7a,2,1,2017-08-09,2017-08-09,1,False
test,Q_ef03a7e03496a05c9719,2,1,2017-11-08,2017-11-08,1,False
test,Q_ef147519ae7b97a96bf8,2,1,2017-05-24,2017-05-24,1,False
test,Q_ef17824c12368bf2a5d7,2,1,2017-11-15,2017-11-15,1,False
test,Q_ef29015773385bdaa473,2,1,2017-06-07,2017-06-07,1,False
test,Q_ef3680610b2adf60293b,2,1,2017-05-31,2017-05-31,1,False
test,Q_ef5fb22275cf0310d69d,2,1,2017-06-07,2017-06-07,1,False
test,Q_ef84072994425922da3b,2,1,2017-05-17,2017-05-17,1,False
test,Q_ef92513cdcaa030a5456,2,1,2017-09-27,2017-09-27,1,False
test,Q_ef95b99dccb257341766,2,1,2017-10-11,2017-10-11,1,False
test,Q_efae9fce247791a613ad,2,1,2017-11-22,2017-11-22,1,False
test,Q_efb296c3fa6d09d7f061,2,1,2017-06-21,2017-06-21,1,False
test,Q_efe4ca6f8c3047c22a4f,2,1,2017-06-14,2017-06-14,1,False
test,Q_f02981c32344e990866b,2,1,2017-10-11,2017-10-11,1,False
test,Q_f04ed0ee2b18d8417e6f,2,1,2017-06-21,2017-06-21,1,False
test,Q_f067406e15095ac17f1f,2,1,2017-07-26,2017-07-26,1,False
test,Q_f076885332b885180f69,2,1,2017-08-23,2017-08-23,1,False
test,Q_f0ca860f5d5ca044a34a,2,1,2017-07-26,2017-07-26,1,False
test,Q_f0ee48128f2770cc6c03,2,1,2017-11-15,2017-11-15,1,False
test,Q_f149f622cc49f942c99d,2,1,2018-01-24,2018-01-24,1,False
test,Q_f16afb919cfc4b016de0,2,1,2018-01-24,2018-01-24,1,False
test,Q_f1bd3b61420c2493b8fa,2,1,2017-10-11,2017-10-11,1,False
test,Q_f1d213e34c26d34339d0,2,1,2017-06-21,2017-06-21,1,False
test,Q_f24f83167e808dfe4c4d,2,1,2017-08-09,2017-08-09,1,False
test,Q_f2686d63a47bb621a25b,2,1,2017-06-07,2017-06-07,1,False
test,Q_f29f6077434037c7f760,2,1,2017-08-02,2017-08-02,1,False
test,Q_f2e9ffbf053b7e972116,2,1,2017-08-02,2017-08-02,1,False
test,Q_f3131410239b27f21c99,2,1,2017-05-24,2017-05-24,1,False
test,Q_f31ac7618988ed2dc7cf,2,1,2017-09-06,2017-09-06,1,False
test,Q_f333c1cd0869a293e65f,2,1,2017-05-24,2017-05-24,1,False
test,Q_f33ef2697e313dae9f64,2,1,2017-06-14,2017-06-14,1,False
test,Q_f34de3655dc85babda81,2,1,2017-11-29,2017-11-29,1,False
test,Q_f35cdd2c1f3cf870b460,2,1,2017-06-14,2017-06-14,1,False
test,Q_f3a8251c2065e9b5be67,2,1,2017-08-16,2017-08-16,1,False
test,Q_f42a940fc0239f0f05cb,2,1,2017-05-17,2017-05-17,1,False
test,Q_f44fd9a63bdb71ddf766,2,1,2017-05-17,2017-05-17,1,False
test,Q_f465d2c596eb7470d2a5,2,1,2017-06-28,2017-06-28,1,False
test,Q_f4c6bb5a2cfa007aa12c,2,1,2018-01-10,2018-01-10,1,False
test,Q_f4d2d2fa2b747bb9ff5c,2,1,2017-07-12,2017-07-12,1,False
test,Q_f500deed814c80f5dfc2,2,1,2017-08-23,2017-08-23,1,False
test,Q_f51e6c8e23d07ddd63f0,2,1,2017-08-09,2017-08-09,1,False
test,Q_f5227de5fc8155304a72,2,1,2017-08-02,2017-08-02,1,False
test,Q_f5363d13fe9c18d306f2,2,1,2017-10-11,2017-10-11,1,False
test,Q_f5565c77afbbfec60111,2,1,2017-06-21,2017-06-21,1,False
test,Q_f55d43f66a76845097b7,2,1,2018-01-03,2018-01-03,1,False
test,Q_f58ffdd3eb6685b4e140,2,1,2017-12-20,2017-12-20,1,False
test,Q_f5a88ca27abb3c939f31,2,1,2017-06-21,2017-06-21,1,False
test,Q_f5ac669ad92c4cc92fe6,2,1,2017-11-15,2017-11-15,1,False
test,Q_f5b73825a236dbdcb6b9,2,1,2017-11-29,2017-11-29,1,False
test,Q_f5b767901729fb1143d6,2,1,2017-10-04,2017-10-04,1,False
test,Q_f5dac4bb9c436672285d,2,1,2017-12-27,2017-12-27,1,False
test,Q_f5db78bdeb143c33fcc3,2,1,2017-07-19,2017-07-19,1,False
test,Q_f60761f82638039b6b2b,2,1,2017-11-22,2017-11-22,1,False
test,Q_f6261db16531a9d4961b,2,1,2017-07-26,2017-07-26,1,False
test,Q_f635c26b4c71e36b98b2,2,1,2017-10-18,2017-10-18,1,False
test,Q_f6495d429483de913383,2,1,2017-09-13,2017-09-13,1,False
test,Q_f655bfefd235f96a0f7b,2,1,2017-07-19,2017-07-19,1,False
test,Q_f6ab88d4e159c1603bc0,2,1,2018-01-24,2018-01-24,1,False
test,Q_f6de0d3d10a86df3c4d2,2,1,2017-11-29,2017-11-29,1,False
test,Q_f7138ceb144543efe87a,2,1,2017-08-16,2017-08-16,1,False
test,Q_f7184c7562fd01750237,2,1,2018-01-03,2018-01-03,1,False
test,Q_f731258a08971aef11ee,2,1,2017-08-16,2017-08-16,1,False
test,Q_f748d94a2068610cbdad,2,1,2017-10-11,2017-10-11,1,False
test,Q_f7a20b152f66fee4f903,2,1,2017-09-06,2017-09-06,1,False
test,Q_f7a42914261693d54381,2,1,2017-09-27,2017-09-27,1,False
test,Q_f7bc57bb579fba045bcb,2,1,2017-09-06,2017-09-06,1,False
test,Q_f7d5fcfc588da58a24a6,2,1,2017-08-23,2017-08-23,1,False
test,Q_f7dee0c1f3b598fb1874,2,1,2017-11-15,2017-11-15,1,False
test,Q_f81c501ab1e09a9fd0fe,2,1,2017-06-28,2017-06-28,1,False
test,Q_f84bc97b20ba1b49090e,2,1,2018-01-24,2018-01-24,1,False
test,Q_f87002aec8239f5623fc,2,1,2017-10-04,2017-10-04,1,False
test,Q_f882e80cc6ee7ab37267,2,1,2017-11-22,2017-11-22,1,False
test,Q_f894c5ec9bc1fa5208b5,2,1,2017-08-09,2017-08-09,1,False
test,Q_f8b5eb26ae83d244af2a,2,1,2017-09-27,2017-09-27,1,False
test,Q_f8d400278a59cbeb75f0,2,1,2017-06-28,2017-06-28,1,False
test,Q_f8f48896e91452ea077d,2,1,2017-08-16,2017-08-16,1,False
test,Q_f91416789002373ffe52,2,1,2017-11-01,2017-11-01,1,False
test,Q_f937ea5717c895f02efc,2,1,2017-11-29,2017-11-29,1,False
test,Q_f94ff4c07d4201d757e1,2,1,2017-11-15,2017-11-15,1,False
test,Q_f978719820f5bfa385aa,2,1,2017-11-22,2017-11-22,1,False
test,Q_f9c06f180cad727a34bd,2,1,2017-12-27,2017-12-27,1,False
test,Q_f9d4ce69e2d01a2f43ae,2,1,2017-05-31,2017-05-31,1,False
test,Q_f9db580783f1a64f0c97,2,1,2017-08-02,2017-08-02,1,False
test,Q_f9e76de98bd20a92a2a1,2,1,2017-08-09,2017-08-09,1,False
test,Q_f9f716c93e8735dd4244,2,1,2018-01-24,2018-01-24,1,False
test,Q_f9fe3394620e32c4ed49,2,1,2017-06-07,2017-06-07,1,False
test,Q_fa1892a5795793334978,2,1,2017-07-26,2017-07-26,1,False
test,Q_fa335e7e5b57428ee7b3,2,1,2017-10-18,2017-10-18,1,False
test,Q_fa662f3e4536bfe1c07b,2,1,2018-01-31,2018-01-31,1,False
test,Q_faee9bc644bf6dc1a794,2,1,2018-01-24,2018-01-24,1,False
test,Q_faf5dbbff88f8a9167e0,2,1,2017-10-25,2017-10-25,1,False
test,Q_fb6b1ed8db25bf95576f,2,1,2017-06-21,2017-06-21,1,False
test,Q_fb729cec6166a7060726,2,1,2017-07-26,2017-07-26,1,False
test,Q_fbccfa72f6c9a2d676ae,2,1,2017-11-15,2017-11-15,1,False
test,Q_fbf24ec48f3da01c8982,2,1,2017-11-01,2017-11-01,1,False
test,Q_fc0a51ce3b1e4be31c92,2,1,2017-09-06,2017-09-06,1,False
test,Q_fc39951fc087e9639bf8,2,1,2017-12-20,2017-12-20,1,False
test,Q_fccc232635d64def1c7f,2,1,2017-07-19,2017-07-19,1,False
test,Q_fcdbdcf115262277905e,2,1,2017-07-05,2017-07-05,1,False
test,Q_fd11781dce6810e89a4b,2,1,2017-06-14,2017-06-14,1,False
test,Q_fd3a29b7a981ab48640f,2,1,2017-06-21,2017-06-21,1,False
test,Q_fd6c8ec35b53036ae94b,2,1,2017-11-01,2017-11-01,1,False
test,Q_fdaac72624406e553108,2,1,2017-10-11,2017-10-11,1,False
test,Q_fddc86504e934b4a1e21,2,1,2017-07-05,2017-07-05,1,False
test,Q_fde9c6ce5136ecb932ce,2,1,2017-06-07,2017-06-07,1,False
test,Q_fdf443842102cba13484,2,1,2017-07-26,2017-07-26,1,False
test,Q_fdff1af513821a2201a7,2,1,2017-09-13,2017-09-13,1,False
test,Q_fe8c85452f168b3ff89b,2,1,2017-06-28,2017-06-28,1,False
test,Q_ff090f3275c105a050b7,2,1,2017-06-14,2017-06-14,1,False
test,Q_ff26b8e2477ea58c2842,2,1,2017-09-06,2017-09-06,1,False
test,Q_ff2f0726ffd03d297934,2,1,2017-06-28,2017-06-28,1,False
test,Q_ff302062496bec690d1b,2,1,2017-11-01,2017-11-01,1,False
test,Q_ff3dc5bf360da829a800,2,1,2017-11-15,2017-11-15,1,False
test,Q_ff42aabeb2b462ff3a08,2,1,2017-05-17,2017-05-17,1,False
test,Q_ff4630a6abe667317778,2,1,2017-06-14,2017-06-14,1,False
test,Q_ff4ea816bf4723635d9b,2,1,2017-08-09,2017-08-09,1,False
test,Q_ff62196326bc5ab52c81,2,1,2018-01-31,2018-01-31,1,False
test,Q_ff6f8014ecf919dd41df,2,1,2017-10-18,2017-10-18,1,False
test,Q_fff962ce49fbbe24683d,2,1,2017-08-02,2017-08-02,1,False
train,Q_0000b1e4dcbb81ccdccc,2,1,2015-07-29,2015-07-29,1,False
train,Q_0000d3c89528b4a8393e,2,1,2016-03-02,2016-03-02,1,False
train,Q_000ba42a299890a9e15c,2,1,2014-02-05,2014-02-05,1,False
train,Q_000d7094bc1cf5e1390b,2,1,2012-07-04,2012-07-04,1,False
train,Q_0013fc9fa725b28e24e4,2,1,2014-10-01,2014-10-01,1,False
train,Q_0018b6a1feeacc91ac5a,2,1,2014-02-05,2014-02-05,1,False
train,Q_001e39c60c67870d0cd1,2,1,2016-04-13,2016-04-13,1,False
train,Q_002327a8506d1dc8d60e,2,1,2013-07-03,2013-07-03,1,False
train,Q_0034d2515776d6cc782e,2,1,2016-07-06,2016-07-06,1,False
train,Q_003cf37720fb51308d39,2,1,2013-02-13,2013-02-13,1,False
train,Q_00548900a925030e27b6,2,1,2014-03-12,2014-03-12,1,False
train,Q_005be1370546a48d9907,2,1,2014-06-25,2014-06-25,1,False
train,Q_005dd7a4a5b9fd5b7d2b,2,1,2016-02-10,2016-02-10,1,False
train,Q_005de578ef34553e9ac3,2,1,2015-10-14,2015-10-14,1,False
train,Q_0063c3f8cb20dee82868,2,1,2014-01-15,2014-01-15,1,False
train,Q_007050ab50041433fda3,2,1,2016-06-01,2016-06-01,1,False
train,Q_0075c54f1755c94d880b,2,1,2013-04-10,2013-04-10,1,False
train,Q_0084dcd272875cb8e572,2,1,2015-07-01,2015-07-01,1,False
train,Q_008750107b38fdb23012,2,1,2013-01-30,2013-01-30,1,False
train,Q_008d9dcf7406baaad119,2,1,2015-05-20,2015-05-20,1,False
train,Q_009055cea7fc67148c0d,2,1,2014-10-29,2014-10-29,1,False
train,Q_00a003c7cde94ec34b6c,2,1,2013-02-13,2013-02-13,1,False
train,Q_00a9c07d2e7c98787677,2,1,2013-03-27,2013-03-27,1,False
train,Q_00ae5af57475bcb3eb97,2,1,2015-07-01,2015-07-01,1,False
train,Q_00bced415df07d0beafa,2,1,2016-08-24,2016-08-24,1,False
train,Q_00bfdd1cc2060bf9f1a1,2,1,2012-10-03,2012-10-03,1,False
train,Q_00c1eee70ee68f78a5aa,2,1,2015-05-06,2015-05-06,1,False
train,Q_00e004bf057df16d7e66,2,1,2013-03-13,2013-03-13,1,False
train,Q_00e2c822a8a705129f43,2,1,2012-12-19,2012-12-19,1,False
train,Q_00e67dcacb1169bb954b,2,1,2013-12-04,2013-12-04,1,False
train,Q_00efce738d807c54b22d,2,1,2016-04-06,2016-04-06,1,False
train,Q_00f54a6793864860ec31,2,1,2013-12-25,2013-12-25,1,False
train,Q_010255382e71cee5b334,2,1,2013-01-16,2013-01-16,1,False
train,Q_010a8e5e04fef1b10d29,2,1,2013-10-02,2013-10-02,1,False
train,Q_010d1f0b6a88f3247f09,2,1,2016-06-01,2016-06-01,1,False
train,Q_010ff3911241a5bcc930,2,1,2015-06-10,2015-06-10,1,False
train,Q_011d91be1f15854c071c,2,1,2016-03-23,2016-03-23,1,False
train,Q_0125b95cc88dd8be75ef,2,1,2013-12-04,2013-12-04,1,False
train,Q_013d7f01b95bb403027a,2,1,2014-03-12,2014-03-12,1,False
train,Q_01475d85bc392c0d659b,2,1,2015-09-16,2015-09-16,1,False
train,Q_014a559290d3970fcc7d,2,1,2013-11-20,2013-11-20,1,False
train,Q_015248c90d67f1561d90,2,1,2013-11-27,2013-11-27,1,False
train,Q_0165ddb7dfdea8c5edcc,2,1,2014-10-15,2014-10-15,1,False
train,Q_016dd095118f4d71a3a1,2,1,2014-12-17,2014-12-17,1,False
train,Q_016ec44ee40f99145785,2,1,2013-03-13,2013-03-13,1,False
train,Q_01712096037ffdd99e85,2,1,2014-05-21,2014-05-21,1,False
train,Q_017aaeae28dc0d1f2ffb,2,1,2015-08-19,2015-08-19,1,False
train,Q_0199af9175bbfa1f5986,2,1,2012-09-19,2012-09-19,1,False
train,Q_019a31169a8950c5b056,2,1,2012-08-15,2012-08-15,1,False
train,Q_01a1763786886bc2b10b,2,1,2016-07-27,2016-07-27,1,False
train,Q_01a5a3d1e089dd87b81a,2,1,2014-02-05,2014-02-05,1,False
train,Q_01a7b2de539941c90959,2,1,2016-02-03,2016-02-03,1,False
train,Q_01b6f6955177e3417255,2,1,2014-11-12,2014-11-12,1,False
train,Q_01bbe47ce3adaab3e051,2,1,2015-05-06,2015-05-06,1,False
train,Q_01c1da46846f31571ffa,2,1,2013-12-04,2013-12-04,1,False
train,Q_01ccad193e54a17e32b9,2,1,2014-01-15,2014-01-15,1,False
train,Q_01dcf9bc19e4577af232,2,1,2014-11-26,2014-11-26,1,False
train,Q_01e435eaa7a37fb76e5b,2,1,2014-07-23,2014-07-23,1,False
train,Q_01fb1c33983256251ddd,2,1,2013-08-21,2013-08-21,1,False
train,Q_01fdbb9b19d037c2fabc,2,1,2012-11-07,2012-11-07,1,False
train,Q_0200de35bbebb831784f,2,1,2015-02-04,2015-02-04,1,False
train,Q_021d30ab6add36377047,2,1,2013-02-13,2013-02-13,1,False
train,Q_022120160fd2136583c4,2,1,2012-08-01,2012-08-01,1,False
train,Q_0224a70668ed0d09091f,2,1,2012-11-28,2012-11-28,1,False
train,Q_024270b9e59e910511ec,2,1,2013-11-27,2013-11-27,1,False
train,Q_0245f6e03f7b38d7a026,2,1,2014-08-13,2014-08-13,1,False
train,Q_02464c0b8c09a6d3b8de,2,1,2014-04-16,2014-04-16,1,False
train,Q_02570c9562f7860f6218,2,1,2015-08-19,2015-08-19,1,False
train,Q_025734c9928bb556a3cd,2,1,2015-10-21,2015-10-21,1,False
train,Q_02671e5c123340e3c578,2,1,2015-09-09,2015-09-09,1,False
train,Q_0269b38b5c506aebc99e,2,1,2014-11-26,2014-11-26,1,False
train,Q_0269c665d6313a0e4c54,2,1,2014-01-22,2014-01-22,1,False
train,Q_026e8f2211df7919ff6a,2,1,2014-01-15,2014-01-15,1,False
train,Q_026ef493fdc2cd08c2e7,2,1,2012-12-19,2012-12-19,1,False
train,Q_027101ed5491495709ea,2,1,2016-04-13,2016-04-13,1,False
train,Q_02853a505c967f07cc28,2,1,2013-09-18,2013-09-18,1,False
train,Q_028e182fe8143d61e827,2,1,2016-05-04,2016-05-04,1,False
train,Q_028fdc15f766174cab03,2,1,2014-05-28,2014-05-28,1,False
train,Q_029bc512eb6ae7935d66,2,1,2012-11-07,2012-11-07,1,False
train,Q_02a88d86ef0440f56e91,2,1,2013-12-11,2013-12-11,1,False
train,Q_02b37ebd79f439c09253,2,1,2016-06-15,2016-06-15,1,False
train,Q_02b91c4be985401191eb,2,1,2015-09-16,2015-09-16,1,False
train,Q_02c40a55af3b694cd2df,2,1,2016-05-11,2016-05-11,1,False
train,Q_02cf74ae15b9b2f00dcb,2,1,2013-10-23,2013-10-23,1,False
train,Q_02dec2a3ecbb248f9a70,2,1,2012-08-08,2012-08-08,1,False
train,Q_02e170cd1d8d285c1f70,2,1,2016-08-10,2016-08-10,1,False
train,Q_02e86ee5c4b80d998ed2,2,1,2014-03-19,2014-03-19,1,False
train,Q_02ee62b7caeaf4961576,2,1,2014-02-05,2014-02-05,1,False
train,Q_02f0f2b9a7ae02c74c6a,2,1,2012-10-03,2012-10-03,1,False
train,Q_0304eab7bada1c91cf34,2,1,2016-04-27,2016-04-27,1,False
train,Q_031b197268ab8e5c9a66,2,1,2013-03-20,2013-03-20,1,False
train,Q_0322a3096980c40e2cd8,2,1,2015-03-25,2015-03-25,1,False
train,Q_0328a26d88c11145196a,2,1,2014-12-31,2014-12-31,1,False
train,Q_032c49e5e34c5563358c,2,1,2013-10-02,2013-10-02,1,False
train,Q_032d91ab280adfd18abe,2,1,2014-11-12,2014-11-12,1,False
train,Q_033a290a85ba40e9fbdf,2,1,2014-08-27,2014-08-27,1,False
train,Q_033dc4345bdf2e157cb2,2,1,2012-07-04,2012-07-04,1,False
train,Q_0340a0e1643f6698602e,2,1,2015-04-15,2015-04-15,1,False
train,Q_0344ac9d1ee8a1a0e54d,2,1,2014-05-07,2014-05-07,1,False
train,Q_034a04ecd091ece679fe,2,1,2014-12-03,2014-12-03,1,False
train,Q_034b501a13a785a25ec2,2,1,2014-02-12,2014-02-12,1,False
train,Q_034d3b682a09681a8891,2,1,2014-12-31,2014-12-31,1,False
train,Q_035fca72071556b69f17,2,1,2015-10-28,2015-10-28,1,False
train,Q_0360ec017946bb9fb7d4,2,1,2013-11-13,2013-11-13,1,False
train,Q_036796d680e3daaa8c6d,2,1,2014-02-05,2014-02-05,1,False
train,Q_036e76aa56f23afea697,2,1,2015-06-03,2015-06-03,1,False
train,Q_0375f8b94f9e8717f325,2,1,2014-06-04,2014-06-04,1,False
train,Q_037ed936b54e3afdfbfb,2,1,2015-10-28,2015-10-28,1,False
train,Q_0380f5b4befadbe71f88,2,1,2014-02-05,2014-02-05,1,False
train,Q_0387d2935da09a82db3d,2,1,2014-04-09,2014-04-09,1,False
train,Q_0389710268acada8c5a3,2,1,2015-06-03,2015-06-03,1,False
train,Q_039743aac5c5356aca75,2,1,2015-05-06,2015-05-06,1,False
train,Q_0399d3a5ebeee9b96ee3,2,1,2014-05-21,2014-05-21,1,False
train,Q_0399defd6268d5eb35ec,2,1,2016-03-16,2016-03-16,1,False
train,Q_03a62a1e58f96c463390,2,1,2013-09-18,2013-09-18,1,False
train,Q_03ad3408a8e5dd06572b,2,1,2015-04-22,2015-04-22,1,False
train,Q_03b43976a0a46e257ea0,2,1,2012-08-08,2012-08-08,1,False
train,Q_03b7aa85a9538636439c,2,1,2015-08-05,2015-08-05,1,False
train,Q_03b860e96a9ee4710367,2,1,2013-07-03,2013-07-03,1,False
train,Q_03bad37743d47f58400c,2,1,2014-05-07,2014-05-07,1,False
train,Q_03bd8d971e7c45416214,2,1,2016-06-01,2016-06-01,1,False
train,Q_03c36cfc31d6a2892b21,2,1,2015-07-29,2015-07-29,1,False
train,Q_03c3b26ab656603dc368,2,1,2015-06-10,2015-06-10,1,False
train,Q_03cf5e6e298fef19711c,2,1,2013-09-25,2013-09-25,1,False
train,Q_03d8b1c6bda11ef096a4,2,1,2014-04-23,2014-04-23,1,False
train,Q_03e13ee4b9820e2f1d54,2,1,2016-09-21,2016-09-21,1,False
train,Q_03e2a72613e29ade7768,2,1,2014-02-12,2014-02-12,1,False
train,Q_03e82da6fb22a496e36d,2,1,2015-12-16,2015-12-16,1,False
train,Q_03eefc19a603a47ad8e8,2,1,2013-05-29,2013-05-29,1,False
train,Q_03f0335682e7d3704ab5,2,1,2015-09-02,2015-09-02,1,False
train,Q_03f2b29e6fe59b632889,2,1,2014-06-11,2014-06-11,1,False
train,Q_03fd9e9e0cdd67345273,2,1,2013-05-01,2013-05-01,1,False
train,Q_03fe873ce6757144469c,2,1,2015-05-27,2015-05-27,1,False
train,Q_0403009e04e3b65d32c1,2,1,2013-06-19,2013-06-19,1,False
train,Q_0410c6e37d9b408c4e58,2,1,2016-08-17,2016-08-17,1,False
train,Q_0411e2f4bdccfb27817e,2,1,2016-01-27,2016-01-27,1,False
train,Q_041427b5885a0c8ed3c0,2,1,2013-10-02,2013-10-02,1,False
train,Q_04143bd47eded1ff22db,2,1,2015-12-23,2015-12-23,1,False
train,Q_04412076b91a6c8820d9,2,1,2013-06-19,2013-06-19,1,False
train,Q_0446eccf6c1743e020f2,2,1,2014-12-31,2014-12-31,1,False
train,Q_0447ad5e0d946ec3f448,2,1,2015-01-07,2015-01-07,1,False
train,Q_044f4c1cf2ce251b0c54,2,1,2012-09-19,2012-09-19,1,False
train,Q_04535309e11c13408aaa,2,1,2016-08-17,2016-08-17,1,False
train,Q_0456a56dc00172246595,2,1,2016-04-13,2016-04-13,1,False
train,Q_045b70a3786229e4a404,2,1,2016-03-02,2016-03-02,1,False
train,Q_04649e432c6418c13944,2,1,2013-06-19,2013-06-19,1,False
train,Q_04682e885d488c853825,2,1,2014-09-24,2014-09-24,1,False
train,Q_046f6be0764fdb27b170,2,1,2014-10-29,2014-10-29,1,False
train,Q_0470492b0af083824ef4,2,1,2015-04-22,2015-04-22,1,False
train,Q_04758750ebb4fc2032cd,2,1,2015-10-28,2015-10-28,1,False
train,Q_0476dd84ab9d3a723758,2,1,2016-08-10,2016-08-10,1,False
train,Q_047904ba4a8ebe512660,2,1,2015-12-02,2015-12-02,1,False
train,Q_0480a49de7ba82c0097d,2,1,2013-09-18,2013-09-18,1,False
train,Q_048b08dd71db33552f9b,2,1,2016-01-13,2016-01-13,1,False
train,Q_048f78c551aa44884ea2,2,1,2016-06-08,2016-06-08,1,False
train,Q_0490de737f0fa321d5e9,2,1,2016-06-29,2016-06-29,1,False
train,Q_049b07d0f048a546f4d3,2,1,2014-01-01,2014-01-01,1,False
train,Q_04a029ca32ad8e1d9f7e,2,1,2013-10-02,2013-10-02,1,False
train,Q_04a94ff79542533869e3,2,1,2015-03-25,2015-03-25,1,False
train,Q_04b86edc333a51cc30d2,2,1,2013-09-04,2013-09-04,1,False
train,Q_04c7f692d299ef3f434a,2,1,2013-12-11,2013-12-11,1,False
train,Q_04d60d30ccb9d6e6fab1,2,1,2015-11-04,2015-11-04,1,False
train,Q_04d96cf36c753f767c74,2,1,2016-06-29,2016-06-29,1,False
train,Q_04da1181b32a6aaa3c49,2,1,2013-07-17,2013-07-17,1,False
train,Q_04db9198c9d8fca83c8f,2,1,2014-05-28,2014-05-28,1,False
train,Q_04e1a3740cb61ed15e58,2,1,2014-04-23,2014-04-23,1,False
train,Q_04ecc1dc9d8947e47617,2,1,2014-04-23,2014-04-23,1,False
train,Q_04ede64c1ddd2304f823,2,1,2014-09-24,2014-09-24,1,False
train,Q_05072f9dbbd69bebf720,2,1,2014-07-02,2014-07-02,1,False
train,Q_050f88b2b34d625f82e1,2,1,2014-08-06,2014-08-06,1,False
train,Q_051756e7d6ab07069fd0,2,1,2012-09-05,2012-09-05,1,False
train,Q_05181971c2c81b345fee,2,1,2015-09-23,2015-09-23,1,False
train,Q_05373c568491299681a5,2,1,2016-02-24,2016-02-24,1,False
train,Q_0540ec0d4616fc75b905,2,1,2013-01-30,2013-01-30,1,False
train,Q_054795e3f7af786cb717,2,1,2015-09-30,2015-09-30,1,False
train,Q_054cad57219786839c70,2,1,2013-05-22,2013-05-22,1,False
train,Q_055b2ee3579792207a77,2,1,2014-06-18,2014-06-18,1,False
train,Q_055cc0d873568293d1b5,2,1,2016-06-29,2016-06-29,1,False
train,Q_055dc4288a4bea7dda7e,2,1,2013-07-31,2013-07-31,1,False
train,Q_057174b5fc2db8994ea5,2,1,2012-07-04,2012-07-04,1,False
train,Q_05879c42320a19343782,2,1,2013-06-12,2013-06-12,1,False
train,Q_058ee8f241ee18506e84,2,1,2014-06-11,2014-06-11,1,False
train,Q_05918f34b1f4117ae2eb,2,1,2016-06-01,2016-06-01,1,False
train,Q_05955e4fa013d13243a6,2,1,2015-10-21,2015-10-21,1,False
train,Q_059c42c07a675984d2b1,2,1,2014-09-17,2014-09-17,1,False
train,Q_05a42c94d68c2ef91f11,2,1,2016-02-17,2016-02-17,1,False
train,Q_05ac7ce25478757e2f68,2,1,2013-11-13,2013-11-13,1,False
train,Q_05c1b1a4b78b5f1e6848,2,1,2015-12-30,2015-12-30,1,False
train,Q_05c3ca2c67b4986bae9b,2,1,2016-04-13,2016-04-13,1,False
train,Q_05c452a70bc3c7b9df28,2,1,2014-06-04,2014-06-04,1,False
train,Q_05c52187d1675e42e629,2,1,2015-04-08,2015-04-08,1,False
train,Q_05c52cea5d3513e694a7,2,1,2014-10-01,2014-10-01,1,False
train,Q_05cf767198331b681736,2,1,2016-01-20,2016-01-20,1,False
train,Q_05cf7864a39199447fee,2,1,2015-04-22,2015-04-22,1,False
train,Q_05e02a9218037000758c,2,1,2012-12-12,2012-12-12,1,False
train,Q_05f2374cc2f87c394f3d,2,1,2015-04-15,2015-04-15,1,False
train,Q_05fde5db8d055a391b03,2,1,2014-07-09,2014-07-09,1,False
train,Q_05fea75ee6bfc74472ab,2,1,2015-04-22,2015-04-22,1,False
train,Q_060db9b1734e2dcae79e,2,1,2016-03-23,2016-03-23,1,False
train,Q_061103c0b03e7f136711,2,1,2014-10-15,2014-10-15,1,False
train,Q_061524c2cc706538d55b,2,1,2014-04-09,2014-04-09,1,False
train,Q_06156252953c772d1738,2,1,2012-10-24,2012-10-24,1,False
train,Q_062d17f75d660dbb3395,2,1,2014-01-15,2014-01-15,1,False
train,Q_063612e3873cbaee7a21,2,1,2016-04-27,2016-04-27,1,False
train,Q_063edfb6136437b857ba,2,1,2012-09-05,2012-09-05,1,False
train,Q_064150213d7cd67cfc6d,2,1,2016-09-14,2016-09-14,1,False
train,Q_06453153e7c56196c56e,2,1,2013-10-09,2013-10-09,1,False
train,Q_06465575bcedfafd7807,2,1,2012-10-10,2012-10-10,1,False
train,Q_064dc62b944fe8c66a70,2,1,2014-05-07,2014-05-07,1,False
train,Q_0689562d600ca7fcb7bd,2,1,2014-10-29,2014-10-29,1,False
train,Q_0699617f72ab86d7b6f8,2,1,2016-03-16,2016-03-16,1,False
train,Q_069cc0f463d46a8227d0,2,1,2013-01-02,2013-01-02,1,False
train,Q_06a59f1d94061981833e,2,1,2012-09-26,2012-09-26,1,False
train,Q_06a79ab2ff326d20cb9f,2,1,2015-04-22,2015-04-22,1,False
train,Q_06a7a2be3844a3cc0d90,2,1,2015-06-24,2015-06-24,1,False
train,Q_06ad2082088c6f4008f4,2,1,2015-12-30,2015-12-30,1,False
train,Q_06b635c72e77e2804445,2,1,2012-10-10,2012-10-10,1,False
train,Q_06bea845b48f5e420c8c,2,1,2013-12-11,2013-12-11,1,False
train,Q_06d21474c465838c9288,2,1,2015-05-06,2015-05-06,1,False
train,Q_06d85a563da352e6e147,2,1,2015-06-24,2015-06-24,1,False
train,Q_06e7145a41867b92e68c,2,1,2016-08-24,2016-08-24,1,False
train,Q_06eab6500005186dd72c,2,1,2014-06-25,2014-06-25,1,False
train,Q_06ecf7d1a9f45510cc6a,2,1,2015-08-05,2015-08-05,1,False
train,Q_06f83453ffdd7f21f822,2,1,2016-05-25,2016-05-25,1,False
train,Q_07000b7903e97a0d3a26,2,1,2016-09-14,2016-09-14,1,False
train,Q_0705ae5c4935ebcd85d6,2,1,2016-05-18,2016-05-18,1,False
train,Q_07273f26e29341e4ffb1,2,1,2015-04-15,2015-04-15,1,False
train,Q_0729095c15c0e0cd04f7,2,1,2014-06-25,2014-06-25,1,False
train,Q_0730b340df0cecf19041,2,1,2013-08-28,2013-08-28,1,False
train,Q_074e7581fe34abaea3aa,2,1,2015-09-16,2015-09-16,1,False
train,Q_0758a6bf0f088bbb17f0,2,1,2016-09-14,2016-09-14,1,False
train,Q_075bea8b9724b774116f,2,1,2012-09-26,2012-09-26,1,False
train,Q_075e15a74c80b82ff2f2,2,1,2012-10-24,2012-10-24,1,False
train,Q_0760fd2fca05b310f6ec,2,1,2016-05-25,2016-05-25,1,False
train,Q_076aa186f7df8c1b710f,2,1,2013-11-06,2013-11-06,1,False
train,Q_076b87e1e764ac01603b,2,1,2013-10-30,2013-10-30,1,False
train,Q_076e25ab5d804bef4d97,2,1,2014-10-29,2014-10-29,1,False
train,Q_0774e2493db77e737433,2,1,2013-10-23,2013-10-23,1,False
train,Q_07761b6e022536fab75d,2,1,2014-12-10,2014-12-10,1,False
train,Q_078b2f7ee4677d944ae4,2,1,2016-03-02,2016-03-02,1,False
train,Q_0799946f56f08c7d1719,2,1,2013-12-04,2013-12-04,1,False
train,Q_07ab273eebfd9895e2f3,2,1,2015-09-16,2015-09-16,1,False
train,Q_07b16f28f8b9dae96c8f,2,1,2014-10-29,2014-10-29,1,False
train,Q_07b782ed80c781f93801,2,1,2015-04-08,2015-04-08,1,False
train,Q_07bedaedf0982d6a78de,2,1,2013-04-03,2013-04-03,1,False
train,Q_07c33471b0d4eb7d776c,2,1,2014-02-12,2014-02-12,1,False
train,Q_07c62ef726ead73a7643,2,1,2015-03-04,2015-03-04,1,False
train,Q_07cd5af513cac561550f,2,1,2014-01-15,2014-01-15,1,False
train,Q_07d1bb143e8e92eac9a1,2,1,2013-08-21,2013-08-21,1,False
train,Q_07d5da00026f011760a3,2,1,2013-01-16,2013-01-16,1,False
train,Q_07dbd94f6bbb59f2e650,2,1,2014-01-29,2014-01-29,1,False
train,Q_07f0963f3711f6f736f5,2,1,2016-06-08,2016-06-08,1,False
train,Q_07f0b52e6b73448f7e69,2,1,2015-05-13,2015-05-13,1,False
train,Q_07f40a8fb0874e19129e,2,1,2015-12-09,2015-12-09,1,False
train,Q_07f6f320376ba70dca20,2,1,2013-08-07,2013-08-07,1,False
train,Q_07f9d6b2d2c3b7749739,2,1,2015-06-24,2015-06-24,1,False
train,Q_08024227139fc94ac130,2,1,2014-12-10,2014-12-10,1,False
train,Q_080c8b5fdf1b21e71bc6,2,1,2013-02-27,2013-02-27,1,False
train,Q_0817c2592df1a41ab152,2,1,2014-09-17,2014-09-17,1,False
train,Q_081a843f4262e800723b,2,1,2015-04-22,2015-04-22,1,False
train,Q_082166abae7cc2ed1aa2,2,1,2015-11-25,2015-11-25,1,False
train,Q_0839326637ecf0633a88,2,1,2015-01-07,2015-01-07,1,False
train,Q_0839502157e4126d0f44,2,1,2015-04-22,2015-04-22,1,False
train,Q_083eefc44a2fc6e89565,2,1,2016-02-24,2016-02-24,1,False
train,Q_08447f785f841cb7226d,2,1,2013-02-13,2013-02-13,1,False
train,Q_08461cbccbeb6fe3946e,2,1,2014-05-28,2014-05-28,1,False
train,Q_08461f9cc88193ae6be3,2,1,2012-10-10,2012-10-10,1,False
train,Q_085491504f20a9c6b443,2,1,2015-01-28,2015-01-28,1,False
train,Q_085a378ab850b615761f,2,1,2013-05-29,2013-05-29,1,False
train,Q_085de3f9e9e082347675,2,1,2016-01-13,2016-01-13,1,False
train,Q_085e4d4e978dab2a5727,2,1,2016-03-30,2016-03-30,1,False
train,Q_08601ba436c4f1d3cba2,2,1,2015-06-17,2015-06-17,1,False
train,Q_086585a03eb8f9179fc1,2,1,2015-06-24,2015-06-24,1,False
train,Q_08686a0b45888fdde83e,2,1,2015-09-02,2015-09-02,1,False
train,Q_086a967ad8322ff3348e,2,1,2015-03-18,2015-03-18,1,False
train,Q_0870c9d28f633d142800,2,1,2013-03-06,2013-03-06,1,False
train,Q_088ae7b4ab5a850b274e,2,1,2014-10-15,2014-10-15,1,False
train,Q_0894879c079bde2a2ddf,2,1,2015-08-05,2015-08-05,1,False
train,Q_089f085923e8d6b4f202,2,1,2016-07-13,2016-07-13,1,False
train,Q_08a4f72d4960ecbff520,2,1,2012-12-05,2012-12-05,1,False
train,Q_08a869095c4069bb0191,2,1,2013-08-21,2013-08-21,1,False
train,Q_08aa63fca8eba84fab45,2,1,2015-09-23,2015-09-23,1,False
train,Q_08abf7d4f80144e22aff,2,1,2015-08-05,2015-08-05,1,False
train,Q_08b3f4b58249d020ed79,2,1,2014-05-28,2014-05-28,1,False
train,Q_08b4d96e9f7ed061a250,2,1,2015-01-21,2015-01-21,1,False
train,Q_08d70e142ed56f3f8647,2,1,2013-11-06,2013-11-06,1,False
train,Q_08ebe2a1e2c0f4e36b22,2,1,2015-12-16,2015-12-16,1,False
train,Q_08f6d49bfd4019733076,2,1,2015-09-09,2015-09-09,1,False
train,Q_08fe533d646b21d4e51f,2,1,2014-10-01,2014-10-01,1,False
train,Q_0906479506dc25804ab8,2,1,2016-03-09,2016-03-09,1,False
train,Q_0908102738730c5ac106,2,1,2013-07-17,2013-07-17,1,False
train,Q_09095f62289e7cb5498a,2,1,2016-03-30,2016-03-30,1,False
train,Q_0918ad8f7632e0d38300,2,1,2016-03-23,2016-03-23,1,False
train,Q_092b25bc3d1ae4f8bdd8,2,1,2014-09-17,2014-09-17,1,False
train,Q_0936bfa053332855bc1b,2,1,2014-06-04,2014-06-04,1,False
train,Q_09378efab464bf58c223,2,1,2013-02-13,2013-02-13,1,False
train,Q_09437fc4d1d7e99fdfb9,2,1,2014-01-15,2014-01-15,1,False
train,Q_09494c8940fbcd895c2d,2,1,2013-10-23,2013-10-23,1,False
train,Q_094a6aaf724b13ee201f,2,1,2014-04-16,2014-04-16,1,False
train,Q_094e06fcea4285d1bd4f,2,1,2016-06-15,2016-06-15,1,False
train,Q_09510bbed1147df16785,2,1,2015-09-02,2015-09-02,1,False
train,Q_09589beb42183cf534c4,2,1,2013-06-12,2013-06-12,1,False
train,Q_0965a3ebda8090e3d4cd,2,1,2013-11-06,2013-11-06,1,False
train,Q_0971fd54cc91662d05a9,2,1,2016-01-20,2016-01-20,1,False
train,Q_09770c38623c07aff70f,2,1,2013-05-29,2013-05-29,1,False
train,Q_097d84b5c2e157da60c3,2,1,2015-05-13,2015-05-13,1,False
train,Q_09849d6b65889b2cfeaa,2,1,2015-06-03,2015-06-03,1,False
train,Q_09a546a2e7032c5956fa,2,1,2014-05-07,2014-05-07,1,False
train,Q_09aa6cb21281ea6d645d,2,1,2013-06-12,2013-06-12,1,False
train,Q_09ad29eaeec3d91b06b5,2,1,2016-09-21,2016-09-21,1,False
train,Q_09b96d1a950b9bcffa1a,2,1,2016-08-03,2016-08-03,1,False
train,Q_09bcf771a23ace9ab203,2,1,2014-11-26,2014-11-26,1,False
train,Q_09d07b871c60a4728b57,2,1,2014-11-12,2014-11-12,1,False
train,Q_09da42873301cfc96e68,2,1,2016-07-06,2016-07-06,1,False
train,Q_09dbbf09018e2e8dba82,2,1,2014-03-05,2014-03-05,1,False
train,Q_09dd9bec1c205eee7b0b,2,1,2013-11-13,2013-11-13,1,False
train,Q_09e57f96a443da88ef69,2,1,2013-06-19,2013-06-19,1,False
train,Q_09ee1ab54438c1fd7774,2,1,2013-08-28,2013-08-28,1,False
train,Q_0a0c804840547fb0d5ea,2,1,2016-07-13,2016-07-13,1,False
train,Q_0a18f2dde527718b20ee,2,1,2015-05-27,2015-05-27,1,False
train,Q_0a1cb92bb550c91d9354,2,1,2014-10-15,2014-10-15,1,False
train,Q_0a2c8dca458f6400366a,2,1,2016-05-11,2016-05-11,1,False
train,Q_0a317897e44c28f2059a,2,1,2013-02-20,2013-02-20,1,False
train,Q_0a3469c28026cd3e0c23,2,1,2013-05-29,2013-05-29,1,False
train,Q_0a39ad831fccf3425cc3,2,1,2016-08-24,2016-08-24,1,False
train,Q_0a41b7897b92218e4b68,2,1,2013-02-13,2013-02-13,1,False
train,Q_0a45a84f951c84323d14,2,1,2016-04-20,2016-04-20,1,False
train,Q_0a4f7205d9f39af7cc83,2,1,2015-11-25,2015-11-25,1,False
train,Q_0a5da83f705afd1eb6fc,2,1,2016-05-25,2016-05-25,1,False
train,Q_0a659e6bcaaf8a64dcaa,2,1,2013-11-06,2013-11-06,1,False
train,Q_0a69a7f3ff5ebc36c762,2,1,2012-10-31,2012-10-31,1,False
train,Q_0a6e1b13151edcb022f8,2,1,2014-09-10,2014-09-10,1,False
train,Q_0a6e6a6ec1e9728b7578,2,1,2013-08-07,2013-08-07,1,False
train,Q_0a774e99a339ed101140,2,1,2015-07-01,2015-07-01,1,False
train,Q_0a7d74601f7283f8725a,2,1,2014-04-09,2014-04-09,1,False
train,Q_0a8592eb27b5f02d6013,2,1,2014-05-21,2014-05-21,1,False
train,Q_0a89c267e0d51f30684e,2,1,2012-11-14,2012-11-14,1,False
train,Q_0a8b9ac38150148f765e,2,1,2015-04-01,2015-04-01,1,False
train,Q_0a9322cbc90941129e81,2,1,2013-11-06,2013-11-06,1,False
train,Q_0a973a27909d59f7e16d,2,1,2014-11-26,2014-11-26,1,False
train,Q_0a986918dbd46b64944a,2,1,2014-05-21,2014-05-21,1,False
train,Q_0a9f8c72c0432f7f30ab,2,1,2014-11-26,2014-11-26,1,False
train,Q_0aa3ab300273c520ed20,2,1,2015-01-07,2015-01-07,1,False
train,Q_0aa9004ae45aa2bc7f89,2,1,2014-03-12,2014-03-12,1,False
train,Q_0aac599c478959200713,2,1,2014-10-15,2014-10-15,1,False
train,Q_0ab2614cf3d83b212534,2,1,2013-10-02,2013-10-02,1,False
train,Q_0aba5ee6571f5ecf6297,2,1,2015-12-16,2015-12-16,1,False
train,Q_0ac1f68bffc75003c879,2,1,2015-06-17,2015-06-17,1,False
train,Q_0ae16b66795530ceffe5,2,1,2014-06-11,2014-06-11,1,False
train,Q_0ae6e41f7c985eadc3d4,2,1,2016-01-13,2016-01-13,1,False
train,Q_0aedcc675d8eb611d1f9,2,1,2013-10-23,2013-10-23,1,False
train,Q_0aef40823f5d97c7d92f,2,1,2013-10-16,2013-10-16,1,False
train,Q_0afd3fa1dbeb268c3542,2,1,2015-10-14,2015-10-14,1,False
train,Q_0b0134eae0df899ac2c6,2,1,2013-06-12,2013-06-12,1,False
train,Q_0b0d3cc9e1f7c7054e64,2,1,2013-02-20,2013-02-20,1,False
train,Q_0b1b2d34712462678e67,2,1,2012-09-19,2012-09-19,1,False
train,Q_0b23a623a37143a56504,2,1,2014-12-17,2014-12-17,1,False
train,Q_0b2574d1044b050a999e,2,1,2016-02-24,2016-02-24,1,False
train,Q_0b2a0ebb90f19a0a95e4,2,1,2016-02-24,2016-02-24,1,False
train,Q_0b34c48b9b3c223840bc,2,1,2015-07-29,2015-07-29,1,False
train,Q_0b358c8a21e2f8b037be,2,1,2016-05-18,2016-05-18,1,False
train,Q_0b3d779f79471820d8bb,2,1,2016-09-07,2016-09-07,1,False
train,Q_0b4c3dff035d1b9c3ff0,2,1,2013-02-13,2013-02-13,1,False
train,Q_0b5f4ce01188167720d2,2,1,2015-04-15,2015-04-15,1,False
train,Q_0b5fabe67f6db335d29e,2,1,2015-02-25,2015-02-25,1,False
train,Q_0b689a55d5679386db58,2,1,2014-04-02,2014-04-02,1,False
train,Q_0b6dcc23c5dc420073f7,2,1,2015-04-29,2015-04-29,1,False
train,Q_0b7128e4b50618d80e9e,2,1,2013-08-28,2013-08-28,1,False
train,Q_0b759cb928af76d22a4a,2,1,2014-12-24,2014-12-24,1,False
train,Q_0b7653fa18ff3bd82682,2,1,2013-03-20,2013-03-20,1,False
train,Q_0b7b50e0cd9c55b536b0,2,1,2016-04-20,2016-04-20,1,False
train,Q_0b7fe6c67c757a01da71,2,1,2013-04-10,2013-04-10,1,False
train,Q_0b80d42c77f422af329c,2,1,2013-12-18,2013-12-18,1,False
train,Q_0b8e58c7e859e841f51c,2,1,2013-03-13,2013-03-13,1,False
train,Q_0b94dce932ff0a7d41fd,2,1,2013-03-20,2013-03-20,1,False
train,Q_0ba510b2db8c01512406,2,1,2015-07-15,2015-07-15,1,False
train,Q_0bb558fa6bc0706f325c,2,1,2013-11-06,2013-11-06,1,False
train,Q_0bbca80e49f96871d3e9,2,1,2013-08-07,2013-08-07,1,False
train,Q_0bc07e5f8550af0804ba,2,1,2012-08-29,2012-08-29,1,False
train,Q_0bd8743d5f27f0324853,2,1,2014-04-16,2014-04-16,1,False
train,Q_0bd929703d4a63c2eafa,2,1,2014-04-30,2014-04-30,1,False
train,Q_0bdd17d9ef1ba2a607d9,2,1,2014-03-19,2014-03-19,1,False
train,Q_0be23171ae893097ee87,2,1,2014-09-17,2014-09-17,1,False
train,Q_0bfbfc704a0ac335fae9,2,1,2015-03-18,2015-03-18,1,False
train,Q_0c036869f5a706925e6e,2,1,2014-10-01,2014-10-01,1,False
train,Q_0c090481d0f420298f95,2,1,2015-06-03,2015-06-03,1,False
train,Q_0c1102c5d2263acd85b6,2,1,2016-03-09,2016-03-09,1,False
train,Q_0c1d1c22e09c4def2121,2,1,2016-03-02,2016-03-02,1,False
train,Q_0c32bd7ac3eb1ac98c90,2,1,2013-03-06,2013-03-06,1,False
train,Q_0c40c204eb7eec19956e,2,1,2015-06-17,2015-06-17,1,False
train,Q_0c53786d74bc838cbdc9,2,1,2013-02-20,2013-02-20,1,False
train,Q_0c59bb75b9d2f920c3fc,2,1,2012-10-03,2012-10-03,1,False
train,Q_0c5d91e716dc3f49d3a1,4,2,2013-09-18,2013-11-27,2,True
train,Q_0c7427e3590b03440c25,2,1,2016-06-08,2016-06-08,1,False
train,Q_0c7a95c1aba78063abac,2,1,2013-04-24,2013-04-24,1,False
train,Q_0c8116997b487f375457,2,1,2014-11-26,2014-11-26,1,False
train,Q_0c82289b7142f823c7ca,2,1,2013-03-20,2013-03-20,1,False
train,Q_0c83fc4e9f76ca9694c3,2,1,2014-10-01,2014-10-01,1,False
train,Q_0c8fa0c7799c29509e03,2,1,2015-09-09,2015-09-09,1,False
train,Q_0c956b5d4d8710cb3fbd,2,1,2014-10-22,2014-10-22,1,False
train,Q_0c9c9b6e93b06e89c974,2,1,2015-03-04,2015-03-04,1,False
train,Q_0c9d6fda776e52b11bdc,2,1,2015-03-25,2015-03-25,1,False
train,Q_0ca09624ed7c722a66f4,2,1,2013-11-20,2013-11-20,1,False
train,Q_0ca4070f92824f41b544,2,1,2014-10-22,2014-10-22,1,False
train,Q_0ca9d6447acaa1a5e614,2,1,2013-11-06,2013-11-06,1,False
train,Q_0cb846ce91a65564285e,2,1,2013-01-16,2013-01-16,1,False
train,Q_0cbca1a7f89a63dd0c39,2,1,2015-11-18,2015-11-18,1,False
train,Q_0cbe18a4d811205bc375,2,1,2013-06-05,2013-06-05,1,False
train,Q_0cbf6b3fefac18a69280,2,1,2013-03-20,2013-03-20,1,False
train,Q_0cc4a576f2b299ed2f47,2,1,2016-05-18,2016-05-18,1,False
train,Q_0cd095e4e3c68e2d71cd,2,1,2015-06-17,2015-06-17,1,False
train,Q_0cd9424c85caf73d4ad2,2,1,2013-06-12,2013-06-12,1,False
train,Q_0ce0d8efdf187e29c1c4,2,1,2015-09-02,2015-09-02,1,False
train,Q_0ce250c32844377b5e84,2,1,2014-06-11,2014-06-11,1,False
train,Q_0ce29eebdda56795a04c,2,1,2015-10-28,2015-10-28,1,False
train,Q_0ce7216e5c35fd6afd2a,2,1,2013-06-26,2013-06-26,1,False
train,Q_0ce816178ab4b56d6be2,2,1,2014-02-12,2014-02-12,1,False
train,Q_0cf37ebcd10df9345ae3,2,1,2016-05-25,2016-05-25,1,False
train,Q_0cfe0c383c6552a9e18b,2,1,2016-03-02,2016-03-02,1,False
train,Q_0d1dfd28340bb7d75274,2,1,2012-11-07,2012-11-07,1,False
train,Q_0d21fe87ea86f7187a53,2,1,2012-07-11,2012-07-11,1,False
train,Q_0d224d6082082c68f92f,2,1,2014-03-26,2014-03-26,1,False
train,Q_0d284335a9facc7d4ae3,2,1,2013-09-25,2013-09-25,1,False
train,Q_0d295a4b5d41fad30f92,2,1,2016-06-29,2016-06-29,1,False
train,Q_0d3421ff4a9683bba09a,2,1,2012-07-25,2012-07-25,1,False
train,Q_0d376c51769b45e08ab0,2,1,2013-09-04,2013-09-04,1,False
train,Q_0d380a88542bf67a651a,2,1,2013-10-30,2013-10-30,1,False
train,Q_0d4208cb352aee3491e6,2,1,2013-10-23,2013-10-23,1,False
train,Q_0d44d1c92cbce9f08863,2,1,2016-09-14,2016-09-14,1,False
train,Q_0d4ac628271514cdaf77,2,1,2015-09-02,2015-09-02,1,False
train,Q_0d5583a20518fb67c705,2,1,2013-04-17,2013-04-17,1,False
train,Q_0d5a523401b4aeef76c2,2,1,2013-06-12,2013-06-12,1,False
train,Q_0d5af8a763f4647b9d1a,2,1,2016-03-02,2016-03-02,1,False
train,Q_0d5c8e9f06fa566fb6f2,2,1,2014-10-08,2014-10-08,1,False
train,Q_0d71473b54cc808a2362,2,1,2014-03-26,2014-03-26,1,False
train,Q_0d74f7d1634828ec1b1e,2,1,2016-02-17,2016-02-17,1,False
train,Q_0d7b48d3cb2989a34d01,2,1,2016-06-08,2016-06-08,1,False
train,Q_0d844de12c8eb49876ac,2,1,2013-08-28,2013-08-28,1,False
train,Q_0d9f15136b1956e4cb1e,2,1,2014-12-03,2014-12-03,1,False
train,Q_0db14df84db0d8ed50ef,2,1,2013-10-09,2013-10-09,1,False
train,Q_0dbf52f573b1581f1886,2,1,2015-11-04,2015-11-04,1,False
train,Q_0dc069911700eaa275ac,2,1,2015-04-29,2015-04-29,1,False
train,Q_0dc1412ce5e79d542bce,2,1,2013-12-25,2013-12-25,1,False
train,Q_0dc575e72617d691fee3,2,1,2012-07-04,2012-07-04,1,False
train,Q_0dda2e1dc235a27a113d,2,1,2014-01-01,2014-01-01,1,False
train,Q_0ddeede3286b32fd0fcb,2,1,2012-12-05,2012-12-05,1,False
train,Q_0dfcef1ea83c2b39917d,2,1,2014-06-18,2014-06-18,1,False
train,Q_0e00946ecb510127b3e1,2,1,2014-10-29,2014-10-29,1,False
train,Q_0e060040fa355e8eda74,2,1,2015-07-29,2015-07-29,1,False
train,Q_0e29617331761ff0081a,2,1,2015-04-08,2015-04-08,1,False
train,Q_0e310262b25b409bd07b,2,1,2012-08-22,2012-08-22,1,False
train,Q_0e3865c38246718f78f9,2,1,2015-02-18,2015-02-18,1,False
train,Q_0e53962bd45aa96082a7,2,1,2013-05-01,2013-05-01,1,False
train,Q_0e778c695b5d909367cc,2,1,2014-01-22,2014-01-22,1,False
train,Q_0e7db889e9cdc2e1ec68,2,1,2014-10-15,2014-10-15,1,False
train,Q_0e81d3d769ec809fd427,2,1,2016-06-29,2016-06-29,1,False
train,Q_0e85e21a4f128c358dff,2,1,2014-02-12,2014-02-12,1,False
train,Q_0e89c80d942ef74d3ae9,2,1,2013-01-16,2013-01-16,1,False
train,Q_0e8da33f9691cefedcec,2,1,2014-10-15,2014-10-15,1,False
train,Q_0e8f4e50fa607e2c1cbb,2,1,2012-10-24,2012-10-24,1,False
train,Q_0e8fc46a9fd7ff818283,2,1,2014-11-19,2014-11-19,1,False
train,Q_0e9692134964ee4970bd,2,1,2013-10-23,2013-10-23,1,False
train,Q_0ea67e13972f6740e0c3,2,1,2015-04-29,2015-04-29,1,False
train,Q_0eab708052415e107ea5,2,1,2012-11-07,2012-11-07,1,False
train,Q_0eacec512e38ac619e1e,2,1,2014-07-23,2014-07-23,1,False
train,Q_0ebf1bbe3e06ac441b95,2,1,2014-10-08,2014-10-08,1,False
train,Q_0ec7383c71c5629391a9,2,1,2013-06-26,2013-06-26,1,False
train,Q_0ed042180fa13b6df170,2,1,2015-04-08,2015-04-08,1,False
train,Q_0ed9f0b6cb0c4d063262,2,1,2016-05-11,2016-05-11,1,False
train,Q_0ede005bda1dba8a066d,2,1,2014-02-12,2014-02-12,1,False
train,Q_0ee23167cbe0eed5d7c3,2,1,2016-07-06,2016-07-06,1,False
train,Q_0ee3db5c41b26ef28303,2,1,2013-08-07,2013-08-07,1,False
train,Q_0ee69d2b1ac665a437f9,2,1,2015-07-01,2015-07-01,1,False
train,Q_0ee71977ceccf591bb7d,2,1,2014-09-10,2014-09-10,1,False
train,Q_0ee8aad99cc95c438246,2,1,2015-06-17,2015-06-17,1,False
train,Q_0eed43c880a05c5ee563,2,1,2016-06-01,2016-06-01,1,False
train,Q_0ef862496aba8c0623c4,2,1,2014-02-05,2014-02-05,1,False
train,Q_0efff795592f5b06ccfa,2,1,2014-09-10,2014-09-10,1,False
train,Q_0f01fe0f91bf4cb1af96,2,1,2013-05-29,2013-05-29,1,False
train,Q_0f08ec3560a738bef825,2,1,2012-12-26,2012-12-26,1,False
train,Q_0f098d1f517f0b1e44d7,2,1,2015-07-29,2015-07-29,1,False
train,Q_0f0e64de8f6dd5e9b9a2,2,1,2015-04-29,2015-04-29,1,False
train,Q_0f24da40c0f1d1e921fc,2,1,2015-04-08,2015-04-08,1,False
train,Q_0f2bedf071c5082dee97,2,1,2014-12-17,2014-12-17,1,False
train,Q_0f2e6106fa104934ba7d,2,1,2013-02-06,2013-02-06,1,False
train,Q_0f322f6aa0c85346d784,2,1,2015-06-03,2015-06-03,1,False
train,Q_0f3a7c7ea0c77cf12833,2,1,2012-10-10,2012-10-10,1,False
train,Q_0f3c35f2b420d9e2d875,2,1,2015-12-02,2015-12-02,1,False
train,Q_0f400e64ec224725a060,2,1,2013-11-20,2013-11-20,1,False
train,Q_0f4d91c7e82a690feaf7,2,1,2016-05-25,2016-05-25,1,False
train,Q_0f5877f12462e8020de6,2,1,2013-04-24,2013-04-24,1,False
train,Q_0f590080d7cc7834b43b,2,1,2015-08-12,2015-08-12,1,False
train,Q_0f7472a44cb692f64e86,2,1,2014-06-25,2014-06-25,1,False
train,Q_0f753ec72a0cd1d80401,2,1,2013-04-03,2013-04-03,1,False
train,Q_0f76df172d08fcad2dd9,2,1,2013-07-24,2013-07-24,1,False
train,Q_0f78be3738787b383f0a,2,1,2013-01-16,2013-01-16,1,False
train,Q_0f817ce4f0c4f67052a5,2,1,2014-10-15,2014-10-15,1,False
train,Q_0f81fa520f49397a0716,2,1,2015-04-15,2015-04-15,1,False
train,Q_0f847e6b5ac2445cacae,2,1,2016-05-04,2016-05-04,1,False
train,Q_0f8d845b60e7d235acdf,2,1,2014-12-10,2014-12-10,1,False
train,Q_0fa399e1b2ae27776ac6,2,1,2015-09-16,2015-09-16,1,False
train,Q_0fb54640587e080d262f,2,1,2015-10-14,2015-10-14,1,False
train,Q_0fb93d59a2fd8b1a6619,2,1,2014-07-23,2014-07-23,1,False
train,Q_0fbcc517b980927db6bf,2,1,2014-09-17,2014-09-17,1,False
train,Q_0fc58a95bd5b45a93509,2,1,2014-01-15,2014-01-15,1,False
train,Q_0fc60e0d4b3c74aadbde,2,1,2015-09-23,2015-09-23,1,False
train,Q_0fcb956838a0b8a5075b,2,1,2013-06-26,2013-06-26,1,False
train,Q_0fcd83eb8fc184e91e3b,2,1,2015-11-18,2015-11-18,1,False
train,Q_0fceb3ff620082139adb,2,1,2014-07-30,2014-07-30,1,False
train,Q_0fd81a1d7d8aca7dda12,2,1,2015-06-17,2015-06-17,1,False
train,Q_0fda76eb584c43e5d707,2,1,2016-07-20,2016-07-20,1,False
train,Q_0fdbc67d909772c875ae,2,1,2016-06-08,2016-06-08,1,False
train,Q_0fdc6fa91e0934759aa7,2,1,2015-05-06,2015-05-06,1,False
train,Q_0fdd9bcbbe9eea719c33,2,1,2012-07-04,2012-07-04,1,False
train,Q_0fe4ac778c729bc3aa21,2,1,2013-01-02,2013-01-02,1,False
train,Q_0feb2d1c757a80758e85,2,1,2014-12-10,2014-12-10,1,False
train,Q_0fecfe83f753aded76de,2,1,2012-07-25,2012-07-25,1,False
train,Q_0ff4b1d1f3b4d38bbd24,2,1,2016-07-27,2016-07-27,1,False
train,Q_100552a0ccd68f689a5c,2,1,2016-05-11,2016-05-11,1,False
train,Q_100567d48a0c78ad0d63,2,1,2013-03-13,2013-03-13,1,False
train,Q_100b81106313ddbcef75,2,1,2016-07-06,2016-07-06,1,False
train,Q_10224d7c338e29fb8938,2,1,2016-01-20,2016-01-20,1,False
train,Q_10321cbf8b312d0347c0,2,1,2015-06-17,2015-06-17,1,False
train,Q_1034b613094872316f16,4,2,2013-03-27,2014-01-15,2,True
train,Q_1039f445ff4078e10451,2,1,2013-11-13,2013-11-13,1,False
train,Q_10412da90019662831c3,2,1,2015-03-25,2015-03-25,1,False
train,Q_104188402c20518e74ba,2,1,2015-11-18,2015-11-18,1,False
train,Q_104b1fbb0580c3aecd4c,2,1,2013-03-20,2013-03-20,1,False
train,Q_104e00a331c232f9d687,2,1,2015-11-11,2015-11-11,1,False
train,Q_105b4e97fd414552a664,2,1,2016-02-03,2016-02-03,1,False
train,Q_105d349974da376c0870,2,1,2013-02-27,2013-02-27,1,False
train,Q_106dc22ec15d0cbca7a6,2,1,2014-10-15,2014-10-15,1,False
train,Q_10773e86fc04e6794432,4,1,2014-10-15,2014-10-15,2,False
train,Q_107802039a14bbb8b588,2,1,2016-03-23,2016-03-23,1,False
train,Q_107bd8c4a26ea508e491,2,1,2014-03-12,2014-03-12,1,False
train,Q_107fb9af0874c1d02fa2,2,1,2014-03-05,2014-03-05,1,False
train,Q_10800117ca36924ade5f,2,1,2013-11-20,2013-11-20,1,False
train,Q_1099953ae82dcf6037e3,2,1,2015-11-11,2015-11-11,1,False
train,Q_109d0f276009da82eddb,2,1,2015-11-25,2015-11-25,1,False
train,Q_10ad5ed3a7ad4fe06c84,2,1,2013-05-01,2013-05-01,1,False
train,Q_10bdd4dfaaef4a15cd37,2,1,2016-06-01,2016-06-01,1,False
train,Q_10cceeb5ab0a41186144,2,1,2012-11-14,2012-11-14,1,False
train,Q_10d16e0b95287a49c814,2,1,2013-10-16,2013-10-16,1,False
train,Q_10e8a419c3220bac4765,2,1,2014-01-15,2014-01-15,1,False
train,Q_10e9f69ee75f36147a16,2,1,2014-06-04,2014-06-04,1,False
train,Q_10f13a88c6dfbc6ebe36,2,1,2013-01-16,2013-01-16,1,False
train,Q_10f493f85f4eb73da725,2,1,2015-07-01,2015-07-01,1,False
train,Q_10f5b463b509f662bed8,2,1,2016-05-11,2016-05-11,1,False
train,Q_110552b0adfd0b39dd1c,2,1,2014-12-24,2014-12-24,1,False
train,Q_11066a71a551c41161e8,2,1,2014-10-29,2014-10-29,1,False
train,Q_1106cc993f5009eeb42d,2,1,2014-10-29,2014-10-29,1,False
train,Q_1110da0a0928b81dc10e,2,1,2012-08-01,2012-08-01,1,False
train,Q_11127ae77db65a98f183,2,1,2015-12-16,2015-12-16,1,False
train,Q_11163827f8b03743558a,2,1,2013-07-24,2013-07-24,1,False
train,Q_112d18934a2bde63cbb3,2,1,2015-11-18,2015-11-18,1,False
train,Q_112ead1c035f2c4b3487,2,1,2015-02-04,2015-02-04,1,False
train,Q_1132704c43297b0bb249,2,1,2016-08-17,2016-08-17,1,False
train,Q_113c49a87de38d3cee53,2,1,2013-01-02,2013-01-02,1,False
train,Q_114eebb6884457e48fb4,2,1,2014-06-11,2014-06-11,1,False
train,Q_11537d4a0155274ceebc,2,1,2014-02-12,2014-02-12,1,False
train,Q_1154f607358a305d59c1,2,1,2012-09-26,2012-09-26,1,False
train,Q_11567663fd425cd1f58b,2,1,2015-03-04,2015-03-04,1,False
train,Q_1159c586f96853f463fb,2,1,2012-10-31,2012-10-31,1,False
train,Q_117abd4113cbd15fc0cc,2,1,2014-07-30,2014-07-30,1,False
train,Q_117cde6c6a8b0283f289,2,1,2014-10-22,2014-10-22,1,False
train,Q_118420165a059b56bbb6,2,1,2013-08-28,2013-08-28,1,False
train,Q_118e894dac452c4d9f2a,2,1,2013-01-16,2013-01-16,1,False
train,Q_118f9c30472969c54424,2,1,2013-09-18,2013-09-18,1,False
train,Q_119604e311edcf2ba10a,2,1,2016-05-25,2016-05-25,1,False
train,Q_11acad34f6b8bf03e8d5,2,1,2014-06-18,2014-06-18,1,False
train,Q_11b3baf7614ed06ccc7c,2,1,2013-04-24,2013-04-24,1,False
train,Q_11b40c7fb2a5e2510f02,2,1,2016-01-27,2016-01-27,1,False
train,Q_11bd06c0714ed8aaaed5,2,1,2014-04-02,2014-04-02,1,False
train,Q_12017f4e41aea3ea7d9f,2,1,2013-11-13,2013-11-13,1,False
train,Q_120456eff89709895712,2,1,2014-10-01,2014-10-01,1,False
train,Q_1206d5af415eda4d3f41,2,1,2012-09-05,2012-09-05,1,False
train,Q_1209236665e855b142b5,2,1,2014-06-25,2014-06-25,1,False
train,Q_120b1353e73c93cf55c4,2,1,2016-06-29,2016-06-29,1,False
train,Q_12188282f1d6b98f084a,2,1,2016-05-25,2016-05-25,1,False
train,Q_1218fa32e1e80a348833,2,1,2012-11-21,2012-11-21,1,False
train,Q_1225c8723a0281978687,2,1,2014-03-05,2014-03-05,1,False
train,Q_122e0b8b9eb0a9d1d7eb,2,1,2014-09-10,2014-09-10,1,False
train,Q_1237a498db7e4ff04fdd,2,1,2013-12-25,2013-12-25,1,False
train,Q_12414ef4ed91abcb82e4,2,1,2014-12-31,2014-12-31,1,False
train,Q_125d44464445e7194314,2,1,2014-04-30,2014-04-30,1,False
train,Q_1260ce827ac414cfe6f1,2,1,2014-08-27,2014-08-27,1,False
train,Q_12629aa581ad18073493,2,1,2015-09-16,2015-09-16,1,False
train,Q_1262aed5ed73a187930a,2,1,2013-03-27,2013-03-27,1,False
train,Q_126beaa0caf7ab21369c,2,1,2013-03-27,2013-03-27,1,False
train,Q_12789c32d9847303a5fa,2,1,2014-09-10,2014-09-10,1,False
train,Q_128e83bbae0339e9c719,2,1,2013-12-18,2013-12-18,1,False
train,Q_12933623b953c55e4444,2,1,2013-10-02,2013-10-02,1,False
train,Q_129eb4266621c8c1714c,2,1,2015-02-11,2015-02-11,1,False
train,Q_12a22e1afac3842e331d,2,1,2013-12-25,2013-12-25,1,False
train,Q_12a2b8a26ee8010db07c,2,1,2016-01-20,2016-01-20,1,False
train,Q_12a3462819295d1fb2e8,2,1,2013-09-25,2013-09-25,1,False
train,Q_12b5fe2ba252d19486a1,2,1,2016-09-14,2016-09-14,1,False
train,Q_12bc8c9e9ede80f6c99b,2,1,2014-06-04,2014-06-04,1,False
train,Q_12c3336b2652044d4575,2,1,2012-09-19,2012-09-19,1,False
train,Q_12c4a9d176de5c54d440,2,1,2014-04-09,2014-04-09,1,False
train,Q_12c7220cca7d7dc0ca46,2,1,2013-06-19,2013-06-19,1,False
train,Q_12d9506d2c902bff4c46,2,1,2013-10-09,2013-10-09,1,False
train,Q_12ea45adc6faaf325fe1,2,1,2013-06-12,2013-06-12,1,False
train,Q_12f979bc8ef33fbdcffb,2,1,2014-05-07,2014-05-07,1,False
train,Q_12f9d7dd459e5fd81ee4,2,1,2014-04-23,2014-04-23,1,False
train,Q_12fd05605ccae0399fce,2,1,2015-06-03,2015-06-03,1,False
train,Q_12fed2f672edc28169af,2,1,2013-12-04,2013-12-04,1,False
train,Q_13107d5830b22e93ff97,2,1,2012-08-29,2012-08-29,1,False
train,Q_131b3e5308c9d7e3fc7b,2,1,2016-06-22,2016-06-22,1,False
train,Q_132b0c316d3b65d3505f,2,1,2016-09-21,2016-09-21,1,False
train,Q_132d05297f27ebfc6c0c,2,1,2014-08-06,2014-08-06,1,False
train,Q_133515ac01ab8d9e502c,2,1,2015-04-15,2015-04-15,1,False
train,Q_134944d78b134d8c6220,2,1,2012-10-10,2012-10-10,1,False
train,Q_1353eb93e7762d41e733,2,1,2014-10-22,2014-10-22,1,False
train,Q_135aba5a6fa2f8fb156f,2,1,2015-09-16,2015-09-16,1,False
train,Q_1364c399ba9adbdb4aaa,2,1,2014-10-15,2014-10-15,1,False
train,Q_1365d7abfb07a70970da,2,1,2015-06-03,2015-06-03,1,False
train,Q_136763e8b6c6d69cafda,2,1,2015-12-30,2015-12-30,1,False
train,Q_137c65860c6929914d45,2,1,2012-09-12,2012-09-12,1,False
train,Q_13843ac481c346a7e5c5,2,1,2015-05-27,2015-05-27,1,False
train,Q_1390a5a78c271122f489,2,1,2016-01-27,2016-01-27,1,False
train,Q_1396d19b93be0011efb6,2,1,2014-09-17,2014-09-17,1,False
train,Q_1396ea4cc6cdf644c752,2,1,2015-12-23,2015-12-23,1,False
train,Q_13a788c1c35f335a7da0,2,1,2014-10-22,2014-10-22,1,False
train,Q_13ab16e43ed392863591,2,1,2014-01-22,2014-01-22,1,False
train,Q_13ac0e2f24f274f4f6c2,2,1,2014-02-05,2014-02-05,1,False
train,Q_13bafc61905ee528afa5,2,1,2015-09-30,2015-09-30,1,False
train,Q_13cd69b74b9752190c80,2,1,2013-03-20,2013-03-20,1,False
train,Q_13f01d93ede88f65d777,2,1,2014-03-05,2014-03-05,1,False
train,Q_13f916df6f1fd22e9751,2,1,2013-04-17,2013-04-17,1,False
train,Q_13fd2c9f8c903671b49b,2,1,2016-07-13,2016-07-13,1,False
train,Q_13fdee90435c7895d8c4,2,1,2015-09-02,2015-09-02,1,False
train,Q_13ff35d0664346049037,2,1,2013-09-18,2013-09-18,1,False
train,Q_1400c734c373012dd657,2,1,2016-03-16,2016-03-16,1,False
train,Q_1402010961a4dc89cdf8,2,1,2016-03-23,2016-03-23,1,False
train,Q_14099c7d10ced92336f2,2,1,2015-10-28,2015-10-28,1,False
train,Q_140e46d559beb5297937,2,1,2016-04-13,2016-04-13,1,False
train,Q_141e8130fddc1c69f778,2,1,2012-09-26,2012-09-26,1,False
train,Q_141fe34ea260745ea98f,2,1,2015-02-25,2015-02-25,1,False
train,Q_142038162a7c84dbec85,2,1,2013-10-02,2013-10-02,1,False
train,Q_142dfc8420a3cec432bf,2,1,2015-11-04,2015-11-04,1,False
train,Q_14330739473241efd02a,2,1,2012-10-10,2012-10-10,1,False
train,Q_14410591d5d98d8686b8,2,1,2015-06-03,2015-06-03,1,False
train,Q_14421e79aca513547178,2,1,2014-10-01,2014-10-01,1,False
train,Q_1451b989abb4ddbd786f,2,1,2014-07-09,2014-07-09,1,False
train,Q_1452c9e39e99dbebfe42,2,1,2015-05-13,2015-05-13,1,False
train,Q_145865f70a6d5cfbeacf,2,1,2014-05-21,2014-05-21,1,False
train,Q_1477fb93fc27ffe5bbf6,2,1,2015-08-05,2015-08-05,1,False
train,Q_1478b8795c97c52cef35,2,1,2013-04-17,2013-04-17,1,False
train,Q_147c268ef7d485adf3da,2,1,2015-11-18,2015-11-18,1,False
train,Q_1480a1fddea306c7acfa,2,1,2014-04-09,2014-04-09,1,False
train,Q_148898c755573d7b5529,2,1,2016-05-25,2016-05-25,1,False
train,Q_1497c1ef464adacffe3e,2,1,2016-04-13,2016-04-13,1,False
train,Q_149997d87d6ab4381c69,2,1,2012-11-07,2012-11-07,1,False
train,Q_149d69c2c68eebfb0fbc,2,1,2015-10-21,2015-10-21,1,False
train,Q_14a9c641664e0d4ea4eb,2,1,2014-03-19,2014-03-19,1,False
train,Q_14b2aac63d2b28bc70fe,2,1,2014-11-05,2014-11-05,1,False
train,Q_14b38865b073a53a0ad1,2,1,2014-09-17,2014-09-17,1,False
train,Q_14b996f3dd962f5ccfad,2,1,2016-01-06,2016-01-06,1,False
train,Q_14bcbf74cf13cf3defd9,2,1,2012-09-19,2012-09-19,1,False
train,Q_14c2f1de4a22f1ed2826,2,1,2015-05-06,2015-05-06,1,False
train,Q_14c6d244544090ef82b5,2,1,2014-01-01,2014-01-01,1,False
train,Q_14cc2938874ec806f129,2,1,2012-12-05,2012-12-05,1,False
train,Q_14d1a8cc27ddcf56a3f1,2,1,2013-08-07,2013-08-07,1,False
train,Q_14dc4c924b28de866bd7,2,1,2014-04-02,2014-04-02,1,False
train,Q_14e00c9a786b60e0f808,2,1,2015-09-23,2015-09-23,1,False
train,Q_14f166e260d45178662e,2,1,2016-04-27,2016-04-27,1,False
train,Q_14f455700c8020ff8823,2,1,2014-02-05,2014-02-05,1,False
train,Q_14fd5e7db0bcdb4ae4bd,2,1,2014-05-07,2014-05-07,1,False
train,Q_15039a0c31ede339e9da,2,1,2016-02-03,2016-02-03,1,False
train,Q_15101c84caec56ad3a2a,2,1,2015-09-16,2015-09-16,1,False
train,Q_152c32ecd0c84b2ab1b3,2,1,2014-12-17,2014-12-17,1,False
train,Q_1531df75c0c010773fb3,2,1,2016-06-29,2016-06-29,1,False
train,Q_153475f6616651c7a8ec,2,1,2016-03-02,2016-03-02,1,False
train,Q_1545ef89b587eedce828,2,1,2014-03-12,2014-03-12,1,False
train,Q_1548c722929aa6a6a10a,2,1,2013-03-20,2013-03-20,1,False
train,Q_1548d0b5a35085f7c4d4,2,1,2014-02-05,2014-02-05,1,False
train,Q_154df2053b2278001110,2,1,2015-06-17,2015-06-17,1,False
train,Q_155398619b53fbb44df5,2,1,2015-07-01,2015-07-01,1,False
train,Q_155698e720222e406bd4,2,1,2013-09-11,2013-09-11,1,False
train,Q_155d4772ae1c1ffebea1,2,1,2013-01-23,2013-01-23,1,False
train,Q_15605263ac2cbf8fdae2,2,1,2016-03-23,2016-03-23,1,False
train,Q_1564c6c5750acab92bc0,2,1,2013-09-04,2013-09-04,1,False
train,Q_159031d3858b52c85ea5,2,1,2015-12-23,2015-12-23,1,False
train,Q_1595281a936a9ac494ab,2,1,2015-10-21,2015-10-21,1,False
train,Q_15b16d0bcdebd340c097,2,1,2013-06-26,2013-06-26,1,False
train,Q_15bad36877d9aa67eb36,2,1,2014-02-19,2014-02-19,1,False
train,Q_15be46732f120205b11e,2,1,2015-01-21,2015-01-21,1,False
train,Q_15c9455f11126fe2f996,2,1,2013-02-20,2013-02-20,1,False
train,Q_15cf24daa4361b9caaae,2,1,2013-06-05,2013-06-05,1,False
train,Q_15d49fb5c3fc533d3848,2,1,2016-01-20,2016-01-20,1,False
train,Q_15e0618bf2de9da7a639,2,1,2013-07-10,2013-07-10,1,False
train,Q_15e0ad9bb09c0a459d17,2,1,2016-01-20,2016-01-20,1,False
train,Q_15f0d0829d6482e5642a,2,1,2014-12-03,2014-12-03,1,False
train,Q_15fb356aa3c15da106a8,2,1,2016-04-27,2016-04-27,1,False
train,Q_15ffdf7f0beff96b5342,2,1,2014-01-15,2014-01-15,1,False
train,Q_1600090be29f8042d026,2,1,2014-08-13,2014-08-13,1,False
train,Q_16076b7ba8416f5998c0,2,1,2015-11-04,2015-11-04,1,False
train,Q_160dbe96ca3a76b4f80e,2,1,2013-06-19,2013-06-19,1,False
train,Q_160e2f5ef252f1fb6d28,4,2,2014-07-09,2014-09-03,2,True
train,Q_1612049d119446c1f388,2,1,2014-05-21,2014-05-21,1,False
train,Q_162b7addb0fa7bdcfdad,2,1,2013-10-23,2013-10-23,1,False
train,Q_162e4acfcaff45977649,2,1,2012-09-12,2012-09-12,1,False
train,Q_1632d970ddad9797c6b2,2,1,2013-05-29,2013-05-29,1,False
train,Q_16398b38f1501d39fe1c,2,1,2013-05-29,2013-05-29,1,False
train,Q_16476f72c1e70181d1f1,2,1,2016-05-11,2016-05-11,1,False
train,Q_165276f7221fdb79db36,2,1,2013-06-19,2013-06-19,1,False
train,Q_16596969bce479a8e76f,2,1,2013-07-03,2013-07-03,1,False
train,Q_165c84b9a86327d1c610,2,1,2014-03-12,2014-03-12,1,False
train,Q_165cadd49ee7f2f5f87b,2,1,2014-04-23,2014-04-23,1,False
train,Q_165cbaae030b425899f3,2,1,2015-12-02,2015-12-02,1,False
train,Q_1671fe4a3e7b05b0533d,2,1,2013-09-11,2013-09-11,1,False
train,Q_1676f2808ac4095cc652,2,1,2013-12-11,2013-12-11,1,False
train,Q_1692098123ca0c8dc2d2,2,1,2012-11-14,2012-11-14,1,False
train,Q_1697d99e51e91fd45c4b,2,1,2013-05-01,2013-05-01,1,False
train,Q_169cb5690265f4ded540,2,1,2013-08-21,2013-08-21,1,False
train,Q_16b3bfb777c6cb3faf3e,2,1,2014-10-08,2014-10-08,1,False
train,Q_16b6be548908beecd92e,2,1,2014-12-03,2014-12-03,1,False
train,Q_16bca1a2ad0bec6e46bd,2,1,2015-12-09,2015-12-09,1,False
train,Q_16c10efa5952136aaaf5,2,1,2013-12-04,2013-12-04,1,False
train,Q_16c29da3cb381868e3dc,2,1,2015-03-04,2015-03-04,1,False
train,Q_16c345391d1b1687766d,2,1,2016-06-29,2016-06-29,1,False
train,Q_16c8d196de31c8c2238c,2,1,2014-12-17,2014-12-17,1,False
train,Q_16d50efa81199c3b45e3,2,1,2016-06-01,2016-06-01,1,False
train,Q_16d990ef0a6793ed638b,2,1,2013-06-26,2013-06-26,1,False
train,Q_16ed4ba07769b9202b90,2,1,2014-03-05,2014-03-05,1,False
train,Q_170cb9311e50ce3a8a6a,2,1,2012-08-01,2012-08-01,1,False
train,Q_171cfca7bdb20de0204c,2,1,2016-04-27,2016-04-27,1,False
train,Q_1720822a3f099776ed85,2,1,2013-03-06,2013-03-06,1,False
train,Q_17229cc9a8f3042dc8a4,2,1,2015-10-14,2015-10-14,1,False
train,Q_17288178607ccd5a87c0,2,1,2016-08-10,2016-08-10,1,False
train,Q_172dd297599b3831095d,2,1,2016-03-09,2016-03-09,1,False
train,Q_1731942c6f8e0e697a12,2,1,2014-11-12,2014-11-12,1,False
train,Q_1732ff326bed4c72a730,2,1,2016-06-29,2016-06-29,1,False
train,Q_1736f146691674a5b994,2,1,2012-09-19,2012-09-19,1,False
train,Q_173f998cbde4bc30b1ba,2,1,2016-06-01,2016-06-01,1,False
train,Q_1743b08177c45b013b1a,2,1,2013-06-12,2013-06-12,1,False
train,Q_17440db3bf2bbe86c6a5,2,1,2013-06-05,2013-06-05,1,False
train,Q_174d4f04b76b79267aa4,2,1,2012-12-05,2012-12-05,1,False
train,Q_1751138b260945841006,2,1,2014-10-22,2014-10-22,1,False
train,Q_1756fe1db2a022564cb8,2,1,2013-10-09,2013-10-09,1,False
train,Q_176713aacbcc44342f1f,2,1,2015-08-12,2015-08-12,1,False
train,Q_176b0a1bd06b7273eb6c,2,1,2013-06-19,2013-06-19,1,False
train,Q_177ccbd9e6af065bbcb2,2,1,2015-02-18,2015-02-18,1,False
train,Q_177f1c455671bb86ca35,2,1,2012-11-07,2012-11-07,1,False
train,Q_17860b1d4714c33a98a9,2,1,2014-10-15,2014-10-15,1,False
train,Q_1787b8b573a62ed89f85,2,1,2015-08-12,2015-08-12,1,False
train,Q_17939e224d9585be0db3,2,1,2013-02-13,2013-02-13,1,False
train,Q_17953465e5adb3bf3500,2,1,2015-10-21,2015-10-21,1,False
train,Q_1796cf8af9eebb63947f,2,1,2012-11-07,2012-11-07,1,False
train,Q_17a0fc1cf0d2152ea266,2,1,2012-12-12,2012-12-12,1,False
train,Q_17aa32b68b7785fef541,2,1,2013-11-13,2013-11-13,1,False
train,Q_17aa34788e9d722f7d18,2,1,2015-09-23,2015-09-23,1,False
train,Q_17acf822df26592c601c,2,1,2013-05-01,2013-05-01,1,False
train,Q_17be83570dd8429fc9b9,2,1,2016-03-23,2016-03-23,1,False
train,Q_17c34fb807f4a84ece97,2,1,2013-07-03,2013-07-03,1,False
train,Q_17c369b873596cdc58ad,2,1,2016-06-29,2016-06-29,1,False
train,Q_17d00fe3d164304d5276,2,1,2014-06-25,2014-06-25,1,False
train,Q_17d3463e2941b21a4187,2,1,2014-10-01,2014-10-01,1,False
train,Q_17d38266b25c3a757e78,2,1,2013-07-24,2013-07-24,1,False
train,Q_17d3cf2ebdb821343ffe,2,1,2013-12-04,2013-12-04,1,False
train,Q_17e20b31c8723f552868,2,1,2013-03-06,2013-03-06,1,False
train,Q_17e366dcbe8abadf5264,2,1,2014-12-24,2014-12-24,1,False
train,Q_17f2791ab1b34ba18c3e,2,1,2015-08-05,2015-08-05,1,False
train,Q_17f8e1d8ee726be67093,2,1,2016-06-22,2016-06-22,1,False
train,Q_17fa6ce4efb8262abe73,2,1,2013-06-19,2013-06-19,1,False
train,Q_17feb4f2d23a3829f0b0,2,1,2014-11-05,2014-11-05,1,False
train,Q_17ff7565073885c6419d,2,1,2014-02-19,2014-02-19,1,False
train,Q_18006edfa7dc0d8b5219,2,1,2015-05-13,2015-05-13,1,False
train,Q_1803ee2ac54d08fba00f,2,1,2015-04-15,2015-04-15,1,False
train,Q_1806adf623f240ebe2a4,2,1,2016-02-03,2016-02-03,1,False
train,Q_181e188fadfcbcd7476a,2,1,2015-12-02,2015-12-02,1,False
train,Q_18258311f7e620455cb2,2,1,2014-05-21,2014-05-21,1,False
train,Q_182eb9f3de3990edc43c,2,1,2013-02-27,2013-02-27,1,False
train,Q_182f014adc15f966da94,2,1,2014-07-23,2014-07-23,1,False
train,Q_18428bdf12cf451e9b40,2,1,2016-03-16,2016-03-16,1,False
train,Q_184d2041eeec9ae08669,2,1,2014-02-12,2014-02-12,1,False
train,Q_18597896b8194b4e2aeb,2,1,2016-01-06,2016-01-06,1,False
train,Q_18676bc8baeb38d5cdf2,2,1,2014-06-11,2014-06-11,1,False
train,Q_187f0c634e6c72b53383,2,1,2014-02-05,2014-02-05,1,False
train,Q_188515e969061d48a30c,2,1,2013-12-04,2013-12-04,1,False
train,Q_188fdfbd9875047ffc60,2,1,2015-06-03,2015-06-03,1,False
train,Q_1899fe9785e548b8b2ae,2,1,2015-08-19,2015-08-19,1,False
train,Q_18a9dc5f93b316fc0407,2,1,2013-09-25,2013-09-25,1,False
train,Q_18c3b2e0c25821748a70,2,1,2014-12-10,2014-12-10,1,False
train,Q_18ca7a3d0f5c39788302,2,1,2016-08-17,2016-08-17,1,False
train,Q_18d0a767f884881d2144,2,1,2014-08-06,2014-08-06,1,False
train,Q_18d66bcacc5e9a90f358,2,1,2014-10-15,2014-10-15,1,False
train,Q_18df23360a4d425244b1,2,1,2013-11-13,2013-11-13,1,False
train,Q_18e1df8268a8f0ec6e08,2,1,2012-09-05,2012-09-05,1,False
train,Q_18ec3490d4d837ef77e0,2,1,2013-04-17,2013-04-17,1,False
train,Q_18f5f5400a5cab1d7a7c,2,1,2015-07-29,2015-07-29,1,False
train,Q_18f97f626f5c04e70575,2,1,2016-02-17,2016-02-17,1,False
train,Q_18faea7b5ea265734f4f,2,1,2016-04-27,2016-04-27,1,False
train,Q_1902e5c76691c65189f9,2,1,2014-10-01,2014-10-01,1,False
train,Q_190a64f5640009021ed8,2,1,2015-09-23,2015-09-23,1,False
train,Q_1917875f00cf177b2f08,2,1,2012-12-05,2012-12-05,1,False
train,Q_191cfb10a627c41b9fcc,2,1,2013-10-23,2013-10-23,1,False
train,Q_19272dd0a7935465dfe4,2,1,2012-10-03,2012-10-03,1,False
train,Q_192ad48f6f8a9683f915,2,1,2013-06-26,2013-06-26,1,False
train,Q_192ada539b010e733219,2,1,2014-06-04,2014-06-04,1,False
train,Q_1937ef8cfead4888adb5,2,1,2012-08-15,2012-08-15,1,False
train,Q_193a4cc491eecf86c595,2,1,2016-03-09,2016-03-09,1,False
train,Q_194adac623ed44dca3f4,2,1,2014-12-03,2014-12-03,1,False
train,Q_194c95595d67fca82e4b,2,1,2013-02-13,2013-02-13,1,False
train,Q_1952f45a2f6f0a577617,2,1,2014-01-15,2014-01-15,1,False
train,Q_1955ead477b65254fab9,2,1,2013-08-21,2013-08-21,1,False
train,Q_1959e3257e93b0a0a891,2,1,2014-08-06,2014-08-06,1,False
train,Q_19655c336a9df80b4da0,2,1,2015-10-14,2015-10-14,1,False
train,Q_19659613c48c44d43137,2,1,2015-01-14,2015-01-14,1,False
train,Q_1965a670eefa15d3c3cb,2,1,2013-07-03,2013-07-03,1,False
train,Q_196baa4333c15a4abbcb,2,1,2014-12-17,2014-12-17,1,False
train,Q_196ecfb17b2cdf888a35,2,1,2013-06-26,2013-06-26,1,False
train,Q_1976d662f7471547759b,2,1,2013-01-16,2013-01-16,1,False
train,Q_1977a2aa119af23753a6,2,1,2012-09-19,2012-09-19,1,False
train,Q_197b1110f1ec62fae5e7,2,1,2013-10-16,2013-10-16,1,False
train,Q_1986d070d7faccdd3c7b,2,1,2012-11-14,2012-11-14,1,False
train,Q_19881047f98c571644e8,2,1,2016-03-23,2016-03-23,1,False
train,Q_198c3c2d8c5ecfe614cc,2,1,2014-12-10,2014-12-10,1,False
train,Q_1993445554431ee00907,2,1,2014-05-21,2014-05-21,1,False
train,Q_19a16a110557806583d7,2,1,2014-05-07,2014-05-07,1,False
train,Q_19a39a41b95754e52b04,2,1,2016-06-01,2016-06-01,1,False
train,Q_19a5d336f374481ea9c8,2,1,2013-01-02,2013-01-02,1,False
train,Q_19b1ce3688b59bb3b9aa,2,1,2012-11-14,2012-11-14,1,False
train,Q_19b30d866c664c0e0be2,2,1,2014-05-28,2014-05-28,1,False
train,Q_19b64d325d8ccf548ba9,2,1,2014-06-04,2014-06-04,1,False
train,Q_19bd165c70ecbc98c303,2,1,2013-07-17,2013-07-17,1,False
train,Q_19c36f7dd5a05a34275d,2,1,2013-05-29,2013-05-29,1,False
train,Q_19d6f7759073ad13014e,2,1,2014-08-06,2014-08-06,1,False
train,Q_19e590fe98cada118b89,2,1,2016-07-20,2016-07-20,1,False
train,Q_19eb2be469d2efec9877,2,1,2013-06-19,2013-06-19,1,False
train,Q_19f8edfd38a21d049532,2,1,2013-06-12,2013-06-12,1,False
train,Q_1a0345964be23dce6450,2,1,2014-04-16,2014-04-16,1,False
train,Q_1a04574b4fd0a225f4e3,2,1,2015-10-14,2015-10-14,1,False
train,Q_1a077cbf7495f4a96fa6,2,1,2016-08-24,2016-08-24,1,False
train,Q_1a10182c38f83c4604d2,2,1,2014-02-05,2014-02-05,1,False
train,Q_1a129e3c96ec4919d915,2,1,2014-07-23,2014-07-23,1,False
train,Q_1a190ad058d48eb5fbf4,2,1,2014-10-15,2014-10-15,1,False
train,Q_1a1b7a13a7969e1af63d,2,1,2014-06-18,2014-06-18,1,False
train,Q_1a2060410eb247c8e35d,2,1,2015-06-10,2015-06-10,1,False
train,Q_1a299360e2af3665a6a6,2,1,2014-04-23,2014-04-23,1,False
train,Q_1a2b0bd83684394e14ba,2,1,2015-07-29,2015-07-29,1,False
train,Q_1a2d41904422ddf2e1fa,2,1,2013-05-01,2013-05-01,1,False
train,Q_1a2d628a69bd648c29a8,2,1,2014-06-11,2014-06-11,1,False
train,Q_1a2e2a569971062d5d22,2,1,2013-09-11,2013-09-11,1,False
train,Q_1a317c0bb0359f2d83b2,2,1,2015-12-23,2015-12-23,1,False
train,Q_1a3ae16aad001d689591,2,1,2013-05-01,2013-05-01,1,False
train,Q_1a3e90adb8b749f31219,2,1,2015-12-02,2015-12-02,1,False
train,Q_1a421bc525e1e1dcba1b,2,1,2016-03-09,2016-03-09,1,False
train,Q_1a4b4acef2948bcf2b45,2,1,2014-11-12,2014-11-12,1,False
train,Q_1a4fbe5b5c7302b8a2c5,2,1,2013-05-29,2013-05-29,1,False
train,Q_1a54c92b1ee35774906f,2,1,2013-04-24,2013-04-24,1,False
train,Q_1a631a0e22d572e38c45,2,1,2012-09-12,2012-09-12,1,False
train,Q_1a7655a2e9a6a6a48c5c,2,1,2015-11-11,2015-11-11,1,False
train,Q_1a79c1aa83389e7a0448,4,2,2013-09-18,2013-11-27,2,True
train,Q_1a7c0c1b5f5a5ad568a3,2,1,2014-12-31,2014-12-31,1,False
train,Q_1a7eeb4e18eb474bdc7c,2,1,2015-12-09,2015-12-09,1,False
train,Q_1a8a4b343af6a95bd3fc,2,1,2015-07-29,2015-07-29,1,False
train,Q_1a8b852aa36da6a6a010,2,1,2016-07-13,2016-07-13,1,False
train,Q_1a8f057a1c5b6d9527fc,2,1,2016-08-03,2016-08-03,1,False
train,Q_1a925104d3ee2253a567,2,1,2014-08-06,2014-08-06,1,False
train,Q_1aa1ed25391270e161a8,2,1,2015-12-02,2015-12-02,1,False
train,Q_1aa3c43abec992e65262,2,1,2016-01-06,2016-01-06,1,False
train,Q_1ab77d6628c7488ac914,2,1,2016-07-20,2016-07-20,1,False
train,Q_1ad0a4915622c9eeb867,2,1,2014-10-01,2014-10-01,1,False
train,Q_1adbab9fec4d8d31019b,2,1,2013-01-16,2013-01-16,1,False
train,Q_1adbb5963b775c0abdcf,2,1,2013-12-18,2013-12-18,1,False
train,Q_1b01a0bca9846ba10274,2,1,2014-07-02,2014-07-02,1,False
train,Q_1b025a3121406a932a39,2,1,2014-09-10,2014-09-10,1,False
train,Q_1b091e2a34fec2fa1001,2,1,2013-07-24,2013-07-24,1,False
train,Q_1b0ad9bb945dfda33019,2,1,2012-08-15,2012-08-15,1,False
train,Q_1b248bd15ac1916f95a7,2,1,2015-12-30,2015-12-30,1,False
train,Q_1b2891c1fe8f7c53e337,2,1,2013-04-10,2013-04-10,1,False
train,Q_1b3316245f9b7279c97e,2,1,2015-11-25,2015-11-25,1,False
train,Q_1b3f2bcc1b0d99062192,2,1,2012-11-07,2012-11-07,1,False
train,Q_1b4b4bbdf3baddc4711e,2,1,2014-07-23,2014-07-23,1,False
train,Q_1b50cc9aab5fbbc0725a,2,1,2016-06-22,2016-06-22,1,False
train,Q_1b55e1f81792ea55c9b4,2,1,2014-05-21,2014-05-21,1,False
train,Q_1b5dc349d076a62f1f51,2,1,2013-01-23,2013-01-23,1,False
train,Q_1b636c6d9dbe55501cbb,2,1,2016-02-10,2016-02-10,1,False
train,Q_1b73156c87e234ef6d73,2,1,2013-10-23,2013-10-23,1,False
train,Q_1b79f957f4bf0f6c6ae2,2,1,2016-01-27,2016-01-27,1,False
train,Q_1b8550ba580535ec97ce,2,1,2015-06-17,2015-06-17,1,False
train,Q_1b8abbd31dbbbeef07d6,2,1,2015-06-24,2015-06-24,1,False
train,Q_1b976ab491581cce1266,2,1,2016-03-23,2016-03-23,1,False
train,Q_1ba7d71b9ebdee7e77f5,2,1,2012-08-29,2012-08-29,1,False
train,Q_1bc23425e8434d0cc5e1,2,1,2014-10-22,2014-10-22,1,False
train,Q_1bc896d1222b44f8a872,2,1,2015-04-29,2015-04-29,1,False
train,Q_1bcbe6b76090184fc501,2,1,2015-07-29,2015-07-29,1,False
train,Q_1bdd26fce9eda4307a82,2,1,2016-03-23,2016-03-23,1,False
train,Q_1bdf150bfb1456ace8e5,2,1,2015-02-04,2015-02-04,1,False
train,Q_1bfd7af08930ce3557cf,2,1,2013-11-27,2013-11-27,1,False
train,Q_1bff5c2302ebcf2ed25d,2,1,2013-11-20,2013-11-20,1,False
train,Q_1bffe792376dc2d35d5a,2,1,2015-01-14,2015-01-14,1,False
train,Q_1c08444eef1c99f5245e,2,1,2014-06-25,2014-06-25,1,False
train,Q_1c1c5313c7eae5746fc8,2,1,2016-04-13,2016-04-13,1,False
train,Q_1c22528e171a298b177d,2,1,2013-01-02,2013-01-02,1,False
train,Q_1c23844b969b9e2c5f7f,2,1,2016-03-02,2016-03-02,1,False
train,Q_1c23a1e35ea9b25f131d,2,1,2013-07-17,2013-07-17,1,False
train,Q_1c3721a88c9e7caf22ca,2,1,2012-07-04,2012-07-04,1,False
train,Q_1c390454f143f0e4dc3b,2,1,2015-04-08,2015-04-08,1,False
train,Q_1c3a9b1aa08f0d9d0210,2,1,2012-08-22,2012-08-22,1,False
train,Q_1c470ae1065a514bad01,2,1,2012-10-31,2012-10-31,1,False
train,Q_1c528e5d04f46198774e,2,1,2015-02-25,2015-02-25,1,False
train,Q_1c534e4ec04760cb8219,2,1,2012-11-28,2012-11-28,1,False
train,Q_1c5821c4d93510342887,2,1,2013-06-26,2013-06-26,1,False
train,Q_1c587b96cad0460aa0f3,2,1,2013-11-13,2013-11-13,1,False
train,Q_1c79286305f3644b94f7,2,1,2014-04-16,2014-04-16,1,False
train,Q_1c9a0532793531cc7170,2,1,2012-10-31,2012-10-31,1,False
train,Q_1c9bc76af82ee2168659,2,1,2016-03-16,2016-03-16,1,False
train,Q_1c9f7761ea12242fc4c0,3,1,2016-03-23,2016-03-23,2,False
train,Q_1ca2733c9c59d74cf33f,2,1,2013-06-12,2013-06-12,1,False
train,Q_1cb79d8a7db38a72b140,2,1,2014-09-10,2014-09-10,1,False
train,Q_1cbf6ae02ad9beea4dff,2,1,2016-08-10,2016-08-10,1,False
train,Q_1cce9592e1e24211290a,2,1,2013-04-03,2013-04-03,1,False
train,Q_1cdec33de3a2e99533bd,2,1,2014-12-31,2014-12-31,1,False
train,Q_1ce0da4524090ebb1017,2,1,2016-08-03,2016-08-03,1,False
train,Q_1cef6ce0993273b2dfc3,2,1,2016-01-13,2016-01-13,1,False
train,Q_1cf1ecb1bb3716c38da4,2,1,2013-08-21,2013-08-21,1,False
train,Q_1cf8d8d4474945ab8714,2,1,2016-06-29,2016-06-29,1,False
train,Q_1cf924deb245a59cbc1c,2,1,2015-02-11,2015-02-11,1,False
train,Q_1d0686b803039403d481,2,1,2015-09-09,2015-09-09,1,False
train,Q_1d096723aecae29d6d42,2,1,2014-05-14,2014-05-14,1,False
train,Q_1d11c3f9d94cf1ce31d3,2,1,2016-08-17,2016-08-17,1,False
train,Q_1d1231781df42fa337e8,2,1,2016-07-06,2016-07-06,1,False
train,Q_1d14869281c59c41a998,2,1,2016-03-02,2016-03-02,1,False
train,Q_1d23f79b2d03e4349d85,2,1,2015-09-09,2015-09-09,1,False
train,Q_1d2404223751ac1380c4,2,1,2012-12-05,2012-12-05,1,False
train,Q_1d2a89047fb1fa1397cf,2,1,2016-06-22,2016-06-22,1,False
train,Q_1d39c07f15a09b7232fc,2,1,2013-04-24,2013-04-24,1,False
train,Q_1d4f289b7898251c67e6,2,1,2014-04-09,2014-04-09,1,False
train,Q_1d539ad7895647954974,2,1,2014-08-13,2014-08-13,1,False
train,Q_1d5bf22d36c353690802,2,1,2015-07-29,2015-07-29,1,False
train,Q_1d69390c75c3d83cd094,2,1,2015-09-30,2015-09-30,1,False
train,Q_1d6c07fef4dca28bd97c,2,1,2015-10-28,2015-10-28,1,False
train,Q_1d6c6a4c0a54919b1df7,2,1,2014-02-05,2014-02-05,1,False
train,Q_1d6db50c7bc435d98f2a,2,1,2013-09-11,2013-09-11,1,False
train,Q_1d75319c937e5a426724,2,1,2015-03-04,2015-03-04,1,False
train,Q_1d78f6ce90cb795855c4,2,1,2016-09-07,2016-09-07,1,False
train,Q_1d7ac2b97a4bbfdc32a1,2,1,2013-02-06,2013-02-06,1,False
train,Q_1d8237eabef9f393adea,2,1,2015-05-27,2015-05-27,1,False
train,Q_1d8d7e2112c702e3083e,2,1,2015-09-16,2015-09-16,1,False
train,Q_1d8e7eb94b75b17f5a72,2,1,2015-04-08,2015-04-08,1,False
train,Q_1d976aa03bbfaa75cb40,2,1,2016-03-09,2016-03-09,1,False
train,Q_1d985925761a406e6907,2,1,2012-08-01,2012-08-01,1,False
train,Q_1d9e7d12775cef41a2a9,2,1,2012-09-12,2012-09-12,1,False
train,Q_1da5af193a0e3d1cb63b,2,1,2015-02-25,2015-02-25,1,False
train,Q_1dc402344db1a2d1d83f,2,1,2016-06-22,2016-06-22,1,False
train,Q_1dc66c591c6bf74f8a37,2,1,2015-07-29,2015-07-29,1,False
train,Q_1dcfc1d2df15ea9541bf,2,1,2015-05-27,2015-05-27,1,False
train,Q_1ddf87dd30b1d459130d,2,1,2014-04-02,2014-04-02,1,False
train,Q_1de95f513a84cd65a48c,2,1,2015-06-10,2015-06-10,1,False
train,Q_1df28491be5071ad3fb1,2,1,2016-06-29,2016-06-29,1,False
train,Q_1df610a4c9f5210817df,2,1,2014-01-01,2014-01-01,1,False
train,Q_1dfcec1cec4591c3113e,2,1,2016-02-24,2016-02-24,1,False
train,Q_1e02e0d6a50ea6e56698,2,1,2013-09-11,2013-09-11,1,False
train,Q_1e0b0336f20fb34e3da8,2,1,2014-03-12,2014-03-12,1,False
train,Q_1e0b0bf867305d6a3185,2,1,2014-01-15,2014-01-15,1,False
train,Q_1e28c6d6a3ab42cca185,2,1,2013-11-13,2013-11-13,1,False
train,Q_1e3185db3621188f09c6,2,1,2015-11-04,2015-11-04,1,False
train,Q_1e32e42bcea69cc1b177,2,1,2014-10-01,2014-10-01,1,False
train,Q_1e34d26479e401a07f44,2,1,2013-08-21,2013-08-21,1,False
train,Q_1e37e0eed8352f3abcf3,2,1,2012-09-19,2012-09-19,1,False
train,Q_1e48053da29fd6dd884c,2,1,2016-03-02,2016-03-02,1,False
train,Q_1e573c21a6b3d9c2213a,2,1,2015-12-16,2015-12-16,1,False
train,Q_1e5e92c5c81683f48327,2,1,2016-06-22,2016-06-22,1,False
train,Q_1e639101ad22922a1123,2,1,2012-08-01,2012-08-01,1,False
train,Q_1e72b015db0e98d8f166,2,1,2013-03-06,2013-03-06,1,False
train,Q_1e74781f234bee659091,2,1,2016-01-13,2016-01-13,1,False
train,Q_1e848b78450f6ea75b47,2,1,2013-07-10,2013-07-10,1,False
train,Q_1e8b5ca1d88281c06245,2,1,2015-06-24,2015-06-24,1,False
train,Q_1e8babb219e3250f74eb,2,1,2012-11-14,2012-11-14,1,False
train,Q_1e92282bbd88d7b091c3,2,1,2012-11-07,2012-11-07,1,False
train,Q_1ea25ec78eee63c597af,2,1,2016-07-06,2016-07-06,1,False
train,Q_1eaa56c6a05a7a15d2e2,2,1,2014-09-24,2014-09-24,1,False
train,Q_1eb171a6dbaebdd4b025,2,1,2015-04-01,2015-04-01,1,False
train,Q_1eb2c9f8bc2afef5f7b6,2,1,2013-06-26,2013-06-26,1,False
train,Q_1eb883f289b1128e00d9,2,1,2015-08-05,2015-08-05,1,False
train,Q_1ec0482cfe0f8f723beb,2,1,2015-03-25,2015-03-25,1,False
train,Q_1ec502a7568c5f4f234e,2,1,2013-07-17,2013-07-17,1,False
train,Q_1ed5c4f620c360fc016b,2,1,2016-02-24,2016-02-24,1,False
train,Q_1ed651697c518afafffa,3,1,2012-11-28,2012-11-28,2,False
train,Q_1edd603d4e838ee10f40,2,1,2013-11-20,2013-11-20,1,False
train,Q_1ee8e70ee0e7c66387a1,2,1,2014-01-15,2014-01-15,1,False
train,Q_1ef7750a7819b798fa4b,2,1,2016-05-25,2016-05-25,1,False
train,Q_1efc2e65aea2f5a13f06,2,1,2014-06-18,2014-06-18,1,False
train,Q_1effb727e6c795b051ef,2,1,2012-08-01,2012-08-01,1,False
train,Q_1f0f32ba6dc2f61d4f8c,2,1,2012-10-24,2012-10-24,1,False
train,Q_1f10dfe597d089d9628e,2,1,2015-05-06,2015-05-06,1,False
train,Q_1f146563114901767ec6,2,1,2014-08-06,2014-08-06,1,False
train,Q_1f19a99d181f4ecea995,2,1,2015-11-18,2015-11-18,1,False
train,Q_1f1efa3a83c3637b13d2,2,1,2014-09-10,2014-09-10,1,False
train,Q_1f2739796e329b44047f,2,1,2016-03-02,2016-03-02,1,False
train,Q_1f2c318e397ad7b52c72,2,1,2015-06-24,2015-06-24,1,False
train,Q_1f31850965c60d042d19,2,1,2014-01-15,2014-01-15,1,False
train,Q_1f345b9f530788ce71e6,2,1,2014-05-14,2014-05-14,1,False
train,Q_1f452a4bba136605a072,2,1,2013-07-17,2013-07-17,1,False
train,Q_1f499c67853bb05ad1cb,2,1,2013-01-30,2013-01-30,1,False
train,Q_1f4e39b580f818cafa5a,2,1,2016-02-17,2016-02-17,1,False
train,Q_1f517abac89320e66a34,2,1,2013-07-03,2013-07-03,1,False
train,Q_1f572d00f50067707473,2,1,2015-05-27,2015-05-27,1,False
train,Q_1f59791b63c221f3c465,2,1,2015-08-12,2015-08-12,1,False
train,Q_1f64eff5e13f69b19570,2,1,2013-10-23,2013-10-23,1,False
train,Q_1f7009bc1b8b85fd9cd8,2,1,2015-12-09,2015-12-09,1,False
train,Q_1f7a7cf31b6c1c992cf9,2,1,2012-12-19,2012-12-19,1,False
train,Q_1f83419f6846ae813a80,2,1,2013-06-12,2013-06-12,1,False
train,Q_1f8536c17a5748756c64,2,1,2014-05-28,2014-05-28,1,False
train,Q_1f979b5923f5cda4dcc3,2,1,2014-12-17,2014-12-17,1,False
train,Q_1f9e2abe684eca28e487,2,1,2015-01-21,2015-01-21,1,False
train,Q_1f9fdde7cdc5968eeb42,2,1,2014-09-17,2014-09-17,1,False
train,Q_1fa654e30913c422cf54,2,1,2013-08-14,2013-08-14,1,False
train,Q_1fa8ef04f41deed770a3,2,1,2012-12-19,2012-12-19,1,False
train,Q_1fb22b2bb87c2093c534,2,1,2015-12-16,2015-12-16,1,False
train,Q_1fb96f67e31d3734e42c,2,1,2016-01-06,2016-01-06,1,False
train,Q_1fbb27c73df642f19053,2,1,2012-08-01,2012-08-01,1,False
train,Q_1fbc6dfdd87827c1c3e5,2,1,2013-07-03,2013-07-03,1,False
train,Q_1fc81176816ecedea2f9,2,1,2014-04-23,2014-04-23,1,False
train,Q_1fcd266bb99fbf958a5d,2,1,2016-06-29,2016-06-29,1,False
train,Q_1fe750c3ef6d0f189b92,2,1,2014-12-10,2014-12-10,1,False
train,Q_1fe865272e24739ba4df,2,1,2015-07-08,2015-07-08,1,False
train,Q_1fee85165cfc0c24b112,2,1,2016-09-21,2016-09-21,1,False
train,Q_1feea849cb26f294f027,2,1,2013-01-02,2013-01-02,1,False
train,Q_1ff88378354c0a8f78dc,2,1,2015-02-11,2015-02-11,1,False
train,Q_201924cb81cf3c3b6ead,2,1,2013-11-06,2013-11-06,1,False
train,Q_201a6406fcd64f5f97cf,2,1,2016-06-15,2016-06-15,1,False
train,Q_202b7c2d76794e75fd51,2,1,2013-12-04,2013-12-04,1,False
train,Q_202f713ff6d9c603dead,2,1,2013-08-14,2013-08-14,1,False
train,Q_203b0c98f062b87931ca,2,1,2015-07-29,2015-07-29,1,False
train,Q_2041959f587fb34cdef8,2,1,2013-05-01,2013-05-01,1,False
train,Q_20446f9d21ca58009182,2,1,2014-01-29,2014-01-29,1,False
train,Q_20582cec5272895a74ad,2,1,2013-10-30,2013-10-30,1,False
train,Q_205dbd66d8fb640201f0,2,1,2013-05-29,2013-05-29,1,False
train,Q_206612a9277057978298,2,1,2014-10-08,2014-10-08,1,False
train,Q_207fdcf11dc2a9eb4bc9,2,1,2015-12-02,2015-12-02,1,False
train,Q_2093e0a0246a2fad64cd,2,1,2014-10-15,2014-10-15,1,False
train,Q_2096d2fac357304f91fe,2,1,2015-04-01,2015-04-01,1,False
train,Q_209ad6135a338a44f615,2,1,2015-05-20,2015-05-20,1,False
train,Q_20a04196e195b649bc9b,2,1,2015-12-23,2015-12-23,1,False
train,Q_20a33bd6bcd24dfd8fad,2,1,2015-09-16,2015-09-16,1,False
train,Q_20a72c6a7874800ced89,2,1,2015-03-25,2015-03-25,1,False
train,Q_20a77ecc76afa1175fc7,2,1,2013-10-30,2013-10-30,1,False
train,Q_20b79db8e8f662548873,2,1,2016-01-27,2016-01-27,1,False
train,Q_20cbffdb8ebb1935cbc5,2,1,2016-01-06,2016-01-06,1,False
train,Q_20d9ded81ed69e6d87e9,2,1,2013-12-11,2013-12-11,1,False
train,Q_20e61ce6b5cdfa5549da,2,1,2014-03-05,2014-03-05,1,False
train,Q_20e796d168c5ca0fb3d9,2,1,2012-12-19,2012-12-19,1,False
train,Q_20ebb2d5aea02b82c199,2,1,2014-05-21,2014-05-21,1,False
train,Q_20f36a6551b6db0c83c4,2,1,2013-12-25,2013-12-25,1,False
train,Q_20ff5a34ae08d6b75f4c,2,1,2016-06-22,2016-06-22,1,False
train,Q_21041a1796b0936c97dc,2,1,2015-02-04,2015-02-04,1,False
train,Q_210472fdffbd72ddbc2d,2,1,2016-06-22,2016-06-22,1,False
train,Q_2107ca56ce75dd578823,2,1,2014-01-15,2014-01-15,1,False
train,Q_2109ba66366b0114db05,2,1,2013-04-10,2013-04-10,1,False
train,Q_210b51c7d375dbbfda7c,2,1,2013-06-19,2013-06-19,1,False
train,Q_210c866e0895bbbc39aa,2,1,2012-08-01,2012-08-01,1,False
train,Q_21139166ed75cb1af557,2,1,2013-01-30,2013-01-30,1,False
train,Q_211d6508bfab6117d1b9,2,1,2014-01-15,2014-01-15,1,False
train,Q_213e744ee4bf6d94fb46,2,1,2016-05-18,2016-05-18,1,False
train,Q_2143eb1af0808269ebfb,2,1,2014-11-12,2014-11-12,1,False
train,Q_214764543f380aa50867,2,1,2014-07-30,2014-07-30,1,False
train,Q_21598c3709c4aee69abe,2,1,2012-10-24,2012-10-24,1,False
train,Q_2171b42b0a877b167fa4,2,1,2015-11-25,2015-11-25,1,False
train,Q_217a8066a1909b1d5b04,2,1,2015-09-30,2015-09-30,1,False
train,Q_217d9df3cfb41b68215e,2,1,2014-08-27,2014-08-27,1,False
train,Q_2180b4a06227075a36e9,2,1,2016-05-04,2016-05-04,1,False
train,Q_2186f658e863c4de6fe0,2,1,2016-07-27,2016-07-27,1,False
train,Q_218febfd58c900f445d9,2,1,2016-04-27,2016-04-27,1,False
train,Q_2194d6a91698105116d4,2,1,2012-08-22,2012-08-22,1,False
train,Q_21954e853491e8364a55,2,1,2014-06-25,2014-06-25,1,False
train,Q_219d2f32e0ad40588af1,2,1,2014-10-01,2014-10-01,1,False
train,Q_21ab3154905ccbd537c5,2,1,2016-03-30,2016-03-30,1,False
train,Q_21ac7e5a0323958447b8,2,1,2015-12-02,2015-12-02,1,False
train,Q_21af4047069e597492e3,2,1,2013-10-02,2013-10-02,1,False
train,Q_21b5cb52b8e96504498c,2,1,2014-08-13,2014-08-13,1,False
train,Q_21c336663e302949741b,2,1,2015-08-05,2015-08-05,1,False
train,Q_21dec89930ff2fafd464,2,1,2015-04-22,2015-04-22,1,False
train,Q_21df93155b2e505c26af,2,1,2013-10-30,2013-10-30,1,False
train,Q_21f380b96150d7e267c1,2,1,2013-01-16,2013-01-16,1,False
train,Q_21f3dd7579201d421264,2,1,2013-05-29,2013-05-29,1,False
train,Q_21fda40c876b9b8a7107,2,1,2012-09-12,2012-09-12,1,False
train,Q_2226a2aa75a1ceb47b74,2,1,2016-03-30,2016-03-30,1,False
train,Q_2228d7cecc7486e64cd6,2,1,2014-04-23,2014-04-23,1,False
train,Q_223c3635425d692a1a73,2,1,2014-05-21,2014-05-21,1,False
train,Q_224cf97605cda7921a4f,2,1,2015-10-07,2015-10-07,1,False
train,Q_225345238eaee7fd59c2,2,1,2015-08-12,2015-08-12,1,False
train,Q_225f894325f7653a16f1,2,1,2016-06-08,2016-06-08,1,False
train,Q_226a4c38a3adeb9620c4,2,1,2016-02-24,2016-02-24,1,False
train,Q_226d7b6cc5cd08da7c4c,2,1,2015-12-16,2015-12-16,1,False
train,Q_226f1052593b52a2decd,2,1,2013-03-20,2013-03-20,1,False
train,Q_22794d0baa86a3bd4c35,2,1,2013-07-17,2013-07-17,1,False
train,Q_2281b7710189e6db312b,2,1,2013-05-29,2013-05-29,1,False
train,Q_22823509146515da5233,2,1,2012-08-08,2012-08-08,1,False
train,Q_2286f4b7cb01f4741fbb,2,1,2015-09-02,2015-09-02,1,False
train,Q_2287ab593fb75dda7056,2,1,2015-06-17,2015-06-17,1,False
train,Q_228ed83c5f7c2f614cb5,2,1,2015-10-07,2015-10-07,1,False
train,Q_22983364c4a310ff18dc,2,1,2015-10-28,2015-10-28,1,False
train,Q_22a3bfa8d38b46aa75b1,2,1,2014-04-23,2014-04-23,1,False
train,Q_22ad777dec1143f21e82,2,1,2013-12-18,2013-12-18,1,False
train,Q_22b686929dc328c5aee6,2,1,2015-11-04,2015-11-04,1,False
train,Q_22c1a7dde086bc3d5976,2,1,2015-01-14,2015-01-14,1,False
train,Q_22c6aad6da96145e62cf,2,1,2015-12-16,2015-12-16,1,False
train,Q_22c8bb3824e83b95c6f3,2,1,2016-07-27,2016-07-27,1,False
train,Q_22ccf753092aec0c5cbd,2,1,2015-12-16,2015-12-16,1,False
train,Q_22d9d6b19c1aac33ef7e,2,1,2013-12-11,2013-12-11,1,False
train,Q_22dba1862aca8e488aaa,2,1,2015-04-08,2015-04-08,1,False
train,Q_230c4044bfd968dadb25,2,1,2015-04-22,2015-04-22,1,False
train,Q_230f4720f754c344f5d4,2,1,2015-11-04,2015-11-04,1,False
train,Q_231e03cb84ccb0dc3cf2,2,1,2012-07-25,2012-07-25,1,False
train,Q_232be2aa415a53b8ce34,2,1,2015-01-21,2015-01-21,1,False
train,Q_2340535dbb2fd9dbcb03,2,1,2015-02-11,2015-02-11,1,False
train,Q_2361023518ac87995dff,2,1,2016-03-30,2016-03-30,1,False
train,Q_2374665c08b8080bf2fd,1,1,2012-11-28,2012-11-28,1,False
train,Q_238808e4675785d3d3fd,2,1,2015-02-25,2015-02-25,1,False
train,Q_238f6496daff9444e1ff,2,1,2016-02-10,2016-02-10,1,False
train,Q_239b5d6a09b9504231ef,2,1,2014-06-04,2014-06-04,1,False
train,Q_239ea9287cf985a956fd,2,1,2013-08-28,2013-08-28,1,False
train,Q_23a5289fac0f2fd527e8,2,1,2013-03-27,2013-03-27,1,False
train,Q_23a7dc616597d1f13e25,2,1,2013-04-24,2013-04-24,1,False
train,Q_23bc3bd4cbaa66aa1bd1,2,1,2015-11-11,2015-11-11,1,False
train,Q_23caee0eae9db86e27f6,2,1,2014-04-23,2014-04-23,1,False
train,Q_23da0bafae23800dcfc5,2,1,2014-03-12,2014-03-12,1,False
train,Q_23db2f16e448bca79ea5,2,1,2012-09-12,2012-09-12,1,False
train,Q_23deeabda238a70b5831,2,1,2014-06-04,2014-06-04,1,False
train,Q_23e39a0cd9197450af5d,2,1,2015-08-05,2015-08-05,1,False
train,Q_23e4b490f1353c6b0803,2,1,2015-06-17,2015-06-17,1,False
train,Q_23e60f5cff1c0da104b8,2,1,2013-11-27,2013-11-27,1,False
train,Q_23eabbf434cfba285b1c,2,1,2012-08-01,2012-08-01,1,False
train,Q_23ef0b3d5b575a6eb8be,2,1,2015-01-14,2015-01-14,1,False
train,Q_23f0a756bba64d74f4e7,2,1,2013-07-03,2013-07-03,1,False
train,Q_23fcda0be9fcdb19306e,2,1,2013-01-30,2013-01-30,1,False
train,Q_2402843606dfc0a2258d,2,1,2016-03-02,2016-03-02,1,False
train,Q_24088e305fb5ca90bb37,2,1,2015-06-10,2015-06-10,1,False
train,Q_2409fee1d56dabfe69c9,2,1,2014-04-09,2014-04-09,1,False
train,Q_240ae16dce3a49555660,2,1,2012-11-07,2012-11-07,1,False
train,Q_24146d747c2a18a4f425,2,1,2013-12-04,2013-12-04,1,False
train,Q_24187c1e05cc5b202bca,2,1,2016-03-30,2016-03-30,1,False
train,Q_244b7ad4e12956f15c6d,2,1,2016-03-23,2016-03-23,1,False
train,Q_244e01cbad294d2bf19f,2,1,2014-05-07,2014-05-07,1,False
train,Q_244ec0a5786c9f35c706,2,1,2015-11-18,2015-11-18,1,False
train,Q_245871b6ea573b9c50f7,2,1,2015-03-04,2015-03-04,1,False
train,Q_24867b596a0981e67323,2,1,2013-04-17,2013-04-17,1,False
train,Q_248784b9ddb121960924,2,1,2015-03-04,2015-03-04,1,False
train,Q_248c4bc741a817c17293,2,1,2016-06-15,2016-06-15,1,False
train,Q_248cfd37226530a83bb7,4,2,2013-03-27,2014-01-15,2,True
train,Q_248ee4c4f6ed69f41ce1,2,1,2016-04-20,2016-04-20,1,False
train,Q_249a1301b5506da27db1,2,1,2014-08-13,2014-08-13,1,False
train,Q_249c6fdbcd64aa80b668,2,1,2013-07-10,2013-07-10,1,False
train,Q_249e8bd2d5900d0c5d7c,2,1,2016-06-22,2016-06-22,1,False
train,Q_24b2db43fbbda97650d1,2,1,2014-06-11,2014-06-11,1,False
train,Q_24b4c317c5d7772f881a,2,1,2016-03-23,2016-03-23,1,False
train,Q_24b63e10422e16ac1560,2,1,2015-06-24,2015-06-24,1,False
train,Q_24b67dc943f22ff51f05,2,1,2015-09-30,2015-09-30,1,False
train,Q_24c00c1aa588582736ac,2,1,2016-09-07,2016-09-07,1,False
train,Q_24cce1f3d3f047515cf2,2,1,2013-09-25,2013-09-25,1,False
train,Q_24d17746581164aef87a,2,1,2015-01-07,2015-01-07,1,False
train,Q_24d23af340f851ca51da,2,1,2014-04-09,2014-04-09,1,False
train,Q_24d447b1e11679206919,2,1,2013-04-10,2013-04-10,1,False
train,Q_24e8c987ea8e73c46b38,2,1,2013-06-12,2013-06-12,1,False
train,Q_24ed4f6cdfe2b5a590f2,2,1,2016-03-16,2016-03-16,1,False
train,Q_24eeaaf127322f6349db,2,1,2012-08-01,2012-08-01,1,False
train,Q_24f414e3369de44612de,2,1,2013-09-18,2013-09-18,1,False
train,Q_24f6c0a8724422015e85,2,1,2014-11-19,2014-11-19,1,False
train,Q_24fc1139194c02252e28,2,1,2013-05-01,2013-05-01,1,False
train,Q_25007f3ab4b830da3cdb,2,1,2013-01-30,2013-01-30,1,False
train,Q_250ee7cb35b801238668,2,1,2014-12-17,2014-12-17,1,False
train,Q_250f37ba695389702528,2,1,2015-12-02,2015-12-02,1,False
train,Q_2513b5491af9fa32e53e,2,1,2014-12-10,2014-12-10,1,False
train,Q_251a1363cae825e53e8f,2,1,2014-11-19,2014-11-19,1,False
train,Q_25235959928cda72a48c,2,1,2014-10-01,2014-10-01,1,False
train,Q_2531f76b3055a0312867,2,1,2013-06-05,2013-06-05,1,False
train,Q_253549c2a1d7f608ccbe,2,1,2015-09-23,2015-09-23,1,False
train,Q_253b235ac76766ebdd66,2,1,2014-10-22,2014-10-22,1,False
train,Q_25429fb4fed64c06737a,2,1,2013-07-17,2013-07-17,1,False
train,Q_25460a87e2e4250afb92,2,1,2014-11-19,2014-11-19,1,False
train,Q_254bcf583336f19e0ef4,2,1,2015-12-16,2015-12-16,1,False
train,Q_255469c65a3e4bc46307,2,1,2016-06-01,2016-06-01,1,False
train,Q_25550d8e7fba73277424,2,1,2014-05-21,2014-05-21,1,False
train,Q_2576d1ffc2ec9fc5c24d,2,1,2013-10-30,2013-10-30,1,False
train,Q_257b9bc5cb3333446ae0,2,1,2016-06-29,2016-06-29,1,False
train,Q_258a89bf0289c1d1c01f,2,1,2014-03-19,2014-03-19,1,False
train,Q_2590768ea7580a67b274,2,1,2013-11-06,2013-11-06,1,False
train,Q_25a829f1598f7a718656,2,1,2014-05-21,2014-05-21,1,False
train,Q_25ac50163d02c2be7b70,2,1,2013-08-28,2013-08-28,1,False
train,Q_25aca31a3e4f3ad43c13,2,1,2014-12-10,2014-12-10,1,False
train,Q_25b8e45c6b63cc767b69,2,1,2015-12-09,2015-12-09,1,False
train,Q_25c0841b00b044b1eff0,2,1,2012-12-12,2012-12-12,1,False
train,Q_25c5d5a4b0d739d633e8,2,1,2016-04-13,2016-04-13,1,False
train,Q_25c5e83af1c9e6bffb65,2,1,2016-08-17,2016-08-17,1,False
train,Q_25c63e7d594b827b3643,2,1,2014-09-17,2014-09-17,1,False
train,Q_25c83ece6ccb6b5b752d,2,1,2014-06-18,2014-06-18,1,False
train,Q_25caa24eb706e544ace1,2,1,2013-10-23,2013-10-23,1,False
train,Q_25cee8acd9d89c5126c5,2,1,2013-10-23,2013-10-23,1,False
train,Q_25d1278a2197ff3ebed8,2,1,2015-08-05,2015-08-05,1,False
train,Q_25d12fd67ac50236d907,2,1,2016-04-27,2016-04-27,1,False
train,Q_25de3bce811772941c2e,2,1,2015-06-24,2015-06-24,1,False
train,Q_25e583d452dcb41a932c,2,1,2014-05-07,2014-05-07,1,False
train,Q_25fdf80a36d729b7b890,2,1,2013-12-25,2013-12-25,1,False
train,Q_26065363c0e7efd2d116,2,1,2014-07-09,2014-07-09,1,False
train,Q_260bc65a4653442f7f39,2,1,2015-07-01,2015-07-01,1,False
train,Q_260be181bcefbe2f5e2a,2,1,2014-12-17,2014-12-17,1,False
train,Q_260c6725bba5a63048c0,2,1,2013-12-18,2013-12-18,1,False
train,Q_260dac61d5576c535beb,2,1,2015-03-25,2015-03-25,1,False
train,Q_261351d0e620c7d6d15c,2,1,2016-08-24,2016-08-24,1,False
train,Q_2615a85b12f7f8519de0,2,1,2014-02-05,2014-02-05,1,False
train,Q_261b47ac5ededa4faae1,2,1,2013-10-16,2013-10-16,1,False
train,Q_262f4e82ee857cec4b0f,2,1,2013-11-06,2013-11-06,1,False
train,Q_26304cb33b081ecde0a6,2,1,2016-08-10,2016-08-10,1,False
train,Q_2647bd4794e55539384d,2,1,2012-08-29,2012-08-29,1,False
train,Q_2648108f973962ca19ec,2,1,2015-05-06,2015-05-06,1,False
train,Q_264ce0ddf6a0ad82530e,2,1,2014-08-06,2014-08-06,1,False
train,Q_264d8ed29135215ae3f4,2,1,2013-03-27,2013-03-27,1,False
train,Q_264fa28bbb044bb60c44,2,1,2014-10-01,2014-10-01,1,False
train,Q_265169a10f300d4cd5e5,2,1,2015-12-02,2015-12-02,1,False
train,Q_265526bd740287e1692c,2,1,2014-12-10,2014-12-10,1,False
train,Q_265cf75c044b2bfc6a92,2,1,2014-10-01,2014-10-01,1,False
train,Q_2661c6581ac8208c6e64,2,1,2012-09-19,2012-09-19,1,False
train,Q_26739da0e9bc2c0a751f,2,1,2014-01-15,2014-01-15,1,False
train,Q_2673f68cd4a149abc8bc,2,1,2014-03-05,2014-03-05,1,False
train,Q_267b9f6e8ea9ddc3ea20,2,1,2012-08-08,2012-08-08,1,False
train,Q_268bd187d531ed373f81,2,1,2016-04-06,2016-04-06,1,False
train,Q_26a018847b0764d45996,2,1,2015-07-29,2015-07-29,1,False
train,Q_26a5b0b1f7aff07a7fd5,2,1,2016-03-02,2016-03-02,1,False
train,Q_26a639ec87515cb5f011,2,1,2015-03-04,2015-03-04,1,False
train,Q_26a682d57ecd3a21eb89,2,1,2016-03-02,2016-03-02,1,False
train,Q_26a953ad14d92af8dae5,2,1,2016-06-29,2016-06-29,1,False
train,Q_26b527fa754dcb5136c4,2,1,2016-08-24,2016-08-24,1,False
train,Q_26b971a8827609113924,2,1,2013-05-01,2013-05-01,1,False
train,Q_26c22b5eb4efc71f48d5,4,2,2013-06-05,2014-04-16,2,True
train,Q_26c23a7cdcd80eadb2f3,2,1,2014-02-05,2014-02-05,1,False
train,Q_26cce9806498eecaea0a,2,1,2012-12-05,2012-12-05,1,False
train,Q_26ef328f91303d736783,2,1,2014-12-17,2014-12-17,1,False
train,Q_26f041e261c06cca9718,2,1,2013-06-12,2013-06-12,1,False
train,Q_26f5c5a82e4f6f4eff6a,2,1,2015-02-11,2015-02-11,1,False
train,Q_26f716ef3eb8a756c388,2,1,2016-08-24,2016-08-24,1,False
train,Q_2704078a65819129a182,2,1,2014-10-15,2014-10-15,1,False
train,Q_27055be9e57d479dbf80,2,1,2014-01-01,2014-01-01,1,False
train,Q_2706371458722db9e37e,2,1,2012-12-12,2012-12-12,1,False
train,Q_27128c7cf2dc3831111c,2,1,2016-06-01,2016-06-01,1,False
train,Q_2716731ff9bc9a6ffd96,2,1,2013-12-18,2013-12-18,1,False
train,Q_271781d1ade0fc42cb43,2,1,2012-12-05,2012-12-05,1,False
train,Q_27179c23ed97314dae31,2,1,2013-01-16,2013-01-16,1,False
train,Q_272aa2ce87bc90a9c50c,2,1,2013-07-31,2013-07-31,1,False
train,Q_27317bc1f2195373bff9,2,1,2015-01-21,2015-01-21,1,False
train,Q_273a676b28f995b3526f,2,1,2015-09-23,2015-09-23,1,False
train,Q_274eb07196733b7c1abb,2,1,2012-12-12,2012-12-12,1,False
train,Q_27567c651937f4b84f04,2,1,2013-11-13,2013-11-13,1,False
train,Q_275b5aa6bd543dfd392a,2,1,2014-03-05,2014-03-05,1,False
train,Q_275d51a7f6586f34b5a7,2,1,2016-05-11,2016-05-11,1,False
train,Q_277c0325c25392dc2ef7,2,1,2015-09-16,2015-09-16,1,False
train,Q_278103d789ee5c44d54e,2,1,2014-05-07,2014-05-07,1,False
train,Q_278dfaf6bc462574ca7a,2,1,2015-11-25,2015-11-25,1,False
train,Q_2795a71ece8f357932c3,2,1,2013-07-17,2013-07-17,1,False
train,Q_279ec1e922487e314c43,2,1,2014-03-05,2014-03-05,1,False
train,Q_27a6b17898bbe374b040,2,1,2014-05-07,2014-05-07,1,False
train,Q_27a9de53de5ee820dfc4,2,1,2013-01-23,2013-01-23,1,False
train,Q_27b0a6c1ac1ae60e2e1c,2,1,2016-08-24,2016-08-24,1,False
train,Q_27b3f7268492623c1a9f,2,1,2015-02-11,2015-02-11,1,False
train,Q_27b417251158bc6dab7f,2,1,2015-10-14,2015-10-14,1,False
train,Q_27c541c8c59a409ab706,2,1,2012-07-04,2012-07-04,1,False
train,Q_27c71bf06477ed41f6b0,2,1,2015-07-22,2015-07-22,1,False
train,Q_27cbacc305767077d0b4,2,1,2014-01-15,2014-01-15,1,False
train,Q_27da324469a776e755ea,2,1,2013-04-24,2013-04-24,1,False
train,Q_27df7baf6447e0a1aa11,2,1,2015-09-16,2015-09-16,1,False
train,Q_27e0a0914147e305eef6,2,1,2013-12-18,2013-12-18,1,False
train,Q_27ee7fc2123d43f7f8c6,2,1,2012-09-19,2012-09-19,1,False
train,Q_27f6980b3fb8a3390814,2,1,2014-05-28,2014-05-28,1,False
train,Q_27fb12634de72bd2512f,2,1,2014-04-09,2014-04-09,1,False
train,Q_280b1a658718848b29ee,2,1,2012-08-08,2012-08-08,1,False
train,Q_280d56580ebf68258a6b,2,1,2014-03-19,2014-03-19,1,False
train,Q_28169b30fffe3cd3d1a2,2,1,2016-09-07,2016-09-07,1,False
train,Q_281908f5e31db9552264,2,1,2014-10-08,2014-10-08,1,False
train,Q_281b3225aae231c347b8,2,1,2016-05-18,2016-05-18,1,False
train,Q_282794523ea22dfd0a4b,2,1,2016-08-24,2016-08-24,1,False
train,Q_282df331c7f0d11eee40,2,1,2014-12-10,2014-12-10,1,False
train,Q_2836f050a161edc9242a,2,1,2014-07-30,2014-07-30,1,False
train,Q_28393155a508020b6086,2,1,2015-09-09,2015-09-09,1,False
train,Q_283cd20a6113832d84d6,2,1,2016-05-04,2016-05-04,1,False
train,Q_286969770043a132aad4,2,1,2016-08-31,2016-08-31,1,False
train,Q_287ed6e44f84fbf878e0,2,1,2016-06-22,2016-06-22,1,False
train,Q_287f098f04ce15a804b4,2,1,2012-12-19,2012-12-19,1,False
train,Q_28889ef7ee16ee086909,2,1,2013-10-02,2013-10-02,1,False
train,Q_28994d6e826a669e5511,2,1,2015-05-20,2015-05-20,1,False
train,Q_289c9a1ea345331a466c,2,1,2014-02-05,2014-02-05,1,False
train,Q_28a153299a77b31cbf48,2,1,2012-09-19,2012-09-19,1,False
train,Q_28a49cf57ffeca6748ca,2,1,2013-12-04,2013-12-04,1,False
train,Q_28b424ae1aa1c698a890,2,1,2016-04-13,2016-04-13,1,False
train,Q_28b7fb103d8b742e31a7,2,1,2015-09-02,2015-09-02,1,False
train,Q_28b9279d188ae456fe51,2,1,2014-01-22,2014-01-22,1,False
train,Q_28b9b74956eeb2c57708,2,1,2015-03-04,2015-03-04,1,False
train,Q_28bb72ca67d22fe4928d,2,1,2015-12-09,2015-12-09,1,False
train,Q_28c3f722616196d7095b,2,1,2014-09-10,2014-09-10,1,False
train,Q_28c44eef7ba102e2039a,2,1,2013-11-06,2013-11-06,1,False
train,Q_28ca1cc0a5cb754526ae,2,1,2015-12-09,2015-12-09,1,False
train,Q_28d496acb026be63e08e,2,1,2013-06-12,2013-06-12,1,False
train,Q_28d86b4740573610631d,2,1,2014-04-23,2014-04-23,1,False
train,Q_28e2da4808a055a635e1,2,1,2013-09-04,2013-09-04,1,False
train,Q_28fab617d5e3a5e19f5a,2,1,2014-05-28,2014-05-28,1,False
train,Q_290450b843944af975dd,2,1,2014-12-24,2014-12-24,1,False
train,Q_2911a15d6c013aeb4200,2,1,2015-11-04,2015-11-04,1,False
train,Q_29124733b710788b41d8,2,1,2013-03-06,2013-03-06,1,False
train,Q_2931e46ac73e9875d780,2,1,2014-11-05,2014-11-05,1,False
train,Q_2945b4a10794c8f6913d,2,1,2014-12-31,2014-12-31,1,False
train,Q_2945e3ba39c28d1b4a93,2,1,2013-10-30,2013-10-30,1,False
train,Q_294609a91ece53172e07,2,1,2013-12-04,2013-12-04,1,False
train,Q_294bb61b84aad2666326,2,1,2014-10-22,2014-10-22,1,False
train,Q_295e29889dc076911a98,2,1,2014-09-10,2014-09-10,1,False
train,Q_296710e834699b4a88ab,2,1,2014-04-23,2014-04-23,1,False
train,Q_296adf0da0b2ef7c196d,2,1,2015-03-25,2015-03-25,1,False
train,Q_296dcfc3c54bc336a566,2,1,2013-06-19,2013-06-19,1,False
train,Q_2970f5c48a6d9c2b7ba6,2,1,2012-07-25,2012-07-25,1,False
train,Q_2971aecfc253b0ae1c28,2,1,2014-10-29,2014-10-29,1,False
train,Q_2972faad48324310515c,2,1,2014-01-22,2014-01-22,1,False
train,Q_29745c2c9f2bda0cc999,2,1,2015-04-15,2015-04-15,1,False
train,Q_297d22af1ce0be929dea,2,1,2013-09-25,2013-09-25,1,False
train,Q_29852021b73750ab13be,2,1,2016-01-13,2016-01-13,1,False
train,Q_298e659f1f2ea9ee9f9a,2,1,2013-06-19,2013-06-19,1,False
train,Q_29994af6bd796b3a49ac,2,1,2016-02-24,2016-02-24,1,False
train,Q_29a5981f19aa504a1987,2,1,2012-08-29,2012-08-29,1,False
train,Q_29af7972e5172aeb4fa0,2,1,2015-01-14,2015-01-14,1,False
train,Q_29bdc878d14ef251e003,4,2,2013-01-02,2016-06-15,2,True
train,Q_29c7eb567911a6f6153c,2,1,2016-03-30,2016-03-30,1,False
train,Q_29ce007476313be33fd1,2,1,2015-06-03,2015-06-03,1,False
train,Q_29cf0b299cfd87c94367,2,1,2016-08-03,2016-08-03,1,False
train,Q_29d036625d92893fc713,2,1,2015-10-28,2015-10-28,1,False
train,Q_29d729bf07b35d5a2a27,2,1,2016-04-06,2016-04-06,1,False
train,Q_29dd6b01357192b3ef7b,2,1,2014-07-02,2014-07-02,1,False
train,Q_29eb67fc18a0d9411357,2,1,2015-11-25,2015-11-25,1,False
train,Q_29ed8b9ddd2932f907c2,2,1,2012-10-24,2012-10-24,1,False
train,Q_2a072ec612e23617b8a0,2,1,2013-08-28,2013-08-28,1,False
train,Q_2a132a26d2edd7a19d26,2,1,2013-10-30,2013-10-30,1,False
train,Q_2a1528b127f34240dea5,2,1,2013-03-13,2013-03-13,1,False
train,Q_2a158ae290c68642f641,2,1,2013-10-16,2013-10-16,1,False
train,Q_2a1adbe30e0a7ff0e92a,2,1,2016-01-27,2016-01-27,1,False
train,Q_2a2348dc9a5dcf4d7b96,2,1,2013-06-12,2013-06-12,1,False
train,Q_2a2427b23b01e2f78887,2,1,2013-07-17,2013-07-17,1,False
train,Q_2a3138a3bcee225fc19e,2,1,2014-02-05,2014-02-05,1,False
train,Q_2a39ae153cc6cb9244da,2,1,2014-02-12,2014-02-12,1,False
train,Q_2a3a62ce068b207be0bb,2,1,2012-10-24,2012-10-24,1,False
train,Q_2a3d9123596c6f1b798c,2,1,2014-12-24,2014-12-24,1,False
train,Q_2a4087ede80773de0e0c,2,1,2015-09-16,2015-09-16,1,False
train,Q_2a4e2a0fa90bd88461e9,2,1,2016-04-27,2016-04-27,1,False
train,Q_2a4e5cc3bf8714b010e0,2,1,2015-11-25,2015-11-25,1,False
train,Q_2a4f03462515b2f71095,2,1,2016-03-30,2016-03-30,1,False
train,Q_2a5ef9344cb7cfdbbb0c,2,1,2012-07-04,2012-07-04,1,False
train,Q_2a690660dde1a19bf317,2,1,2014-07-23,2014-07-23,1,False
train,Q_2a6caf99b062e68c6f0f,2,1,2013-04-24,2013-04-24,1,False
train,Q_2a7631969ea35ba1fc9e,2,1,2013-09-11,2013-09-11,1,False
train,Q_2a7efba862a9c7a0279e,2,1,2015-04-22,2015-04-22,1,False
train,Q_2a840c2d6df75841deb3,2,1,2014-12-10,2014-12-10,1,False
train,Q_2a97bf95b3961563aec5,2,1,2013-01-02,2013-01-02,1,False
train,Q_2aa52b8879b9a03963fd,2,1,2013-03-20,2013-03-20,1,False
train,Q_2aad05d5c3c2a6dc7a28,2,1,2014-02-05,2014-02-05,1,False
train,Q_2ab8accb4c1c8863ab0b,2,1,2013-10-09,2013-10-09,1,False
train,Q_2ab94d705f2047af2a2d,2,1,2016-02-17,2016-02-17,1,False
train,Q_2aba4b363096e07fefd1,2,1,2012-07-04,2012-07-04,1,False
train,Q_2ac28e2d903c1af294d2,2,1,2015-01-07,2015-01-07,1,False
train,Q_2ac559e88c431e0ac1d3,2,1,2012-09-26,2012-09-26,1,False
train,Q_2ad2e34a2b851dbf49a4,2,1,2015-12-16,2015-12-16,1,False
train,Q_2adbe4bdd5ee755b67a6,2,1,2016-06-15,2016-06-15,1,False
train,Q_2ae0fbc6ced8be243f97,2,1,2014-03-12,2014-03-12,1,False
train,Q_2ae83ea7d8244c28c092,2,1,2016-01-20,2016-01-20,1,False
train,Q_2b026c86d8fc8bed9001,2,1,2015-10-07,2015-10-07,1,False
train,Q_2b2bd7c1093351a897db,2,1,2015-02-11,2015-02-11,1,False
train,Q_2b2d05b4dc5e86d3b706,2,1,2012-07-04,2012-07-04,1,False
train,Q_2b46289a43c7fc6844b5,2,1,2012-09-05,2012-09-05,1,False
train,Q_2b4a0b6ccd453daa3ed2,2,1,2016-06-01,2016-06-01,1,False
train,Q_2b4f5820ef771a77d9d6,2,1,2013-06-12,2013-06-12,1,False
train,Q_2b4fc978d29c60cc09ca,2,1,2013-07-24,2013-07-24,1,False
train,Q_2b501c1abb486d8d985d,2,1,2013-10-09,2013-10-09,1,False
train,Q_2b5aa7c3d8c0ff7a6fe0,2,1,2013-09-18,2013-09-18,1,False
train,Q_2b6254cee555538ab728,2,1,2015-09-16,2015-09-16,1,False
train,Q_2b658e320384f6547f44,2,1,2013-07-17,2013-07-17,1,False
train,Q_2b6779de8fbc75519e25,2,1,2015-05-06,2015-05-06,1,False
train,Q_2b7ec39eabba12a527ee,2,1,2015-10-28,2015-10-28,1,False
train,Q_2b81a3920cff940c330a,2,1,2013-06-12,2013-06-12,1,False
train,Q_2b875aaab0a6d5a1aae5,2,1,2012-11-14,2012-11-14,1,False
train,Q_2b8e1b18c5826b4603fe,2,1,2015-03-04,2015-03-04,1,False
train,Q_2b8fefd35d5d29b70fb4,2,1,2013-08-07,2013-08-07,1,False
train,Q_2b97baa29d0130bf5ec3,2,1,2013-10-30,2013-10-30,1,False
train,Q_2ba4baec5ea06dd4261f,2,1,2012-09-19,2012-09-19,1,False
train,Q_2ba839046a9c608ee56f,2,1,2013-10-02,2013-10-02,1,False
train,Q_2baa96750d5f9797e623,2,1,2012-11-28,2012-11-28,1,False
train,Q_2bb40d32b79c9080407c,2,1,2013-01-30,2013-01-30,1,False
train,Q_2bc197de5a99c9ba7f70,2,1,2016-03-09,2016-03-09,1,False
train,Q_2bc5b7b4567fa7253a00,2,1,2014-08-20,2014-08-20,1,False
train,Q_2bd74b6dd96f3942e4c3,2,1,2015-05-06,2015-05-06,1,False
train,Q_2bd9875369a2de1138f1,2,1,2015-02-11,2015-02-11,1,False
train,Q_2bda27c486b4f5a35d3a,2,1,2016-01-13,2016-01-13,1,False
train,Q_2be0b86720068f337e36,2,1,2013-10-23,2013-10-23,1,False
train,Q_2c03daa55fbe2778916f,2,1,2013-12-04,2013-12-04,1,False
train,Q_2c0546375da53d615975,2,1,2013-11-27,2013-11-27,1,False
train,Q_2c164143bc23d9b4d528,2,1,2013-06-12,2013-06-12,1,False
train,Q_2c1c516b0430d6551179,2,1,2014-05-14,2014-05-14,1,False
train,Q_2c1f5738b4e38ca02106,2,1,2013-09-11,2013-09-11,1,False
train,Q_2c21792e0c12473a18aa,2,1,2014-06-25,2014-06-25,1,False
train,Q_2c2c05e7fdc6f9fd06cd,2,1,2013-10-23,2013-10-23,1,False
train,Q_2c3833f5406d3ec95237,2,1,2013-02-13,2013-02-13,1,False
train,Q_2c4d06fb1fa454fb9ce5,2,1,2013-10-23,2013-10-23,1,False
train,Q_2c4e357e5d39bf5eb37c,2,1,2015-12-16,2015-12-16,1,False
train,Q_2c59c60c80370ec3c284,2,1,2015-04-29,2015-04-29,1,False
train,Q_2c5ba75711e1304c02ca,2,1,2014-09-17,2014-09-17,1,False
train,Q_2c6bdf28fc3df00fd67a,2,1,2013-12-04,2013-12-04,1,False
train,Q_2c709023c9c4c2d7e9c7,2,1,2016-03-02,2016-03-02,1,False
train,Q_2c73150cf471317dec40,2,1,2015-04-15,2015-04-15,1,False
train,Q_2c76fbc6b0ffe9a53444,2,1,2014-05-07,2014-05-07,1,False
train,Q_2c7f79408942b29cd4d2,2,1,2014-10-15,2014-10-15,1,False
train,Q_2c7f965871dc1dbe4b95,2,1,2015-06-17,2015-06-17,1,False
train,Q_2c807aff8e39b940da73,2,1,2016-01-27,2016-01-27,1,False
train,Q_2c83543cbd56a87c270a,2,1,2013-05-01,2013-05-01,1,False
train,Q_2c85a070806c10bd4d9e,2,1,2014-10-01,2014-10-01,1,False
train,Q_2c881614d28d5ff7db48,2,1,2016-03-02,2016-03-02,1,False
train,Q_2c8863a73ccd83f86740,2,1,2013-05-01,2013-05-01,1,False
train,Q_2c8b8cd2e2fa70b5f0b1,2,1,2012-11-28,2012-11-28,1,False
train,Q_2c8fcce764aa172852cb,2,1,2015-07-01,2015-07-01,1,False
train,Q_2ca2c8b7a1b83b8f04bc,2,1,2016-02-03,2016-02-03,1,False
train,Q_2caa00ba6d06f52c6af8,2,1,2014-12-10,2014-12-10,1,False
train,Q_2cab73c4f7d4f08416b4,2,1,2012-12-19,2012-12-19,1,False
train,Q_2cb401cacc475c4ee66e,2,1,2015-10-14,2015-10-14,1,False
train,Q_2cb4ec65ff9c1b2c1f3d,2,1,2013-03-20,2013-03-20,1,False
train,Q_2cba8e65980f78505116,2,1,2016-05-25,2016-05-25,1,False
train,Q_2ce49d235523fabe3295,2,1,2016-09-14,2016-09-14,1,False
train,Q_2ceb68dcc4bca63f6ce9,2,1,2015-06-03,2015-06-03,1,False
train,Q_2cecd27579dda1c1079e,2,1,2016-01-13,2016-01-13,1,False
train,Q_2cee7930138013201021,2,1,2013-03-20,2013-03-20,1,False
train,Q_2cf96c9db413a5a484b2,2,1,2015-12-30,2015-12-30,1,False
train,Q_2cfa4cf140edb3802562,2,1,2014-11-19,2014-11-19,1,False
train,Q_2d058d339aed95a88f87,2,1,2012-10-03,2012-10-03,1,False
train,Q_2d0599b1e1e7ce63a21c,2,1,2013-01-16,2013-01-16,1,False
train,Q_2d09783e7da01efb4730,2,1,2015-03-25,2015-03-25,1,False
train,Q_2d0b970daeed4ae9bdde,2,1,2013-02-27,2013-02-27,1,False
train,Q_2d0c0f6dbf56f2f4b478,2,1,2014-04-09,2014-04-09,1,False
train,Q_2d0d1ec1016c56c01096,2,1,2013-12-04,2013-12-04,1,False
train,Q_2d3b718389781fe0e9bf,2,1,2015-08-05,2015-08-05,1,False
train,Q_2d3be1e6925773258c85,2,1,2014-11-19,2014-11-19,1,False
train,Q_2d403afa71951c1215c5,2,1,2014-10-01,2014-10-01,1,False
train,Q_2d44138ebfef08c03b79,2,1,2014-04-16,2014-04-16,1,False
train,Q_2d567105ae15012190c3,2,1,2015-01-21,2015-01-21,1,False
train,Q_2d63e64a6ca0bfe479e7,2,1,2012-09-19,2012-09-19,1,False
train,Q_2d6c7ddb66e9983e53f2,2,1,2013-10-16,2013-10-16,1,False
train,Q_2d705be382530c4509b8,1,1,2012-11-28,2012-11-28,1,False
train,Q_2d73d7ca9557aafbabe9,2,1,2016-01-20,2016-01-20,1,False
train,Q_2d766e4da9acfd71ee5f,2,1,2013-07-31,2013-07-31,1,False
train,Q_2d7b0b7b8e59aa5e759c,2,1,2014-03-12,2014-03-12,1,False
train,Q_2d82c074f6e00b4abebe,2,1,2014-05-28,2014-05-28,1,False
train,Q_2d85f808598dc24375b4,2,1,2016-06-08,2016-06-08,1,False
train,Q_2d9460b46bc79398622a,2,1,2016-04-20,2016-04-20,1,False
train,Q_2da653dc048c09cf7dbe,2,1,2016-03-02,2016-03-02,1,False
train,Q_2db948308d9be6792ddc,2,1,2016-06-01,2016-06-01,1,False
train,Q_2dc87fdfe3c0c10243eb,2,1,2012-12-19,2012-12-19,1,False
train,Q_2dd6ae281582d9b40524,2,1,2016-04-13,2016-04-13,1,False
train,Q_2dd733fdadc73032afa2,2,1,2012-09-19,2012-09-19,1,False
train,Q_2ddb7355699fb33f94a1,2,1,2016-06-29,2016-06-29,1,False
train,Q_2ddd4f637818745a2d1a,2,1,2013-12-11,2013-12-11,1,False
train,Q_2de14e9d10b650e1ba9f,2,1,2012-07-04,2012-07-04,1,False
train,Q_2df7625ce903cff473c3,2,1,2015-08-05,2015-08-05,1,False
train,Q_2e0668f7167aec3ddbcd,2,1,2014-09-24,2014-09-24,1,False
train,Q_2e150b63bd29d926bde1,2,1,2015-12-30,2015-12-30,1,False
train,Q_2e158d5b7c55d5393925,2,1,2014-11-19,2014-11-19,1,False
train,Q_2e15d3b321dd224bc13c,2,1,2013-05-01,2013-05-01,1,False
train,Q_2e1e48314ba86d2bc1c8,2,1,2012-07-25,2012-07-25,1,False
train,Q_2e26a9df5e4d44cd4982,2,1,2014-08-27,2014-08-27,1,False
train,Q_2e2999178e5bcbcd3072,2,1,2016-08-03,2016-08-03,1,False
train,Q_2e33b162427bd0ffd088,2,1,2013-03-06,2013-03-06,1,False
train,Q_2e3dc4fac5341cf4d825,2,1,2016-01-27,2016-01-27,1,False
train,Q_2e40384723c3b2c07b81,2,1,2014-10-01,2014-10-01,1,False
train,Q_2e50e09f5507b9dca02d,2,1,2015-02-11,2015-02-11,1,False
train,Q_2e636b56c2b8c096b08a,2,1,2013-05-15,2013-05-15,1,False
train,Q_2e6bfe07d1ce1f7fa091,2,1,2012-10-24,2012-10-24,1,False
train,Q_2e6ce9ffe645aed657ed,2,1,2014-06-11,2014-06-11,1,False
train,Q_2e70519e781edf030104,2,1,2015-04-08,2015-04-08,1,False
train,Q_2e7da0b555b7e710dfe3,2,1,2013-02-13,2013-02-13,1,False
train,Q_2e8038a1c946900d90f9,2,1,2016-08-10,2016-08-10,1,False
train,Q_2e82bb121ee5a23d7ce9,2,1,2012-08-01,2012-08-01,1,False
train,Q_2e89c8f4b281f411eab1,2,1,2014-10-15,2014-10-15,1,False
train,Q_2e8df24003992be6b0ff,2,1,2015-08-05,2015-08-05,1,False
train,Q_2e934cbd348b75b11989,2,1,2013-01-30,2013-01-30,1,False
train,Q_2ea4f1385cbc5b378d12,2,1,2013-07-17,2013-07-17,1,False
train,Q_2ea6f16ab1129af4c058,2,1,2013-08-21,2013-08-21,1,False
train,Q_2ea86b1f5df1e8a32fc0,2,1,2015-02-04,2015-02-04,1,False
train,Q_2eabedd7b068eeab111c,2,1,2016-06-08,2016-06-08,1,False
train,Q_2eaf9780a7e845467882,2,1,2015-07-01,2015-07-01,1,False
train,Q_2eb05d8eef9f716d2e50,2,1,2015-10-28,2015-10-28,1,False
train,Q_2eb31ab98ed17afa51a9,2,1,2015-11-25,2015-11-25,1,False
train,Q_2eb3544e1dc5e3ad8d39,2,1,2014-03-12,2014-03-12,1,False
train,Q_2ebb4ff3c3b1456446e7,2,1,2015-06-10,2015-06-10,1,False
train,Q_2ec625813afc43f50c64,2,1,2015-06-24,2015-06-24,1,False
train,Q_2ec967d264652b61aaef,2,1,2015-02-25,2015-02-25,1,False
train,Q_2ed6449e1a80eae5f514,2,1,2012-07-18,2012-07-18,1,False
train,Q_2ed6effb0414f4a76722,2,1,2013-11-20,2013-11-20,1,False
train,Q_2edecf069f1be9a02cc5,2,1,2015-02-11,2015-02-11,1,False
train,Q_2ee9fba307c34a84b8e2,2,1,2013-09-25,2013-09-25,1,False
train,Q_2eed5c2e24f7e2ad25a5,2,1,2015-07-29,2015-07-29,1,False
train,Q_2ef9d7c0eb42d4720a1f,2,1,2013-06-26,2013-06-26,1,False
train,Q_2f0248ffdfcb43851111,2,1,2014-10-29,2014-10-29,1,False
train,Q_2f0955361904ebf42791,2,1,2014-11-05,2014-11-05,1,False
train,Q_2f15e3f81e27df86435c,2,1,2014-12-17,2014-12-17,1,False
train,Q_2f26f8f5994cc43bd631,2,1,2014-06-04,2014-06-04,1,False
train,Q_2f2c7e8d7466452d2a42,2,1,2014-03-05,2014-03-05,1,False
train,Q_2f3d5a4f4d6c12420677,2,1,2015-09-16,2015-09-16,1,False
train,Q_2f52de9b8f481c9fecc6,2,1,2016-06-01,2016-06-01,1,False
train,Q_2f540548de6cad718763,2,1,2016-03-02,2016-03-02,1,False
train,Q_2f542c3152b6038e83f1,2,1,2014-02-12,2014-02-12,1,False
train,Q_2f59aca632e90b5311cc,2,1,2013-07-31,2013-07-31,1,False
train,Q_2f60e9ce3263d7a20ed9,2,1,2012-07-25,2012-07-25,1,False
train,Q_2f6be282aaacdddcc0db,2,1,2013-04-24,2013-04-24,1,False
train,Q_2f73304da986db8a2f84,2,1,2012-12-19,2012-12-19,1,False
train,Q_2f7cc31e7a9be28c9f48,2,1,2014-06-25,2014-06-25,1,False
train,Q_2f808da6d246fbfc9409,2,1,2013-10-02,2013-10-02,1,False
train,Q_2f8d32aea8a4d88f4c6d,2,1,2014-10-22,2014-10-22,1,False
train,Q_2f8e6fcf41d34fa1bdb4,2,1,2015-09-23,2015-09-23,1,False
train,Q_2f9199ce3d9273c40731,2,1,2016-03-09,2016-03-09,1,False
train,Q_2f925ff39a5ff61ca833,2,1,2015-04-08,2015-04-08,1,False
train,Q_2fa794b9a9dbbff492e3,2,1,2014-04-23,2014-04-23,1,False
train,Q_2fb3debab1a221984dad,2,1,2016-03-09,2016-03-09,1,False
train,Q_2fc2095c3124e7d1eee7,2,1,2016-05-11,2016-05-11,1,False
train,Q_2fc58ac4eb6c4530eba6,2,1,2015-12-09,2015-12-09,1,False
train,Q_2fd06f9227cdaffc0cd4,2,1,2015-10-14,2015-10-14,1,False
train,Q_2fd69d61641f06ffa00d,2,1,2015-03-18,2015-03-18,1,False
train,Q_2fdd99a0d7bfc2e42025,2,1,2013-04-24,2013-04-24,1,False
train,Q_2fdf4043367939551465,2,1,2016-09-07,2016-09-07,1,False
train,Q_2fe87c519028defa1aa2,2,1,2013-01-02,2013-01-02,1,False
train,Q_2fec8edea8bc72a1bf8d,2,1,2015-02-11,2015-02-11,1,False
train,Q_2fecac33d78d0ccee741,2,1,2015-09-02,2015-09-02,1,False
train,Q_2fedbe7c59fcf6984e2c,2,1,2014-05-07,2014-05-07,1,False
train,Q_2fee9035069caf9c56b4,2,1,2016-06-01,2016-06-01,1,False
train,Q_2ffabbce29f9aee77a66,2,1,2014-07-30,2014-07-30,1,False
train,Q_3006600e6631d572c7d1,2,1,2014-03-19,2014-03-19,1,False
train,Q_3015a3e13f0a86f6b18f,2,1,2014-09-17,2014-09-17,1,False
train,Q_301b489029dbc5a97340,2,1,2014-04-09,2014-04-09,1,False
train,Q_301f44a782d24a06f507,2,1,2013-05-29,2013-05-29,1,False
train,Q_302111ff2ef224861f59,2,1,2015-06-03,2015-06-03,1,False
train,Q_302548596bbbcdf88c7d,2,1,2015-08-05,2015-08-05,1,False
train,Q_303791afbc59a5697451,2,1,2016-05-18,2016-05-18,1,False
train,Q_303de12ea348677ddb38,2,1,2014-02-05,2014-02-05,1,False
train,Q_303e71db69f48930dd36,2,1,2013-09-11,2013-09-11,1,False
train,Q_3046d1a5c214fe0c2e28,2,1,2014-10-15,2014-10-15,1,False
train,Q_304ac21199705d71a7e7,2,1,2015-01-07,2015-01-07,1,False
train,Q_30597ec519f158e9837b,2,1,2015-05-27,2015-05-27,1,False
train,Q_306363c11c63c314fbd0,2,1,2015-11-25,2015-11-25,1,False
train,Q_3066db7a851e963c417c,2,1,2012-10-03,2012-10-03,1,False
train,Q_3067dffe917693d6b7cd,2,1,2014-01-22,2014-01-22,1,False
train,Q_306944b701e2d66393d9,4,2,2014-07-09,2014-09-03,2,True
train,Q_306b40b82d974c381715,2,1,2016-01-20,2016-01-20,1,False
train,Q_306e3a728f67eabe6879,2,1,2015-06-03,2015-06-03,1,False
train,Q_3070f0fab1e60203c587,2,1,2014-12-17,2014-12-17,1,False
train,Q_3075b0c869cee5c5b2ce,2,1,2013-07-03,2013-07-03,1,False
train,Q_30782304f8a1317db5a5,4,1,2014-10-15,2014-10-15,2,False
train,Q_3079bb2fa878c327e646,2,1,2012-12-26,2012-12-26,1,False
train,Q_3079f27a2564061f6a01,2,1,2013-03-20,2013-03-20,1,False
train,Q_3083f4bb8e760ae41f07,2,1,2015-11-04,2015-11-04,1,False
train,Q_308f41838572c3373e04,2,1,2013-05-29,2013-05-29,1,False
train,Q_30908703f59e78e998b2,2,1,2012-11-28,2012-11-28,1,False
train,Q_3094fba1dbec04515aa5,2,1,2013-08-28,2013-08-28,1,False
train,Q_30c488fbade62a330faf,2,1,2013-01-30,2013-01-30,1,False
train,Q_30c6de9499f6fc3821d2,2,1,2012-11-14,2012-11-14,1,False
train,Q_30cb62c9bcefc15bc6e7,2,1,2015-04-15,2015-04-15,1,False
train,Q_30cca14406e727229b89,2,1,2013-06-12,2013-06-12,1,False
train,Q_30d4890604e4f14ea96c,2,1,2016-06-01,2016-06-01,1,False
train,Q_30df6777cf4d51e70a59,2,1,2016-02-17,2016-02-17,1,False
train,Q_30e25d60176e1370126a,2,1,2016-01-06,2016-01-06,1,False
train,Q_30e7ab9a2ba6a881c37e,2,1,2013-08-21,2013-08-21,1,False
train,Q_30ea90f700a9f18f25f4,2,1,2012-11-21,2012-11-21,1,False
train,Q_3100af7a2d82762d2510,2,1,2012-10-17,2012-10-17,1,False
train,Q_310312e2b96fdca6912e,2,1,2014-07-23,2014-07-23,1,False
train,Q_310588ce2074c8aba764,2,1,2014-06-18,2014-06-18,1,False
train,Q_3106fd142fb32eadd7da,2,1,2014-10-01,2014-10-01,1,False
train,Q_310aa47cb1d749bd03a1,2,1,2014-08-06,2014-08-06,1,False
train,Q_310dffa320a683ccd97b,2,1,2012-12-19,2012-12-19,1,False
train,Q_310f114921643184e67e,2,1,2015-08-12,2015-08-12,1,False
train,Q_3116db9420da039efbce,2,1,2014-07-09,2014-07-09,1,False
train,Q_311a28290a4dd5a465ac,2,1,2015-10-14,2015-10-14,1,False
train,Q_311e80f21e12c3ef776d,2,1,2012-09-26,2012-09-26,1,False
train,Q_312232beff73b8786375,2,1,2014-11-12,2014-11-12,1,False
train,Q_313156ec89b54d4d4314,2,1,2014-11-12,2014-11-12,1,False
train,Q_3135fddc0b37e267fcad,2,1,2012-07-04,2012-07-04,1,False
train,Q_31541a1dd27a86703ceb,4,2,2014-07-09,2014-09-03,2,True
train,Q_315a20be60a24f6e9500,2,1,2015-11-25,2015-11-25,1,False
train,Q_316285447ac7c0cfacab,2,1,2012-10-10,2012-10-10,1,False
train,Q_31659ae92b5482a6eb45,2,1,2016-01-13,2016-01-13,1,False
train,Q_316b3fcdf0c021d1352e,2,1,2014-04-23,2014-04-23,1,False
train,Q_316b8e93307976f4c79f,2,1,2015-09-09,2015-09-09,1,False
train,Q_317a92c2d87ef21c2104,2,1,2014-06-25,2014-06-25,1,False
train,Q_317c11b7a94bbc76e61a,2,1,2015-12-02,2015-12-02,1,False
train,Q_31857c21e79cf842348e,2,1,2013-04-10,2013-04-10,1,False
train,Q_318da9cdfd7e9dd0b805,2,1,2014-05-07,2014-05-07,1,False
train,Q_31909688d7113d94da34,2,1,2015-12-09,2015-12-09,1,False
train,Q_3190d6a202bf2e1c5fc3,2,1,2016-04-20,2016-04-20,1,False
train,Q_3193ad07fda092a8d8dc,2,1,2013-06-12,2013-06-12,1,False
train,Q_3198ffdfaa4de1fed7a7,2,1,2014-10-22,2014-10-22,1,False
train,Q_31996d1138177af26ce8,2,1,2012-07-04,2012-07-04,1,False
train,Q_319c56901b8da63eefa4,2,1,2012-07-25,2012-07-25,1,False
train,Q_31b850da603ee11aa12d,2,1,2013-10-30,2013-10-30,1,False
train,Q_31b9bdd11478e0d2df9c,2,1,2014-03-26,2014-03-26,1,False
train,Q_31be91cb10564a347714,2,1,2014-01-22,2014-01-22,1,False
train,Q_31cbb306967e094994db,2,1,2014-05-21,2014-05-21,1,False
train,Q_31ce02e414817df0f894,2,1,2016-02-17,2016-02-17,1,False
train,Q_31d0ce3aaf6d4e60fc1b,2,1,2016-09-07,2016-09-07,1,False
train,Q_31db2919757c4a6a8765,2,1,2016-01-06,2016-01-06,1,False
train,Q_31e001199e8ebe829f08,2,1,2013-08-28,2013-08-28,1,False
train,Q_31e45f01ea0463a31f55,2,1,2014-10-15,2014-10-15,1,False
train,Q_31ebf405b3fdf7dfbf18,2,1,2016-08-03,2016-08-03,1,False
train,Q_31fb8f0ca86654c54313,2,1,2014-12-31,2014-12-31,1,False
train,Q_32012d77ef20409e4e30,2,1,2016-04-13,2016-04-13,1,False
train,Q_3210d44927aa08fdd146,2,1,2015-03-18,2015-03-18,1,False
train,Q_3213c4a51b55063ad182,2,1,2013-12-11,2013-12-11,1,False
train,Q_3215e0582c9566ab9d1a,2,1,2014-04-23,2014-04-23,1,False
train,Q_321ac1bb358f83c48af0,2,1,2016-06-15,2016-06-15,1,False
train,Q_32201dce603db327e429,2,1,2012-09-19,2012-09-19,1,False
train,Q_32284e4f7ada188bf864,2,1,2013-03-20,2013-03-20,1,False
train,Q_322cfb7d0679cc90c599,2,1,2016-03-02,2016-03-02,1,False
train,Q_3231338647d066f69673,2,1,2013-03-27,2013-03-27,1,False
train,Q_3232df5d3c2cfa760655,2,1,2014-12-17,2014-12-17,1,False
train,Q_3239d0f9e9fd7abcf6a0,2,1,2012-12-19,2012-12-19,1,False
train,Q_3243d45fb5ddb1720f61,2,1,2015-07-01,2015-07-01,1,False
train,Q_3256ff4809544d6ca1f7,2,1,2013-09-18,2013-09-18,1,False
train,Q_325ae34642e238cb5761,2,1,2016-09-14,2016-09-14,1,False
train,Q_3266c96b3d5e5fd356c8,2,1,2013-07-31,2013-07-31,1,False
train,Q_32860f6fbf832d54bb3b,2,1,2015-07-29,2015-07-29,1,False
train,Q_328c68a2a862982a181e,2,1,2014-05-28,2014-05-28,1,False
train,Q_328d8bf4f6529b354df3,1,1,2012-11-28,2012-11-28,1,False
train,Q_328fd454b1c5e9e73796,2,1,2015-09-16,2015-09-16,1,False
train,Q_3294d43b4dff093890d2,2,1,2013-04-24,2013-04-24,1,False
train,Q_329e1dc48b2a6ce4814b,2,1,2015-12-30,2015-12-30,1,False
train,Q_32a24c59bea990361d32,2,1,2015-08-12,2015-08-12,1,False
train,Q_32a45cbc4a63068e1d0a,2,1,2013-03-20,2013-03-20,1,False
train,Q_32acc71ee370bfc52767,2,1,2013-05-08,2013-05-08,1,False
train,Q_32b17535e8c821748f81,2,1,2014-11-26,2014-11-26,1,False
train,Q_32b25371c9385fe4a448,2,1,2014-10-01,2014-10-01,1,False
train,Q_32b3dd4178bc51ed052b,2,1,2015-09-16,2015-09-16,1,False
train,Q_32bbb0df8113fd47dc67,2,1,2014-07-30,2014-07-30,1,False
train,Q_32c51ba272dc2e067681,2,1,2014-10-15,2014-10-15,1,False
train,Q_32c91b6bb9c8760c37ed,2,1,2016-06-08,2016-06-08,1,False
train,Q_32cd3ada3b852345266f,2,1,2012-09-19,2012-09-19,1,False
train,Q_32ce25be7b8dbdf7b0d6,2,1,2012-09-26,2012-09-26,1,False
train,Q_32cf7f4598cf5b2713ee,2,1,2015-11-18,2015-11-18,1,False
train,Q_32cfc783f872164d1608,2,1,2014-08-06,2014-08-06,1,False
train,Q_32d1349bcc92c6f4e0f1,2,1,2016-05-18,2016-05-18,1,False
train,Q_32d285c54873b93145a1,2,1,2014-06-04,2014-06-04,1,False
train,Q_32decfeb99d22976969d,2,1,2014-06-11,2014-06-11,1,False
train,Q_32e0ca24b83cbf41e05f,2,1,2014-06-04,2014-06-04,1,False
train,Q_32f1681734a251560b61,2,1,2014-01-15,2014-01-15,1,False
train,Q_32f2ed9e4db79f2e527a,2,1,2015-12-09,2015-12-09,1,False
train,Q_32f585444866c81fd8dc,2,1,2014-01-29,2014-01-29,1,False
train,Q_3303708bc7439297f5bc,2,1,2016-03-02,2016-03-02,1,False
train,Q_3304d84494d98f66a6f8,2,1,2014-02-26,2014-02-26,1,False
train,Q_3304f9345fa15a56bc48,2,1,2016-06-22,2016-06-22,1,False
train,Q_330b8fe695996f568e0f,2,1,2016-04-13,2016-04-13,1,False
train,Q_330efe9fcfa2ec69a550,2,1,2014-02-05,2014-02-05,1,False
train,Q_33142d2dcd98bdf6a737,2,1,2014-10-29,2014-10-29,1,False
train,Q_332c006446a9db1a784a,2,1,2014-04-23,2014-04-23,1,False
train,Q_332ce0638a685c554b63,2,1,2012-09-05,2012-09-05,1,False
train,Q_332d5f115a4833e8eb74,2,1,2015-12-02,2015-12-02,1,False
train,Q_33304e205ba971fd3efb,2,1,2014-11-19,2014-11-19,1,False
train,Q_33331449ade8da11ba90,2,1,2013-01-16,2013-01-16,1,False
train,Q_33372905b535d7a33daa,2,1,2015-04-29,2015-04-29,1,False
train,Q_333927f71ccd5241a6dd,2,1,2016-06-01,2016-06-01,1,False
train,Q_333b8fa857f5915bb28b,2,1,2014-08-06,2014-08-06,1,False
train,Q_333d8a8fb9fa22732225,2,1,2015-12-16,2015-12-16,1,False
train,Q_33441f7fa2a4a07acc43,2,1,2015-10-14,2015-10-14,1,False
train,Q_33457f15d54fc70f3788,2,1,2014-10-01,2014-10-01,1,False
train,Q_334b4ac50c45853b92bd,2,1,2016-04-13,2016-04-13,1,False
train,Q_336cfa5df37ad8661500,2,1,2014-02-05,2014-02-05,1,False
train,Q_336d1064112af1f7cbab,2,1,2016-09-21,2016-09-21,1,False
train,Q_33961005f8bff088619d,2,1,2014-02-12,2014-02-12,1,False
train,Q_3399ae28e0d88b8a613d,2,1,2016-03-23,2016-03-23,1,False
train,Q_3399dc7e9c34240ac97c,2,1,2015-12-30,2015-12-30,1,False
train,Q_339c8c7f1588a4113a57,2,1,2012-09-26,2012-09-26,1,False
train,Q_339e87f8aea22ed8ccd7,2,1,2013-03-06,2013-03-06,1,False
train,Q_33a878249398bcbaaa26,2,1,2012-08-01,2012-08-01,1,False
train,Q_33aeb2792521f210f486,2,1,2013-08-07,2013-08-07,1,False
train,Q_33b1e29126dab616aced,2,1,2015-04-08,2015-04-08,1,False
train,Q_33b7aac7a7ee88b3cf11,2,1,2013-01-30,2013-01-30,1,False
train,Q_33bce8fa7ba1b6ab5c7e,2,1,2015-02-25,2015-02-25,1,False
train,Q_33bd95425339e9245642,2,1,2015-11-25,2015-11-25,1,False
train,Q_33c0cacba5944a1163d1,2,1,2016-03-09,2016-03-09,1,False
train,Q_33c948797d0ca11f2be2,2,1,2015-04-08,2015-04-08,1,False
train,Q_33cb4a17c03208b3af8e,2,1,2015-10-14,2015-10-14,1,False
train,Q_33cb8a36c27024e06caf,2,1,2014-12-31,2014-12-31,1,False
train,Q_33cba8ad0e2ff68233e2,2,1,2015-10-28,2015-10-28,1,False
train,Q_33cd92c5526aa314e512,2,1,2015-10-07,2015-10-07,1,False
train,Q_33d3be7ed71ce7f5bb86,2,1,2012-12-12,2012-12-12,1,False
train,Q_33d80fd9e63af681defe,2,1,2015-08-12,2015-08-12,1,False
train,Q_33d8e26aa990cd2b9704,2,1,2012-07-25,2012-07-25,1,False
train,Q_33e1ea1627a221bd3fcc,2,1,2016-02-24,2016-02-24,1,False
train,Q_33e231bdbd8ec05e3f77,2,1,2015-09-09,2015-09-09,1,False
train,Q_33f476e182e6c892aa88,2,1,2013-01-30,2013-01-30,1,False
train,Q_3413a086dcb7bbada86f,2,1,2012-09-26,2012-09-26,1,False
train,Q_341b16f405cb559b00e4,2,1,2015-01-07,2015-01-07,1,False
train,Q_341ef8065023abef4dca,2,1,2015-06-24,2015-06-24,1,False
train,Q_342c7d7d8b345b228c78,2,1,2013-10-30,2013-10-30,1,False
train,Q_342db06247e9fdbb460b,2,1,2016-04-27,2016-04-27,1,False
train,Q_343dc936f04e98378c42,2,1,2013-10-23,2013-10-23,1,False
train,Q_343e4a96f2aa87810d73,2,1,2014-07-30,2014-07-30,1,False
train,Q_344e131ec4562bafd798,2,1,2015-07-29,2015-07-29,1,False
train,Q_344f4eaa6c3577a12d7f,2,1,2015-09-23,2015-09-23,1,False
train,Q_345afe6335801d7a5d57,2,1,2014-12-03,2014-12-03,1,False
train,Q_345c6fa8b4ec3122c6ca,2,1,2013-10-09,2013-10-09,1,False
train,Q_346005831402bc7358ba,2,1,2015-10-14,2015-10-14,1,False
train,Q_3462d7448b97c54edbd8,2,1,2014-07-23,2014-07-23,1,False
train,Q_3463e457d7fe656046d9,2,1,2013-03-20,2013-03-20,1,False
train,Q_34687bbd26690b9a62cd,2,1,2014-11-26,2014-11-26,1,False
train,Q_34709d285e0504fed751,2,1,2014-04-09,2014-04-09,1,False
train,Q_347b48c102a3907907ff,2,1,2014-10-15,2014-10-15,1,False
train,Q_347cb27dab42c07fd7f6,2,1,2015-01-14,2015-01-14,1,False
train,Q_348193827866e3a36bca,2,1,2015-01-07,2015-01-07,1,False
train,Q_348671cd20130c446c3d,2,1,2013-05-15,2013-05-15,1,False
train,Q_348a0c0585a6ab4dbeb4,2,1,2012-11-28,2012-11-28,1,False
train,Q_348bf771b2adfe3fbcd9,2,1,2015-04-15,2015-04-15,1,False
train,Q_348fd5bde911d6408b05,2,1,2015-04-08,2015-04-08,1,False
train,Q_349084f6c3528732ef6e,2,1,2014-10-01,2014-10-01,1,False
train,Q_3496234bf771339a6641,2,1,2012-09-05,2012-09-05,1,False
train,Q_349ec87ccd0d5bd9a167,2,1,2012-08-08,2012-08-08,1,False
train,Q_34a1a476ff334da8c561,2,1,2012-08-15,2012-08-15,1,False
train,Q_34a4524c25814beaf4f4,2,1,2015-12-09,2015-12-09,1,False
train,Q_34ad08e66416de60c770,2,1,2015-11-25,2015-11-25,1,False
train,Q_34adc538aa420770e2b8,2,1,2014-10-22,2014-10-22,1,False
train,Q_34b045d641b472a820ac,2,1,2015-03-25,2015-03-25,1,False
train,Q_34b2441c668dc03d4d06,2,1,2012-07-25,2012-07-25,1,False
train,Q_34b467fba86706350a88,2,1,2015-06-17,2015-06-17,1,False
train,Q_34be243c44b3f5fcaa8c,2,1,2016-04-27,2016-04-27,1,False
train,Q_34beb1aa2992ccac901b,2,1,2014-02-12,2014-02-12,1,False
train,Q_34d0dd0a092091f922c8,2,1,2013-09-11,2013-09-11,1,False
train,Q_34d95525375e3336d0c3,2,1,2012-10-10,2012-10-10,1,False
train,Q_34da67ea8e670979fd1f,2,1,2012-12-26,2012-12-26,1,False
train,Q_34e0d259af95abb76499,2,1,2012-09-26,2012-09-26,1,False
train,Q_34e2620091a87fe5d6be,2,1,2012-09-26,2012-09-26,1,False
train,Q_34e274c1b86d4b741ffb,2,1,2014-04-09,2014-04-09,1,False
train,Q_34f538854e89f91bed77,2,1,2012-09-26,2012-09-26,1,False
train,Q_3502fa687109f63a7b49,2,1,2014-08-20,2014-08-20,1,False
train,Q_35033acf0406eb1eac88,2,1,2014-06-11,2014-06-11,1,False
train,Q_3510d5f33198dc863c74,2,1,2014-08-20,2014-08-20,1,False
train,Q_351c82b777fdee2a2cfb,2,1,2013-07-17,2013-07-17,1,False
train,Q_351e1e4bb962dafdabd1,2,1,2013-07-10,2013-07-10,1,False
train,Q_3520640377102e5d6ae5,2,1,2016-06-01,2016-06-01,1,False
train,Q_352355f364d1068d2937,2,1,2016-06-29,2016-06-29,1,False
train,Q_35253ca317d6087d94a1,2,1,2016-08-17,2016-08-17,1,False
train,Q_3526199d059a7862421f,2,1,2013-10-02,2013-10-02,1,False
train,Q_3526d1927672fca80c20,2,1,2015-01-21,2015-01-21,1,False
train,Q_3530b443934d4fab56d0,2,1,2014-11-05,2014-11-05,1,False
train,Q_3536b4296ae813cb6f6e,2,1,2014-05-07,2014-05-07,1,False
train,Q_35384347be8df259b428,2,1,2014-04-23,2014-04-23,1,False
train,Q_3539d4359601bad90e02,2,1,2012-10-31,2012-10-31,1,False
train,Q_353f0f5696a47e0e15ec,2,1,2012-12-05,2012-12-05,1,False
train,Q_3541fed3be5e16eb60f3,2,1,2015-02-04,2015-02-04,1,False
train,Q_3552f6dad399b64c5fdd,2,1,2014-01-01,2014-01-01,1,False
train,Q_3564705371b644ec2880,2,1,2012-08-29,2012-08-29,1,False
train,Q_35699ea55d08246d996d,2,1,2014-05-07,2014-05-07,1,False
train,Q_3573a9501504e3a7165f,2,1,2013-01-16,2013-01-16,1,False
train,Q_357a13652c31d2328a8b,2,1,2016-08-17,2016-08-17,1,False
train,Q_3581f689adfff46b3af0,2,1,2013-09-11,2013-09-11,1,False
train,Q_358619d784d9f0c2e4f7,2,1,2012-09-19,2012-09-19,1,False
train,Q_359039bfc20b900accd1,2,1,2016-04-06,2016-04-06,1,False
train,Q_359c48c1c781b5b212e9,2,1,2013-02-06,2013-02-06,1,False
train,Q_35bb61339a46e2f68ee7,2,1,2014-12-17,2014-12-17,1,False
train,Q_35e522905f48a7ebd22e,2,1,2014-06-04,2014-06-04,1,False
train,Q_35eeca5bf6cc4a41417c,2,1,2013-04-17,2013-04-17,1,False
train,Q_35f59a79fb97b2e6584e,2,1,2015-07-15,2015-07-15,1,False
train,Q_35fb6e287dd0718fd346,2,1,2015-12-30,2015-12-30,1,False
train,Q_36098b1f383a06b854e0,2,1,2014-10-08,2014-10-08,1,False
train,Q_360b6d30121c9ed4a155,2,1,2015-12-09,2015-12-09,1,False
train,Q_3617e094c3888ab1e98b,2,1,2013-05-29,2013-05-29,1,False
train,Q_3618ce813e9acaa2027d,2,1,2013-07-17,2013-07-17,1,False
train,Q_361cac4797ac01f186ac,2,1,2013-03-06,2013-03-06,1,False
train,Q_3620fa41183555d15a74,2,1,2014-12-24,2014-12-24,1,False
train,Q_3629f7b4cd7c001c067f,2,1,2013-10-02,2013-10-02,1,False
train,Q_362aeeab6cd8bddf9f04,2,1,2013-10-02,2013-10-02,1,False
train,Q_3633b9a248b1be1acdb7,2,1,2014-06-04,2014-06-04,1,False
train,Q_363b82f192be1806407c,2,1,2013-12-11,2013-12-11,1,False
train,Q_3642e4bae0614c66abc6,2,1,2015-09-02,2015-09-02,1,False
train,Q_36540a9425318d016aa0,2,1,2015-09-23,2015-09-23,1,False
train,Q_36597d2f00e262e47ae6,2,1,2014-06-25,2014-06-25,1,False
train,Q_367415834fbde06cb7c3,2,1,2015-10-28,2015-10-28,1,False
train,Q_36765018568f0f82c18c,2,1,2014-04-23,2014-04-23,1,False
train,Q_36785daa14a11e6e0179,2,1,2016-08-17,2016-08-17,1,False
train,Q_36826bdbf0bd47295f4f,2,1,2015-08-05,2015-08-05,1,False
train,Q_36a3ec41fbdbf8abf98c,2,1,2016-03-16,2016-03-16,1,False
train,Q_36a6805de22592c6f80e,2,1,2016-06-15,2016-06-15,1,False
train,Q_36a8a5054a417e4a21e0,2,1,2015-04-15,2015-04-15,1,False
train,Q_36ab4ce19d3963700767,2,1,2014-11-12,2014-11-12,1,False
train,Q_36b113d49ae89dc40b2a,2,1,2014-06-04,2014-06-04,1,False
train,Q_36baf84c850d07ee2a25,2,1,2012-08-01,2012-08-01,1,False
train,Q_36c08b0b0ea03e87d744,2,1,2014-03-05,2014-03-05,1,False
train,Q_36c61f0bf67e14a0d65d,2,1,2016-09-14,2016-09-14,1,False
train,Q_36c886732948c36acb73,2,1,2013-12-25,2013-12-25,1,False
train,Q_36d1c479fd4dd70418b5,2,1,2015-09-16,2015-09-16,1,False
train,Q_36d317035c809b6ca896,2,1,2015-01-14,2015-01-14,1,False
train,Q_36e6bacefcebf6253dbc,2,1,2015-05-27,2015-05-27,1,False
train,Q_36ea4fd35d7b61296f6c,2,1,2014-02-05,2014-02-05,1,False
train,Q_36f14dac41c33a6f4ba2,2,1,2014-10-08,2014-10-08,1,False
train,Q_37031de7a748625db0fd,2,1,2013-04-10,2013-04-10,1,False
train,Q_370cee1dd286280fbf07,2,1,2014-10-15,2014-10-15,1,False
train,Q_373013154d9d6f561863,2,1,2014-12-10,2014-12-10,1,False
train,Q_3735acd4cc77400bd462,2,1,2014-06-25,2014-06-25,1,False
train,Q_373a64eac1f7e5468231,2,1,2014-05-14,2014-05-14,1,False
train,Q_374bea482a1671eef43d,2,1,2014-10-15,2014-10-15,1,False
train,Q_3765b8fdb5137d698d70,2,1,2014-01-15,2014-01-15,1,False
train,Q_377b38c09490bd44ce60,2,1,2013-01-02,2013-01-02,1,False
train,Q_378e403f02ba04b321c8,2,1,2014-06-04,2014-06-04,1,False
train,Q_3795cb770e6186741844,2,1,2013-08-07,2013-08-07,1,False
train,Q_379fe12049063734541a,2,1,2014-12-03,2014-12-03,1,False
train,Q_37a1c76661cf4b5672cd,2,1,2014-09-17,2014-09-17,1,False
train,Q_37a2b7665e1424a91739,2,1,2013-10-23,2013-10-23,1,False
train,Q_37ade55dbf78527cc223,2,1,2014-08-13,2014-08-13,1,False
train,Q_37af1d92f0ac705627b4,2,1,2013-01-16,2013-01-16,1,False
train,Q_37c29e1d6c3841d49101,2,1,2013-10-02,2013-10-02,1,False
train,Q_37ce8145642a13ad54e5,2,1,2015-10-21,2015-10-21,1,False
train,Q_37d8e186c8707d403c48,2,1,2014-09-10,2014-09-10,1,False
train,Q_37dc36c45ebddfba16dd,2,1,2015-09-09,2015-09-09,1,False
train,Q_37e29389ff0ea9dfd289,2,1,2014-10-22,2014-10-22,1,False
train,Q_37e7f7aeaf1f8ab59dca,2,1,2016-01-13,2016-01-13,1,False
train,Q_37f8535d3096fdddbc4f,2,1,2015-03-18,2015-03-18,1,False
train,Q_3806d2cd7b16770e7cbb,2,1,2012-12-19,2012-12-19,1,False
train,Q_381b09f974c1a9d4d03a,2,1,2014-10-08,2014-10-08,1,False
train,Q_38277207cab50175c814,2,1,2013-07-17,2013-07-17,1,False
train,Q_3832f4d753311a5d3008,2,1,2016-01-20,2016-01-20,1,False
train,Q_383a9b32508aa38f2895,2,1,2013-06-26,2013-06-26,1,False
train,Q_383c80865f8a9d05ba6a,2,1,2013-04-24,2013-04-24,1,False
train,Q_384278ee03a288e523c6,2,1,2014-05-07,2014-05-07,1,False
train,Q_3842a90ee41a6ee39a0f,2,1,2015-10-21,2015-10-21,1,False
train,Q_385233bf646215e674dc,2,1,2013-05-29,2013-05-29,1,False
train,Q_3853eb0fb773c5a606b5,2,1,2014-10-15,2014-10-15,1,False
train,Q_385853dfab4544678130,2,1,2015-02-11,2015-02-11,1,False
train,Q_3860f7b4e61c6b27d33e,2,1,2013-02-20,2013-02-20,1,False
train,Q_386610e149f5eb66f42a,2,1,2014-09-17,2014-09-17,1,False
train,Q_386c776d6b00bac8234d,2,1,2014-05-07,2014-05-07,1,False
train,Q_386fc817f72bfb5d48fc,2,1,2015-09-09,2015-09-09,1,False
train,Q_387ed088ab3d4093f416,2,1,2015-09-30,2015-09-30,1,False
train,Q_387ed2e451e92b565900,2,1,2015-11-18,2015-11-18,1,False
train,Q_3883e04987a5eb46a591,2,1,2013-05-29,2013-05-29,1,False
train,Q_388406eb72d37e1e3470,2,1,2016-02-17,2016-02-17,1,False
train,Q_388665a4c42033984942,2,1,2014-11-19,2014-11-19,1,False
train,Q_3894f74fcdb1c7b01e89,2,1,2015-02-11,2015-02-11,1,False
train,Q_389e08290de001445453,2,1,2014-10-08,2014-10-08,1,False
train,Q_38a1da334a45a88babfa,2,1,2012-12-12,2012-12-12,1,False
train,Q_38a9d9e899846039c694,2,1,2016-07-06,2016-07-06,1,False
train,Q_38aaff0bae79543cca7e,2,1,2015-06-24,2015-06-24,1,False
train,Q_38bb14a3664bbb4ae03f,2,1,2013-06-12,2013-06-12,1,False
train,Q_38bd90de2fe5b1ba4689,2,1,2016-06-01,2016-06-01,1,False
train,Q_38bfa30dd9fc802228b1,2,1,2013-10-02,2013-10-02,1,False
train,Q_38c83c0fa69d776e5414,2,1,2012-07-25,2012-07-25,1,False
train,Q_38d0ff2b4f745df5c9c1,2,1,2014-01-15,2014-01-15,1,False
train,Q_38d1e0159abed72c31d7,2,1,2015-07-08,2015-07-08,1,False
train,Q_38d3ec175df6f2238a81,2,1,2014-12-31,2014-12-31,1,False
train,Q_38daa4e5d4928785f36d,2,1,2015-08-12,2015-08-12,1,False
train,Q_38e72ffe1b1d2c68cd7d,2,1,2014-10-15,2014-10-15,1,False
train,Q_38ec4603e1a201d40ad4,2,1,2014-05-21,2014-05-21,1,False
train,Q_38ecd91ede62bfbd0998,2,1,2012-12-19,2012-12-19,1,False
train,Q_38f9efa61f3a6833bebb,2,1,2016-01-13,2016-01-13,1,False
train,Q_39009308b6220fd607e7,2,1,2016-02-03,2016-02-03,1,False
train,Q_39028816d25e555415a5,2,1,2013-03-20,2013-03-20,1,False
train,Q_3913c2ed4955b6b6a50e,2,1,2013-12-04,2013-12-04,1,False
train,Q_39227a638c89fcbcd4e3,2,1,2015-12-02,2015-12-02,1,False
train,Q_392672e61d9faa0d0384,2,1,2015-12-09,2015-12-09,1,False
train,Q_39322207c0980e39f856,2,1,2012-08-29,2012-08-29,1,False
train,Q_39347b8889f253b5fa7d,2,1,2013-12-04,2013-12-04,1,False
train,Q_394061750ed4184030dc,2,1,2012-09-26,2012-09-26,1,False
train,Q_3947d65a86b70e43013f,2,1,2016-04-13,2016-04-13,1,False
train,Q_39569f88dbdb2d9a4b13,2,1,2014-02-12,2014-02-12,1,False
train,Q_3964f92ad3583bc3046c,2,1,2013-04-24,2013-04-24,1,False
train,Q_3967315e9aa9bf67077f,2,1,2014-06-25,2014-06-25,1,False
train,Q_396ec71e26e3371bd4e7,2,1,2014-10-15,2014-10-15,1,False
train,Q_39877e7e47a8c055286c,2,1,2013-12-11,2013-12-11,1,False
train,Q_398bc1983d305d00e024,2,1,2015-08-05,2015-08-05,1,False
train,Q_398bdefa4652064788c0,2,1,2014-04-23,2014-04-23,1,False
train,Q_3996f30a692670d960e8,2,1,2015-07-01,2015-07-01,1,False
train,Q_399db6a9374fca3aa166,2,1,2015-12-09,2015-12-09,1,False
train,Q_39a5529a45ae309b784e,2,1,2014-05-21,2014-05-21,1,False
train,Q_39a8488566a342b1e622,2,1,2015-09-02,2015-09-02,1,False
train,Q_39aa7f7ea12bed110b43,2,1,2016-03-23,2016-03-23,1,False
train,Q_39ad7b39fa420d73f792,2,1,2016-04-13,2016-04-13,1,False
train,Q_39b471f2a3d0facb3a84,2,1,2015-09-30,2015-09-30,1,False
train,Q_39b69c6d64f51ddd7beb,2,1,2014-11-19,2014-11-19,1,False
train,Q_39b948bd3656c3173c8d,2,1,2015-10-21,2015-10-21,1,False
train,Q_39c2b0f142499e1cddf8,2,1,2013-01-16,2013-01-16,1,False
train,Q_39c54e4e9357915daa24,2,1,2013-02-20,2013-02-20,1,False
train,Q_39c57c398688f8f351a1,2,1,2013-12-25,2013-12-25,1,False
train,Q_39d1d4cc269d85e8bbf6,4,2,2014-01-15,2014-04-16,2,True
train,Q_39da5f885b172de1a0aa,2,1,2015-01-21,2015-01-21,1,False
train,Q_39db674ec6a373d36842,2,1,2014-04-09,2014-04-09,1,False
train,Q_39dd05abb467ded58c7c,2,1,2013-09-25,2013-09-25,1,False
train,Q_39dde14c3ee99009ab2a,2,1,2016-05-18,2016-05-18,1,False
train,Q_39debbfa19a6fbbc5185,2,1,2016-02-24,2016-02-24,1,False
train,Q_39e003c2aa5f098d39eb,2,1,2014-04-23,2014-04-23,1,False
train,Q_39e1fa2f57d0033f35d3,2,1,2014-11-12,2014-11-12,1,False
train,Q_39e630a576637f6d7c05,2,1,2015-06-24,2015-06-24,1,False
train,Q_39f09317a28bc74515fa,2,1,2014-10-01,2014-10-01,1,False
train,Q_39f7505140de97ff6451,2,1,2015-12-02,2015-12-02,1,False
train,Q_39f829b63bcab04f9c64,2,1,2014-05-28,2014-05-28,1,False
train,Q_39feddefc8814c8e610d,2,1,2014-05-07,2014-05-07,1,False
train,Q_3a0631a2468ff46ae03a,2,1,2013-11-20,2013-11-20,1,False
train,Q_3a169d19615019d5a01b,2,1,2016-02-03,2016-02-03,1,False
train,Q_3a2929c66d3603c02a71,2,1,2012-10-24,2012-10-24,1,False
train,Q_3a2a78cf4fa06342c3ca,2,1,2015-12-30,2015-12-30,1,False
train,Q_3a346dbb243873aa6729,2,1,2016-05-04,2016-05-04,1,False
train,Q_3a405c0d7a66a467d377,2,1,2013-09-04,2013-09-04,1,False
train,Q_3a43f3f6f2345d8672ce,2,1,2013-08-21,2013-08-21,1,False
train,Q_3a44233e9f5b4b4c621b,2,1,2015-12-02,2015-12-02,1,False
train,Q_3a46a17de8eb653fa7ad,2,1,2013-11-13,2013-11-13,1,False
train,Q_3a4e728dd17d7d56051d,2,1,2014-12-31,2014-12-31,1,False
train,Q_3a5c4c00195a6e0e2fa0,2,1,2013-06-26,2013-06-26,1,False
train,Q_3a620e02c34580ea68e0,2,1,2015-10-21,2015-10-21,1,False
train,Q_3a644bbe12ca009ac258,2,1,2014-01-15,2014-01-15,1,False
train,Q_3a695f6460e5b4618883,2,1,2015-11-04,2015-11-04,1,False
train,Q_3a6baaf58d5085dfa83a,2,1,2013-07-24,2013-07-24,1,False
train,Q_3a7067422bde7dbe6016,2,1,2014-10-01,2014-10-01,1,False
train,Q_3a728c9db6f7e1d8537f,2,1,2016-06-01,2016-06-01,1,False
train,Q_3a7898cc26c82c448326,2,1,2014-12-10,2014-12-10,1,False
train,Q_3a7fa00489e65069526d,2,1,2014-01-01,2014-01-01,1,False
train,Q_3a8baae40872f59a7caa,2,1,2015-12-02,2015-12-02,1,False
train,Q_3a8ffc43465cfebe4728,2,1,2014-04-09,2014-04-09,1,False
train,Q_3a9154af15967c098ee6,4,1,2014-10-15,2014-10-15,2,False
train,Q_3a9f673ec36cddba8d51,2,1,2014-02-12,2014-02-12,1,False
train,Q_3aa62698796efe95fea8,2,1,2015-03-18,2015-03-18,1,False
train,Q_3aaf47d10206122f5d76,2,1,2013-07-03,2013-07-03,1,False
train,Q_3ab3ef4763b3cfe35e6b,2,1,2015-09-30,2015-09-30,1,False
train,Q_3ab65b3122789a05aa1d,2,1,2012-08-01,2012-08-01,1,False
train,Q_3ab65dbd9b0805131410,2,1,2016-02-10,2016-02-10,1,False
train,Q_3aba5f0ccea90c21efec,2,1,2015-04-15,2015-04-15,1,False
train,Q_3abc4fbaaaff11901edb,2,1,2016-07-06,2016-07-06,1,False
train,Q_3ace9e3cb34d0f15d8bc,2,1,2014-02-12,2014-02-12,1,False
train,Q_3ad73e0eedef0c71bdca,2,1,2014-10-15,2014-10-15,1,False
train,Q_3ae236e71650c36385db,2,1,2015-06-24,2015-06-24,1,False
train,Q_3af2c4fc5244de25601f,2,1,2014-11-05,2014-11-05,1,False
train,Q_3b002ad21b9f80a980c7,2,1,2014-12-10,2014-12-10,1,False
train,Q_3b07c1b6becaeb61cd71,2,1,2015-08-05,2015-08-05,1,False
train,Q_3b30da85557a37d5b5f3,2,1,2012-08-15,2012-08-15,1,False
train,Q_3b31ba4ea67a8d18214b,2,1,2015-09-02,2015-09-02,1,False
train,Q_3b3219a09c15f3741aba,2,1,2014-10-15,2014-10-15,1,False
train,Q_3b3389eb96430f1e6ceb,2,1,2013-02-13,2013-02-13,1,False
train,Q_3b479732b77f797ba5cf,2,1,2013-02-13,2013-02-13,1,False
train,Q_3b48349a1f5ecd97869a,2,1,2016-06-15,2016-06-15,1,False
train,Q_3b4853f735e5a8446f60,2,1,2013-04-24,2013-04-24,1,False
train,Q_3b66c4469c21d89575b2,2,1,2012-07-25,2012-07-25,1,False
train,Q_3b6d8e03074de2bc7a31,2,1,2016-02-10,2016-02-10,1,False
train,Q_3b7a437e34b3e3b4b2b5,2,1,2014-06-04,2014-06-04,1,False
train,Q_3b832a20a4bd4dcfd3a6,2,1,2015-09-09,2015-09-09,1,False
train,Q_3b8335bcf8150788c0c8,2,1,2015-07-01,2015-07-01,1,False
train,Q_3b8bea6082df1e968e79,2,1,2015-09-09,2015-09-09,1,False
train,Q_3ba7a5e60be6c2f1f30a,2,1,2016-03-16,2016-03-16,1,False
train,Q_3baceeb0781b5603cf74,2,1,2013-04-10,2013-04-10,1,False
train,Q_3bb50b399373735f1a9a,2,1,2013-06-19,2013-06-19,1,False
train,Q_3bb62870841e16a3ebed,2,1,2012-10-10,2012-10-10,1,False
train,Q_3bbf21114f7218c9c444,2,1,2016-07-27,2016-07-27,1,False
train,Q_3bc0ae3a03725a1ed447,2,1,2016-04-13,2016-04-13,1,False
train,Q_3bc17c00e9f942c9e113,2,1,2015-12-09,2015-12-09,1,False
train,Q_3bc292e1d70fe5fef13e,2,1,2015-09-16,2015-09-16,1,False
train,Q_3bce0c37c30511afb698,2,1,2012-09-05,2012-09-05,1,False
train,Q_3bd2195c84d34b6bbf56,2,1,2016-09-21,2016-09-21,1,False
train,Q_3bd6e6da3c094c07c3b7,2,1,2016-09-14,2016-09-14,1,False
train,Q_3bdcc6761536c61ae8c8,2,1,2012-12-05,2012-12-05,1,False
train,Q_3be08eb6894aaf6c308b,2,1,2013-03-20,2013-03-20,1,False
train,Q_3be9a65b2d24eb526258,2,1,2013-08-21,2013-08-21,1,False
train,Q_3beb36c192c79f2bc897,2,1,2014-04-23,2014-04-23,1,False
train,Q_3befee4bc31bf6673f43,2,1,2014-06-18,2014-06-18,1,False
train,Q_3bf1e19bc8f40dd82701,2,1,2013-08-07,2013-08-07,1,False
train,Q_3c052613f749b16b85cb,2,1,2014-01-01,2014-01-01,1,False
train,Q_3c06c68d51cdd34e2288,2,1,2014-12-31,2014-12-31,1,False
train,Q_3c145a43b2d8ab6a5309,2,1,2013-11-20,2013-11-20,1,False
train,Q_3c153df0ed345b37708a,2,1,2016-06-22,2016-06-22,1,False
train,Q_3c21cdfd8b4c7ef72559,2,1,2014-12-10,2014-12-10,1,False
train,Q_3c3022a282be36084dbd,2,1,2014-05-28,2014-05-28,1,False
train,Q_3c377c34eebca0a97790,2,1,2015-09-02,2015-09-02,1,False
train,Q_3c386831379ed027686a,2,1,2013-10-02,2013-10-02,1,False
train,Q_3c40b6b83b0402806fe1,2,1,2014-06-18,2014-06-18,1,False
train,Q_3c56c40deac47511a2b4,2,1,2013-12-11,2013-12-11,1,False
train,Q_3c56dd3e865867629af3,2,1,2014-07-02,2014-07-02,1,False
train,Q_3c57e03d8c4acabcba62,2,1,2012-08-22,2012-08-22,1,False
train,Q_3c64aaa33b9c0027e4fa,2,1,2013-04-17,2013-04-17,1,False
train,Q_3c668e6343f80ae2b158,2,1,2012-10-31,2012-10-31,1,False
train,Q_3c6a5e5dcd6aca4ea8f8,2,1,2014-11-12,2014-11-12,1,False
train,Q_3c6e1f045cdb3cfa1224,2,1,2015-07-29,2015-07-29,1,False
train,Q_3c8a233bfa061757ad0a,2,1,2015-09-02,2015-09-02,1,False
train,Q_3c957a8cabc89096ee7c,2,1,2014-09-17,2014-09-17,1,False
train,Q_3cb09b72f0a6d951765e,2,1,2014-06-11,2014-06-11,1,False
train,Q_3cbe500017f377366c54,2,1,2013-10-23,2013-10-23,1,False
train,Q_3cc008099321fd4e8a8b,2,1,2016-05-04,2016-05-04,1,False
train,Q_3cd08b5a60d47d1d9c1d,2,1,2015-03-04,2015-03-04,1,False
train,Q_3cda8a8542fcb31ba125,2,1,2015-01-21,2015-01-21,1,False
train,Q_3ce3bc9ccb8c1c17a33e,2,1,2016-03-02,2016-03-02,1,False
train,Q_3ce703fb45a4a8e57d95,2,1,2014-12-24,2014-12-24,1,False
train,Q_3ceaf79649e08564c7ef,2,1,2012-09-26,2012-09-26,1,False
train,Q_3cf8bc632d26ca65fe73,2,1,2015-10-07,2015-10-07,1,False
train,Q_3d09ceeac0a0e18faa5b,2,1,2016-01-20,2016-01-20,1,False
train,Q_3d0d52b0299c6c256f14,2,1,2015-06-24,2015-06-24,1,False
train,Q_3d12e37af7ae8c07924b,2,1,2013-12-04,2013-12-04,1,False
train,Q_3d1e57948f937487036f,2,1,2014-10-15,2014-10-15,1,False
train,Q_3d1fcba090dee28b8cf3,2,1,2012-09-12,2012-09-12,1,False
train,Q_3d21b7061532d5a8e12a,2,1,2016-02-03,2016-02-03,1,False
train,Q_3d25f87b8f9249b6eaa8,2,1,2014-02-05,2014-02-05,1,False
train,Q_3d273f11495842580931,2,1,2015-12-30,2015-12-30,1,False
train,Q_3d28bcf02f03d5e16aaa,2,1,2015-11-25,2015-11-25,1,False
train,Q_3d4d8f6759a1c16a4f1f,2,1,2014-07-23,2014-07-23,1,False
train,Q_3d5a79b5a1f023c50566,2,1,2016-06-01,2016-06-01,1,False
train,Q_3d606294027df2ee82aa,2,1,2013-07-31,2013-07-31,1,False
train,Q_3d68e2e804d467ea31b1,2,1,2014-02-12,2014-02-12,1,False
train,Q_3d71b09a86c3a65c042f,2,1,2013-06-12,2013-06-12,1,False
train,Q_3d74992f653391d2b6b8,3,2,2014-07-09,2014-09-03,2,True
train,Q_3d77a1bdd60646be7e8b,2,1,2015-11-18,2015-11-18,1,False
train,Q_3d80722a7a0857b22173,2,1,2012-08-01,2012-08-01,1,False
train,Q_3d8718adcc8a8f2d42e8,2,1,2014-04-16,2014-04-16,1,False
train,Q_3d905fab790b2852dc9d,2,1,2014-03-05,2014-03-05,1,False
train,Q_3d95830cebfd683d47dd,2,1,2012-07-11,2012-07-11,1,False
train,Q_3d9db3ae5941a1b61d3d,2,1,2014-01-01,2014-01-01,1,False
train,Q_3dad033f245e46f32ed9,2,1,2016-01-27,2016-01-27,1,False
train,Q_3dbce82357509a3d6a96,2,1,2016-06-01,2016-06-01,1,False
train,Q_3dc409af71567c2850eb,2,1,2016-06-22,2016-06-22,1,False
train,Q_3dc618f6d4efd99c3e3f,2,1,2016-02-24,2016-02-24,1,False
train,Q_3dcaffa6ff2315de58c3,2,1,2014-04-23,2014-04-23,1,False
train,Q_3de527903a07c4519ca1,2,1,2015-06-17,2015-06-17,1,False
train,Q_3de9763ab38a97df2067,2,1,2013-04-03,2013-04-03,1,False
train,Q_3dec45ef701becec9227,2,1,2012-09-26,2012-09-26,1,False
train,Q_3dec73fb9f23cbe1aea7,2,1,2014-10-15,2014-10-15,1,False
train,Q_3df47283fca8ff61f8a5,2,1,2013-02-06,2013-02-06,1,False
train,Q_3dfa52ab1be528e9932b,2,1,2016-03-16,2016-03-16,1,False
train,Q_3e034f008a81baf7345c,2,1,2014-05-07,2014-05-07,1,False
train,Q_3e03b4063e22df9ff1a0,2,1,2013-03-20,2013-03-20,1,False
train,Q_3e0a6aae68f959838372,2,1,2016-02-03,2016-02-03,1,False
train,Q_3e13b7d1cf679a947162,2,1,2013-12-18,2013-12-18,1,False
train,Q_3e17d1cb3d3d38ea9659,2,1,2015-04-29,2015-04-29,1,False
train,Q_3e1f747147039148a049,2,1,2014-11-12,2014-11-12,1,False
train,Q_3e2a140647a8e8fd36e0,2,1,2015-03-04,2015-03-04,1,False
train,Q_3e47b6beb211df86aeeb,2,1,2013-09-25,2013-09-25,1,False
train,Q_3e684434db3509de2bf2,2,1,2014-08-27,2014-08-27,1,False
train,Q_3e6b0dea8011a1bf4ac5,2,1,2014-04-09,2014-04-09,1,False
train,Q_3e706bd2f6b7b95a3c26,2,1,2013-11-27,2013-11-27,1,False
train,Q_3e77ffc37d60c3737955,2,1,2015-04-29,2015-04-29,1,False
train,Q_3e8ccea4e2b36aa0c915,2,1,2013-12-11,2013-12-11,1,False
train,Q_3e9235de6b21ccb4e969,2,1,2015-05-27,2015-05-27,1,False
train,Q_3e96596af2ad24b35f04,2,1,2016-06-01,2016-06-01,1,False
train,Q_3ec29e1cea83d1d1c2f1,2,1,2015-02-18,2015-02-18,1,False
train,Q_3ecafadd0f2ce4d0de3d,2,1,2012-12-19,2012-12-19,1,False
train,Q_3edc8ca6937497915534,2,1,2012-12-19,2012-12-19,1,False
train,Q_3ee24c772d4f289dc8c4,2,1,2013-08-28,2013-08-28,1,False
train,Q_3ee26768c8fd7d932dd8,2,1,2013-06-26,2013-06-26,1,False
train,Q_3efbba6043a393b60439,2,1,2015-11-18,2015-11-18,1,False
train,Q_3eff542951523915f0a6,2,1,2014-12-31,2014-12-31,1,False
train,Q_3f0b9666fb9413961150,2,1,2014-05-21,2014-05-21,1,False
train,Q_3f0ec5dd1a85a2905460,2,1,2015-07-15,2015-07-15,1,False
train,Q_3f201a8b62084cb9b96d,4,2,2012-07-25,2015-07-22,2,True
train,Q_3f24d5b574bae529f5e3,2,1,2014-09-24,2014-09-24,1,False
train,Q_3f25d0ddd0df71b23b9e,2,1,2016-01-06,2016-01-06,1,False
train,Q_3f31ff01d031ef8bc156,2,1,2015-09-16,2015-09-16,1,False
train,Q_3f3a8e8226b0210aed85,2,1,2016-06-01,2016-06-01,1,False
train,Q_3f3d668d2f2b5bbd6ebb,2,1,2013-03-20,2013-03-20,1,False
train,Q_3f3f358dfdfe7c0a575a,2,1,2014-11-19,2014-11-19,1,False
train,Q_3f58f6350004e2a81b0a,2,1,2014-01-22,2014-01-22,1,False
train,Q_3f5beca27525e22e4571,2,1,2016-03-16,2016-03-16,1,False
train,Q_3f65e2266dfa57a4f846,2,1,2016-09-21,2016-09-21,1,False
train,Q_3f75e1fb29dde7ae7cf8,2,1,2014-07-30,2014-07-30,1,False
train,Q_3f901ddf47dac1c01c41,2,1,2016-04-20,2016-04-20,1,False
train,Q_3f910c9de6508f6ab512,2,1,2016-02-03,2016-02-03,1,False
train,Q_3f92d8635600438fcf2f,2,1,2013-07-31,2013-07-31,1,False
train,Q_3f972adc13b80cf5c4fc,2,1,2016-03-23,2016-03-23,1,False
train,Q_3f9d859ae37ed85cc809,2,1,2015-12-09,2015-12-09,1,False
train,Q_3fb962707b0459be5094,2,1,2012-12-26,2012-12-26,1,False
train,Q_3fc210c7e4a49f64434e,2,1,2015-11-18,2015-11-18,1,False
train,Q_3fc5df0ab369c0e1e26a,2,1,2015-03-04,2015-03-04,1,False
train,Q_3fc6661216e355884280,2,1,2015-01-14,2015-01-14,1,False
train,Q_3fd4bf6ae051ba484c67,2,1,2014-10-15,2014-10-15,1,False
train,Q_3fdb0d16fb2fdbc030e0,2,1,2013-10-30,2013-10-30,1,False
train,Q_3fe48eb5e5d76675cf3e,2,1,2013-08-28,2013-08-28,1,False
train,Q_3fe92cd9328179a37ed2,2,1,2014-04-16,2014-04-16,1,False
train,Q_3fee3bc7df9c4c9cd7eb,2,1,2013-09-18,2013-09-18,1,False
train,Q_3ffc6fe30d0518d716ed,2,1,2015-06-17,2015-06-17,1,False
train,Q_40031b8c71ce7fa270f2,2,1,2016-05-25,2016-05-25,1,False
train,Q_400ad9a420f9a27fdfdc,2,1,2016-06-01,2016-06-01,1,False
train,Q_4017f8981d912bd355a5,2,1,2015-04-15,2015-04-15,1,False
train,Q_4024617c849ad72ef8f8,2,1,2015-07-01,2015-07-01,1,False
train,Q_402b00db962b18379165,2,1,2016-02-17,2016-02-17,1,False
train,Q_4030c2957cddedf07ac4,2,1,2013-01-30,2013-01-30,1,False
train,Q_4033120d1703172dc074,2,1,2014-09-17,2014-09-17,1,False
train,Q_4037d0a8cd98d016db35,2,1,2014-04-30,2014-04-30,1,False
train,Q_4047cc25cbceb671bef0,2,1,2016-03-02,2016-03-02,1,False
train,Q_404d48101f5533354bdc,2,1,2016-06-29,2016-06-29,1,False
train,Q_4054d56146edc06a7d97,2,1,2014-06-04,2014-06-04,1,False
train,Q_406edf70345ca37ed2d2,2,1,2015-01-14,2015-01-14,1,False
train,Q_4086103084ef80fad368,2,1,2013-08-28,2013-08-28,1,False
train,Q_4086fa482acc4d2efde0,2,1,2013-11-20,2013-11-20,1,False
train,Q_408b9cd0be75ffb4c671,2,1,2014-12-31,2014-12-31,1,False
train,Q_408c127b5c437cac2112,2,1,2014-04-09,2014-04-09,1,False
train,Q_409169003f39ab413fce,2,1,2014-12-31,2014-12-31,1,False
train,Q_4092b9d68da066bff8d9,2,1,2014-03-05,2014-03-05,1,False
train,Q_4093cdcbb223735c1882,2,1,2016-02-24,2016-02-24,1,False
train,Q_4099d9657456b446455d,2,1,2016-08-31,2016-08-31,1,False
train,Q_409e50f60a5ad64aa9c0,2,1,2015-12-16,2015-12-16,1,False
train,Q_40a1ab77ee0b72dd2f2c,2,1,2014-09-24,2014-09-24,1,False
train,Q_40a9055f1ce3a4e163f4,2,1,2015-02-25,2015-02-25,1,False
train,Q_40b7d7dd1d0e11323731,2,1,2012-11-14,2012-11-14,1,False
train,Q_40cb5ce74e86e386afb9,2,1,2015-10-07,2015-10-07,1,False
train,Q_40d306eb1ce50131559e,2,1,2013-09-04,2013-09-04,1,False
train,Q_40e8879057034705251c,2,1,2014-10-08,2014-10-08,1,False
train,Q_40ef9560f1964b8d5a69,2,1,2013-11-06,2013-11-06,1,False
train,Q_40f0a253e90808ed2b85,2,1,2014-12-03,2014-12-03,1,False
train,Q_40f28ac5eacf108e3722,2,1,2014-12-10,2014-12-10,1,False
train,Q_40f5c1df581b40305626,2,1,2014-01-15,2014-01-15,1,False
train,Q_40fa88c17f59630aa68d,2,1,2015-06-03,2015-06-03,1,False
train,Q_40fd7891964461c5a362,2,1,2013-10-02,2013-10-02,1,False
train,Q_41064aa1d18778e9f586,2,1,2016-04-13,2016-04-13,1,False
train,Q_4107fd56fa43a9935aed,2,1,2015-08-12,2015-08-12,1,False
train,Q_4114cae564bec4898735,2,1,2013-01-30,2013-01-30,1,False
train,Q_41151542138e9399b666,2,1,2016-03-23,2016-03-23,1,False
train,Q_4117a732eb4cdaa08fd0,2,1,2013-11-27,2013-11-27,1,False
train,Q_4128551d0254ed03dc8a,2,1,2015-06-24,2015-06-24,1,False
train,Q_4139a11995c7213aa984,2,1,2016-01-13,2016-01-13,1,False
train,Q_413c6af376a4d41e7330,2,1,2014-04-23,2014-04-23,1,False
train,Q_413cc487eb9ae249ddb5,2,1,2014-12-03,2014-12-03,1,False
train,Q_4146446d6745c06ba75d,2,1,2012-10-10,2012-10-10,1,False
train,Q_414dc53db5353bfe9518,2,1,2015-06-24,2015-06-24,1,False
train,Q_4150614699912936c9be,2,1,2014-04-23,2014-04-23,1,False
train,Q_4152837a075a2c62c4bf,2,1,2016-05-11,2016-05-11,1,False
train,Q_4165ba121ffff700b90b,2,1,2016-06-01,2016-06-01,1,False
train,Q_416eed9d8f5433d5d746,2,1,2013-05-08,2013-05-08,1,False
train,Q_4171bfe77d6472b1cce6,2,1,2016-01-27,2016-01-27,1,False
train,Q_4188573bb02eecd7058e,2,1,2013-10-23,2013-10-23,1,False
train,Q_4189173bc0f85cfcd327,2,1,2014-10-15,2014-10-15,1,False
train,Q_418bbbaab3e0923b0cc4,2,1,2014-04-16,2014-04-16,1,False
train,Q_41943b11f179f81bceba,2,1,2013-10-02,2013-10-02,1,False
train,Q_41a6197e73ab87e1b3b1,2,1,2013-03-20,2013-03-20,1,False
train,Q_41b3d03529a416980f0a,2,1,2015-01-14,2015-01-14,1,False
train,Q_41bed95df201dea39e15,2,1,2014-11-19,2014-11-19,1,False
train,Q_41c84bfb2264f0178064,2,1,2013-12-11,2013-12-11,1,False
train,Q_41e93fc4f263f2594d5f,2,1,2016-08-31,2016-08-31,1,False
train,Q_41eba227de228ee4ade4,2,1,2015-05-20,2015-05-20,1,False
train,Q_41ee88b1d04b30458a67,2,1,2012-12-19,2012-12-19,1,False
train,Q_41f06df310dc8a99352d,2,1,2015-02-18,2015-02-18,1,False
train,Q_42019eccdfa5d8f188de,2,1,2016-06-29,2016-06-29,1,False
train,Q_420427ac453eee2068bd,2,1,2016-09-14,2016-09-14,1,False
train,Q_42078e795165f7e41ffd,2,1,2016-06-08,2016-06-08,1,False
train,Q_420a8c21554cd11c0bb7,2,1,2012-10-31,2012-10-31,1,False
train,Q_420c98beb05c7c3424e4,2,1,2015-04-29,2015-04-29,1,False
train,Q_42121802332e8dd7fea1,2,1,2016-09-14,2016-09-14,1,False
train,Q_421c1cdfe774a6ad6f6d,2,1,2015-09-02,2015-09-02,1,False
train,Q_421e2828ea7dd841b886,2,1,2016-03-02,2016-03-02,1,False
train,Q_42232d9f9b3b8ed04e65,2,1,2014-10-15,2014-10-15,1,False
train,Q_4224b00fc26f772d8ba2,2,1,2015-02-04,2015-02-04,1,False
train,Q_422550b9d6b1175ab641,2,1,2016-01-13,2016-01-13,1,False
train,Q_422712e0bbd599533de7,2,1,2014-05-28,2014-05-28,1,False
train,Q_422d0505cbe4ae30a84c,2,1,2015-01-07,2015-01-07,1,False
train,Q_4230119c8af4541c452d,2,1,2013-07-24,2013-07-24,1,False
train,Q_423f291f185774673a15,2,1,2015-07-01,2015-07-01,1,False
train,Q_4247f9af14d8dbbfe278,2,1,2012-08-15,2012-08-15,1,False
train,Q_4266d890e100ff8e901b,2,1,2014-05-07,2014-05-07,1,False
train,Q_426e682cca888eb0a313,2,1,2013-02-13,2013-02-13,1,False
train,Q_42860a3a81e0d042999e,2,1,2013-06-12,2013-06-12,1,False
train,Q_42a77115e1176a41290c,2,1,2013-09-25,2013-09-25,1,False
train,Q_42a8193e2f68f1de5725,2,1,2013-12-25,2013-12-25,1,False
train,Q_42a9c866e5d6b7b2ddc7,2,1,2012-12-05,2012-12-05,1,False
train,Q_42adbcf963158fc9389b,4,2,2013-09-18,2013-11-27,2,True
train,Q_42b2ca946676ddb8c6fe,2,1,2016-09-07,2016-09-07,1,False
train,Q_42b52f576c0b4de93227,2,1,2014-09-17,2014-09-17,1,False
train,Q_42b89750d36cd4ccdcae,2,1,2014-10-29,2014-10-29,1,False
train,Q_42c61f1ff03389426b18,2,1,2014-06-25,2014-06-25,1,False
train,Q_42d3d050f5aa413666cc,2,1,2016-04-27,2016-04-27,1,False
train,Q_42d99e171922b149a132,2,1,2014-03-12,2014-03-12,1,False
train,Q_42e93bf4cd5b038c75e6,2,1,2016-04-27,2016-04-27,1,False
train,Q_42f53a91653ac0689788,2,1,2013-10-02,2013-10-02,1,False
train,Q_42f69a324a4d2d9db3fc,2,1,2015-08-05,2015-08-05,1,False
train,Q_43177fc4424bf683b65c,2,1,2013-04-24,2013-04-24,1,False
train,Q_431b1fa62393d2ac4269,2,1,2016-03-30,2016-03-30,1,False
train,Q_4325db90e5df7c022b50,2,1,2013-06-26,2013-06-26,1,False
train,Q_432f3614321a1010e301,2,1,2016-02-17,2016-02-17,1,False
train,Q_43398ec0c971055ab1b3,2,1,2014-02-05,2014-02-05,1,False
train,Q_434d72526d42bf96acfc,2,1,2015-02-25,2015-02-25,1,False
train,Q_43504abc495726c9d72d,2,1,2012-08-29,2012-08-29,1,False
train,Q_435cdc8afe83aeadc85b,2,1,2014-02-05,2014-02-05,1,False
train,Q_435e3b1ccd779754d5f7,2,1,2015-07-29,2015-07-29,1,False
train,Q_435ed8d92591c43fff65,2,1,2013-10-23,2013-10-23,1,False
train,Q_4365f6c0bd58385cc8f5,2,1,2014-01-01,2014-01-01,1,False
train,Q_4368f833fdafb2555d37,2,1,2013-02-13,2013-02-13,1,False
train,Q_436eadeb7e14d12c5aa2,2,1,2015-09-09,2015-09-09,1,False
train,Q_4376fb6013c4d282d304,2,1,2016-04-20,2016-04-20,1,False
train,Q_43772f88f7e89eb4201a,2,1,2014-12-24,2014-12-24,1,False
train,Q_43781c8e71e271f76e06,2,1,2015-10-07,2015-10-07,1,False
train,Q_437941c0136103f41fe1,2,1,2014-02-05,2014-02-05,1,False
train,Q_43794f040c69c92df0f8,2,1,2014-10-01,2014-10-01,1,False
train,Q_437d7af5252b7253ad8e,2,1,2013-07-24,2013-07-24,1,False
train,Q_4385dc66eec0fed0cfdb,2,1,2013-03-06,2013-03-06,1,False
train,Q_43867abba13aab0fa069,2,1,2014-04-23,2014-04-23,1,False
train,Q_438a68af81507d7559a1,2,1,2015-04-08,2015-04-08,1,False
train,Q_438ca4af15f6e31800ee,2,1,2012-08-08,2012-08-08,1,False
train,Q_43912bc89b6acba1edb1,2,1,2014-01-15,2014-01-15,1,False
train,Q_43952f2939e4d745c9c7,2,1,2015-06-10,2015-06-10,1,False
train,Q_439a54fc4b17e1df9d81,2,1,2012-12-05,2012-12-05,1,False
train,Q_43a0abf21365df44115f,2,1,2013-10-23,2013-10-23,1,False
train,Q_43a99996103541381e15,2,1,2012-07-04,2012-07-04,1,False
train,Q_43b3db7fa7043249cb6d,2,1,2012-10-10,2012-10-10,1,False
train,Q_43b3e33114463b6b4ad8,2,1,2015-09-23,2015-09-23,1,False
train,Q_43b43d5b077b299e9f2f,2,1,2012-10-10,2012-10-10,1,False
train,Q_43b70edceaf0853f562a,2,1,2016-01-20,2016-01-20,1,False
train,Q_43b93bc4a832d719dee2,2,1,2016-06-29,2016-06-29,1,False
train,Q_43ba64fafcd765b5b7e2,2,1,2013-03-20,2013-03-20,1,False
train,Q_43bf9e963bad7e8fe1db,2,1,2013-08-07,2013-08-07,1,False
train,Q_43ca1db8588ad7cf9d63,2,1,2016-03-02,2016-03-02,1,False
train,Q_43dcc1fae6bbcda45515,2,1,2012-10-03,2012-10-03,1,False
train,Q_43e1357fd66693373494,2,1,2015-07-29,2015-07-29,1,False
train,Q_43e5a244d05df2539498,2,1,2015-07-01,2015-07-01,1,False
train,Q_43ecd3145ec7e9662c1a,2,1,2013-05-01,2013-05-01,1,False
train,Q_43f63ee1e96ce9ef7003,2,1,2016-04-13,2016-04-13,1,False
train,Q_43f79cca96ff4cae22ae,4,1,2014-10-15,2014-10-15,2,False
train,Q_43f7be6c5141d22db495,2,1,2015-08-05,2015-08-05,1,False
train,Q_43fa7be39d2bee7dbae6,2,1,2014-09-17,2014-09-17,1,False
train,Q_440ccd9289c4ba49d2a3,2,1,2015-11-18,2015-11-18,1,False
train,Q_440e36ed6183df777286,2,1,2013-03-13,2013-03-13,1,False
train,Q_440e5c7f11090795ab90,2,1,2015-12-02,2015-12-02,1,False
train,Q_4410cc6faa1ec0e8857d,2,1,2014-06-25,2014-06-25,1,False
train,Q_4417521c3e230d2d58c0,2,1,2016-03-02,2016-03-02,1,False
train,Q_4418eede798117c14379,2,1,2013-10-23,2013-10-23,1,False
train,Q_441aa517b18d51b2b9e9,2,1,2012-12-26,2012-12-26,1,False
train,Q_441edff0c74fd13a368a,2,1,2013-04-24,2013-04-24,1,False
train,Q_442680ddec7b56df3c84,2,1,2013-08-28,2013-08-28,1,False
train,Q_442a0d16d4c993636b20,2,1,2014-12-24,2014-12-24,1,False
train,Q_443318bc8be6a6b47fc3,2,1,2013-06-19,2013-06-19,1,False
train,Q_4434c48ee9458077aa45,2,1,2014-05-21,2014-05-21,1,False
train,Q_445bb7ea4fbacd131315,2,1,2013-12-11,2013-12-11,1,False
train,Q_445cefd5a06e1e9ef291,2,1,2013-02-20,2013-02-20,1,False
train,Q_4469decfde8749295a08,2,1,2013-03-20,2013-03-20,1,False
train,Q_447643cf36cfda573634,2,1,2013-06-26,2013-06-26,1,False
train,Q_4481d0c5de1de8f537f0,2,1,2015-06-24,2015-06-24,1,False
train,Q_448c0dcd9c2bb6ecb8d6,2,1,2015-09-09,2015-09-09,1,False
train,Q_448d94fc236c28916255,2,1,2013-04-24,2013-04-24,1,False
train,Q_4494c29e33549985f09d,2,1,2012-11-28,2012-11-28,1,False
train,Q_4496b54a4d4e0540bf89,2,1,2014-04-23,2014-04-23,1,False
train,Q_449da211ba45e3f248d5,2,1,2013-11-13,2013-11-13,1,False
train,Q_44a2066607958c8d9ebb,2,1,2013-11-13,2013-11-13,1,False
train,Q_44a6771d31d3fbd51651,2,1,2013-10-02,2013-10-02,1,False
train,Q_44b86732045ddc440a94,2,1,2013-10-23,2013-10-23,1,False
train,Q_44c4e079f183dde1632a,2,1,2016-06-08,2016-06-08,1,False
train,Q_44cec52fc5d33e8cdfe3,2,1,2016-07-27,2016-07-27,1,False
train,Q_44d21a83bb4167e68021,2,1,2015-12-02,2015-12-02,1,False
train,Q_44f06b1fb428fd53833f,2,1,2014-12-17,2014-12-17,1,False
train,Q_44f361117724126eff92,2,1,2015-03-18,2015-03-18,1,False
train,Q_44f5e8bccefbbde7ce36,2,1,2014-05-21,2014-05-21,1,False
train,Q_44f9673e1e94f7e26fb3,2,1,2014-06-11,2014-06-11,1,False
train,Q_44fc437d13ba3925ed4d,4,2,2014-07-09,2014-09-03,2,True
train,Q_44fd22a1ed20df9ff166,2,1,2014-01-29,2014-01-29,1,False
train,Q_44fda12fc29167adc969,2,1,2015-11-18,2015-11-18,1,False
train,Q_44fe1f80dfef6fb876ee,2,1,2013-05-29,2013-05-29,1,False
train,Q_44fe633f14761f80f7e3,2,1,2015-12-30,2015-12-30,1,False
train,Q_4505a41b91c6078de0d7,2,1,2014-09-10,2014-09-10,1,False
train,Q_4509499c91feb42b2df1,2,1,2014-02-05,2014-02-05,1,False
train,Q_450b2bb7b712fa042386,2,1,2016-02-10,2016-02-10,1,False
train,Q_4512112f73ab25bde04b,2,1,2012-07-25,2012-07-25,1,False
train,Q_4512e7b27cb93be494a8,2,1,2016-04-20,2016-04-20,1,False
train,Q_4515a7fec36ba64cd89b,2,1,2014-12-31,2014-12-31,1,False
train,Q_451a6f1f87fd8467cbf8,2,1,2015-06-10,2015-06-10,1,False
train,Q_451c83a1dce7982a019a,2,1,2015-12-30,2015-12-30,1,False
train,Q_451fc117d82cd585c8a1,2,1,2016-06-22,2016-06-22,1,False
train,Q_452bf1ef6bcbcea9b0f7,2,1,2013-07-10,2013-07-10,1,False
train,Q_4538160c98a94aa0d98a,2,1,2014-08-06,2014-08-06,1,False
train,Q_4539ae3549b099cd693d,2,1,2014-05-28,2014-05-28,1,False
train,Q_454920e449db6adc9930,2,1,2013-03-20,2013-03-20,1,False
train,Q_454b2ddb9001ad10c970,2,1,2016-05-04,2016-05-04,1,False
train,Q_454e66d33c7103b8a21b,2,1,2016-03-30,2016-03-30,1,False
train,Q_454f66b46df810018716,2,1,2015-09-16,2015-09-16,1,False
train,Q_455073241f59c9334801,2,1,2014-05-21,2014-05-21,1,False
train,Q_455ed32b7eb931eb279a,2,1,2014-11-19,2014-11-19,1,False
train,Q_455ef110938afd64183f,2,1,2013-12-11,2013-12-11,1,False
train,Q_456e5b204a830f819fba,2,1,2016-04-13,2016-04-13,1,False
train,Q_457426a1a0fdce79959b,2,1,2014-10-22,2014-10-22,1,False
train,Q_45784d8abb1a13579a63,2,1,2015-07-29,2015-07-29,1,False
train,Q_45785f831a985fc0ed49,2,1,2013-11-13,2013-11-13,1,False
train,Q_4578b8ba55d4ba72cd4c,2,1,2013-11-06,2013-11-06,1,False
train,Q_4580c40965b368940cd3,2,1,2015-04-01,2015-04-01,1,False
train,Q_458b353a62b67c303bbd,2,1,2012-08-01,2012-08-01,1,False
train,Q_459dcbf88672c61dc333,2,1,2012-09-26,2012-09-26,1,False
train,Q_45a5d0ff98c9d94a8fd2,2,1,2014-04-09,2014-04-09,1,False
train,Q_45ac996fe2aadbd17992,2,1,2014-01-01,2014-01-01,1,False
train,Q_45c9d5f974f78b7b209f,2,1,2014-07-23,2014-07-23,1,False
train,Q_45cffccf3a1c7e8cfba7,2,1,2016-08-03,2016-08-03,1,False
train,Q_45d08395b9f2ebae4624,2,1,2015-03-18,2015-03-18,1,False
train,Q_45d3635ddd6299e55546,2,1,2013-09-04,2013-09-04,1,False
train,Q_45dedaa2ad3c1eaf86a5,2,1,2015-12-09,2015-12-09,1,False
train,Q_45f204d2ddd8fd288cba,2,1,2014-11-26,2014-11-26,1,False
train,Q_45f62e19cb0d84bb1b64,2,1,2015-05-06,2015-05-06,1,False
train,Q_4603e45cd7e267834ec4,2,1,2013-02-27,2013-02-27,1,False
train,Q_460e19b5e483f85ea40e,2,1,2012-09-26,2012-09-26,1,False
train,Q_461482d98924cee64e01,2,1,2014-06-18,2014-06-18,1,False
train,Q_461703e98f809563694e,2,1,2016-06-01,2016-06-01,1,False
train,Q_4619b0b6a69de77adee2,2,1,2012-07-04,2012-07-04,1,False
train,Q_4626aef5a207cea50519,2,1,2016-06-22,2016-06-22,1,False
train,Q_462c53fb52b35c6b7955,2,1,2013-04-24,2013-04-24,1,False
train,Q_462f5e244605233c95c6,2,1,2014-05-07,2014-05-07,1,False
train,Q_462ff29e64d2b492a56c,2,1,2016-08-24,2016-08-24,1,False
train,Q_463b15a87bd2a8270822,2,1,2016-01-06,2016-01-06,1,False
train,Q_46471fac90dcd6c58b9c,2,1,2014-09-10,2014-09-10,1,False
train,Q_464fcc226a47ee2b4147,2,1,2015-04-15,2015-04-15,1,False
train,Q_465c347715fc2fefd7ad,2,1,2014-04-16,2014-04-16,1,False
train,Q_466ac0499c02fb4dd31f,2,1,2015-07-08,2015-07-08,1,False
train,Q_466df2b7e65d1ff79839,2,1,2013-06-19,2013-06-19,1,False
train,Q_466eb2d5e1174c78c95a,2,1,2015-05-06,2015-05-06,1,False
train,Q_467f3e7eb8a37f55e9c2,2,1,2015-11-25,2015-11-25,1,False
train,Q_468c32755f8772a00f31,2,1,2016-07-27,2016-07-27,1,False
train,Q_469033e68ebe646e7aaa,2,1,2012-10-10,2012-10-10,1,False
train,Q_469102e36c8146f49680,2,1,2014-02-05,2014-02-05,1,False
train,Q_469f43dd9b60051d78fe,2,1,2014-10-15,2014-10-15,1,False
train,Q_46a6aacb46755a80f45d,2,1,2016-02-24,2016-02-24,1,False
train,Q_46b7bbacdee72aa25c51,2,1,2015-12-02,2015-12-02,1,False
train,Q_46ba0be089c049ecc1ff,2,1,2015-12-02,2015-12-02,1,False
train,Q_46bb3654367fb2577ae7,2,1,2015-01-14,2015-01-14,1,False
train,Q_46bef87a15df5bdf2be2,2,1,2016-02-03,2016-02-03,1,False
train,Q_46bef969d6b5c515e00f,2,1,2016-04-27,2016-04-27,1,False
train,Q_46ce0665afbf0a8a3c44,2,1,2016-06-08,2016-06-08,1,False
train,Q_46d62d126e87f3c8af0a,2,1,2014-10-15,2014-10-15,1,False
train,Q_46d8458656b9700ad0a2,2,1,2016-02-10,2016-02-10,1,False
train,Q_46dac4e374aa40f40919,2,1,2013-10-30,2013-10-30,1,False
train,Q_46e164d7796f5f08dc51,2,1,2013-12-04,2013-12-04,1,False
train,Q_46e2e3e177dd48920c7f,2,1,2014-10-01,2014-10-01,1,False
train,Q_46eb3422623ef8fc8612,2,1,2016-05-25,2016-05-25,1,False
train,Q_46f28c776f1d03548386,2,1,2014-06-18,2014-06-18,1,False
train,Q_46f89f8b9f80d101ad74,2,1,2013-10-09,2013-10-09,1,False
train,Q_46f92a64968dbcd2b26f,2,1,2014-01-15,2014-01-15,1,False
train,Q_470b73a3dfcabadba227,2,1,2013-01-23,2013-01-23,1,False
train,Q_470cb49cd93862df2cce,2,1,2015-04-29,2015-04-29,1,False
train,Q_470f572479160e4e2143,2,1,2015-11-25,2015-11-25,1,False
train,Q_47155b8e5d735c5fe4b2,2,1,2014-08-06,2014-08-06,1,False
train,Q_4719f5b9dab2e1b1bbeb,2,1,2012-07-04,2012-07-04,1,False
train,Q_4722728843942b47664a,2,1,2013-06-19,2013-06-19,1,False
train,Q_4722a6577aa3e3f1149d,2,1,2014-12-03,2014-12-03,1,False
train,Q_4749d26b1f123274c251,2,1,2012-09-19,2012-09-19,1,False
train,Q_474bde7fed3db66171aa,2,1,2016-09-21,2016-09-21,1,False
train,Q_47539b8492feadfbf1a0,2,1,2015-05-13,2015-05-13,1,False
train,Q_47623fa92b1c58c11d8e,2,1,2014-04-09,2014-04-09,1,False
train,Q_476f77109f34bd3b60ed,2,1,2014-04-30,2014-04-30,1,False
train,Q_477af6dce053879e426c,2,1,2015-02-11,2015-02-11,1,False
train,Q_477c3c5abbb452e7a170,2,1,2016-04-06,2016-04-06,1,False
train,Q_47873af35a0ebfc9e45f,2,1,2014-08-06,2014-08-06,1,False
train,Q_478d63da1a709b51b955,2,1,2013-08-21,2013-08-21,1,False
train,Q_47a1a949c96786c2c465,2,1,2014-06-04,2014-06-04,1,False
train,Q_47a7efc0ecc662a6e33b,2,1,2013-06-19,2013-06-19,1,False
train,Q_47b1ffb5ebde4afbe477,2,1,2015-06-24,2015-06-24,1,False
train,Q_47b7a0a7a99fe1878e4d,2,1,2015-03-18,2015-03-18,1,False
train,Q_47b7f96b7248e45b1603,2,1,2014-02-05,2014-02-05,1,False
train,Q_47b93670ce4546ab71af,2,1,2016-01-06,2016-01-06,1,False
train,Q_47c1f3d2e6c632f56ab1,2,1,2013-11-06,2013-11-06,1,False
train,Q_47c38c02f60cb9e45718,2,1,2015-09-16,2015-09-16,1,False
train,Q_47c936cce78a2852e118,2,1,2013-01-30,2013-01-30,1,False
train,Q_47ca4fce17ba34fa1801,2,1,2013-09-18,2013-09-18,1,False
train,Q_47d05dfad32e6de52f89,2,1,2016-01-20,2016-01-20,1,False
train,Q_47d3830124698758bead,2,1,2015-03-25,2015-03-25,1,False
train,Q_47deffdb6bd5e1b3748f,2,1,2016-06-22,2016-06-22,1,False
train,Q_47df6a076b738b5363bc,2,1,2014-06-18,2014-06-18,1,False
train,Q_47df9969d9f4fd9e2e67,2,1,2013-06-19,2013-06-19,1,False
train,Q_47ea0ae3a65c6e5b0ee4,2,1,2014-11-19,2014-11-19,1,False
train,Q_47ec794b254bc9fc9b40,2,1,2015-08-05,2015-08-05,1,False
train,Q_47f358f02909fb35a617,2,1,2016-09-07,2016-09-07,1,False
train,Q_47f5bbe71a882b63d05a,2,1,2016-08-03,2016-08-03,1,False
train,Q_47f7862de369b83419c6,2,1,2012-09-26,2012-09-26,1,False
train,Q_47f923426fc976295aa6,2,1,2012-12-05,2012-12-05,1,False
train,Q_48037a71cf18f4e6992a,2,1,2015-10-14,2015-10-14,1,False
train,Q_480ee7c1710403d2d365,2,1,2015-04-15,2015-04-15,1,False
train,Q_481d2a7e146a0e12b8ac,2,1,2014-11-19,2014-11-19,1,False
train,Q_481fdf0e32dc7a12de04,2,1,2013-11-13,2013-11-13,1,False
train,Q_482ba50306a24eaae879,2,1,2012-07-25,2012-07-25,1,False
train,Q_4840ca70da4a159fdc1a,2,1,2014-12-17,2014-12-17,1,False
train,Q_4842c92612fbb198afc1,2,1,2016-04-13,2016-04-13,1,False
train,Q_48531e8a7f039325d019,2,1,2014-07-23,2014-07-23,1,False
train,Q_4856d1812411db718ca5,2,1,2016-02-24,2016-02-24,1,False
train,Q_4858daaf98fcf556ae17,2,1,2013-10-02,2013-10-02,1,False
train,Q_486653446e585ca830c1,2,1,2014-09-24,2014-09-24,1,False
train,Q_4867640b4763a365d53c,2,1,2015-09-16,2015-09-16,1,False
train,Q_48690249c1c2a04e39c1,4,2,2013-03-27,2014-01-15,2,True
train,Q_48720aeb8043974d8e30,2,1,2015-03-18,2015-03-18,1,False
train,Q_487475d9880151f62b70,2,1,2014-12-17,2014-12-17,1,False
train,Q_487dc7b2a1aaaf649779,2,1,2015-04-29,2015-04-29,1,False
train,Q_4892f434679be92a8182,2,1,2016-08-10,2016-08-10,1,False
train,Q_48a2f5a7f55dd396b2b1,2,1,2013-03-06,2013-03-06,1,False
train,Q_48a9f6b608287ebb7e69,2,1,2016-08-10,2016-08-10,1,False
train,Q_48b020a9d7ead41b2dba,2,1,2016-05-18,2016-05-18,1,False
train,Q_48bbfa09995a5f4cbe41,2,1,2013-09-04,2013-09-04,1,False
train,Q_48bc4db73169a96b2350,2,1,2015-02-18,2015-02-18,1,False
train,Q_48d4d5c97e37854e079b,2,1,2015-12-30,2015-12-30,1,False
train,Q_48dd9588aa2f566d678d,2,1,2014-09-10,2014-09-10,1,False
train,Q_48e39ade5dc4b56c7a34,2,1,2012-09-12,2012-09-12,1,False
train,Q_48f65023cb3942d14002,2,1,2013-03-20,2013-03-20,1,False
train,Q_48f716aea4e1855e7377,2,1,2013-06-05,2013-06-05,1,False
train,Q_48fb263cdbebb7072c23,2,1,2016-07-20,2016-07-20,1,False
train,Q_490191b59df4adc916ba,2,1,2012-10-03,2012-10-03,1,False
train,Q_490a3c7b1e47748e8789,2,1,2012-12-26,2012-12-26,1,False
train,Q_4914e0a652d1981ce16a,2,1,2016-01-13,2016-01-13,1,False
train,Q_493d692cc5ebfdab73f7,2,1,2016-08-24,2016-08-24,1,False
train,Q_493fee8475a8e0e1f125,2,1,2015-09-16,2015-09-16,1,False
train,Q_4941ea8387ca70ec2530,2,1,2013-01-23,2013-01-23,1,False
train,Q_4942683dfca9b364ec7e,2,1,2012-12-26,2012-12-26,1,False
train,Q_4943d20fd5975f832313,2,1,2013-04-10,2013-04-10,1,False
train,Q_494bae56888d5a205733,2,1,2015-04-22,2015-04-22,1,False
train,Q_49547549aeeb4e22d024,2,1,2013-10-23,2013-10-23,1,False
train,Q_4965052235c22bda573d,2,1,2013-04-24,2013-04-24,1,False
train,Q_496b65d2d68bd682505b,2,1,2015-03-18,2015-03-18,1,False
train,Q_496d5b146c0126fd4854,2,1,2015-02-04,2015-02-04,1,False
train,Q_496eb1f605ca3029e991,2,1,2015-05-06,2015-05-06,1,False
train,Q_496f9adecfecc7378e0f,2,1,2016-06-29,2016-06-29,1,False
train,Q_4977e9e528e059f23316,2,1,2015-02-11,2015-02-11,1,False
train,Q_497a2a4c010fa70e385e,2,1,2014-04-09,2014-04-09,1,False
train,Q_49842e19ff3c6cb6351d,2,1,2013-05-01,2013-05-01,1,False
train,Q_49884469a098882a4348,2,1,2013-10-09,2013-10-09,1,False
train,Q_4994d311223821eefa32,2,1,2014-10-15,2014-10-15,1,False
train,Q_4998b15c28c6cafa4966,2,1,2014-12-03,2014-12-03,1,False
train,Q_499b994914dd79225435,2,1,2012-09-05,2012-09-05,1,False
train,Q_499f3b0f99645e756a7e,2,1,2012-07-25,2012-07-25,1,False
train,Q_49ae88f06f3340b86807,2,1,2013-12-04,2013-12-04,1,False
train,Q_49b26109f854aa5da517,2,1,2013-12-18,2013-12-18,1,False
train,Q_49b27a177f3a139863e1,2,1,2016-03-02,2016-03-02,1,False
train,Q_49b94fdf4d8f176a93cf,2,1,2014-05-21,2014-05-21,1,False
train,Q_49c386a8f4a82ec65916,2,1,2013-05-01,2013-05-01,1,False
train,Q_49c42c0f3209d3a03cfb,2,1,2013-12-18,2013-12-18,1,False
train,Q_49c814b378b0142e154c,2,1,2015-02-11,2015-02-11,1,False
train,Q_49ddf70db9ef55130b81,2,1,2015-06-03,2015-06-03,1,False
train,Q_49ff35c5cd98fc878c23,2,1,2015-03-04,2015-03-04,1,False
train,Q_49fff85e2314052429c4,2,1,2013-03-20,2013-03-20,1,False
train,Q_4a04ac236f74f27c3441,2,1,2016-06-01,2016-06-01,1,False
train,Q_4a24a733b6c1f24d50e5,2,1,2012-09-26,2012-09-26,1,False
train,Q_4a27e293462c664f382a,2,1,2014-06-11,2014-06-11,1,False
train,Q_4a28d442f7789794adb8,2,1,2014-02-05,2014-02-05,1,False
train,Q_4a2b03222aeb787f5574,2,1,2015-11-25,2015-11-25,1,False
train,Q_4a2bd75971275c5d5ada,2,1,2012-08-22,2012-08-22,1,False
train,Q_4a2bdc15f155aa90e301,2,1,2014-09-10,2014-09-10,1,False
train,Q_4a32e04a8b3a70e74afd,2,1,2013-05-29,2013-05-29,1,False
train,Q_4a462d4f23ac4afa8354,2,1,2013-04-10,2013-04-10,1,False
train,Q_4a479e2b1c54c3428b0f,2,1,2015-07-01,2015-07-01,1,False
train,Q_4a492aa435ebe6669195,2,1,2013-02-13,2013-02-13,1,False
train,Q_4a4fa3e8768f6a890d99,2,1,2016-05-25,2016-05-25,1,False
train,Q_4a5422f1a0cee842571b,2,1,2015-01-21,2015-01-21,1,False
train,Q_4a5d8204a50dd403192d,2,1,2015-08-12,2015-08-12,1,False
train,Q_4a61a6902ae8f60cfb81,2,1,2016-03-09,2016-03-09,1,False
train,Q_4a6b4e21e4f857e496f7,2,1,2014-01-22,2014-01-22,1,False
train,Q_4a6b5f55042fe529aaba,2,1,2014-12-24,2014-12-24,1,False
train,Q_4a6c1241982ec0c3a515,2,1,2014-04-02,2014-04-02,1,False
train,Q_4a6fb49b22e5d717ec58,2,1,2015-11-25,2015-11-25,1,False
train,Q_4a70a0b49686e03885cc,2,1,2014-01-01,2014-01-01,1,False
train,Q_4a71df78f04910122632,2,1,2013-10-30,2013-10-30,1,False
train,Q_4a776ee0afa8fdb9216a,2,1,2015-07-29,2015-07-29,1,False
train,Q_4a785d45fd73c928d831,2,1,2014-12-31,2014-12-31,1,False
train,Q_4a7cabf5b3e624bdcf98,2,1,2015-01-14,2015-01-14,1,False
train,Q_4a7d052cbf5e91b04f1a,2,1,2012-07-04,2012-07-04,1,False
train,Q_4a81aaf6a9aa69a585ca,2,1,2016-03-30,2016-03-30,1,False
train,Q_4a91f2e4b9880eb691e6,2,1,2014-11-19,2014-11-19,1,False
train,Q_4a94e417b0065ad4ec02,2,1,2015-06-17,2015-06-17,1,False
train,Q_4a9920604293dd318e31,2,1,2016-01-27,2016-01-27,1,False
train,Q_4a9ba4af5678104459b3,2,1,2014-09-17,2014-09-17,1,False
train,Q_4a9ef301eccbb33b3e20,2,1,2016-09-21,2016-09-21,1,False
train,Q_4aa6ab66e61a646f49c2,2,1,2013-12-18,2013-12-18,1,False
train,Q_4aaddbe653b1d4aa5e3e,2,1,2016-01-27,2016-01-27,1,False
train,Q_4ab268f34ea4c75a19c1,2,1,2012-09-05,2012-09-05,1,False
train,Q_4abbed5103cc39a67922,2,1,2013-03-06,2013-03-06,1,False
train,Q_4ac2e24e9f03040e1d8d,2,1,2013-10-30,2013-10-30,1,False
train,Q_4acc7576854abf26f713,2,1,2014-11-19,2014-11-19,1,False
train,Q_4ad21bf209a015192fc9,2,1,2016-07-13,2016-07-13,1,False
train,Q_4adbd92af3f9c0ae692b,2,1,2012-07-25,2012-07-25,1,False
train,Q_4ae01b459015899277c8,2,1,2013-03-06,2013-03-06,1,False
train,Q_4ae14d149319e2f78fbc,2,1,2014-05-07,2014-05-07,1,False
train,Q_4af183f179e81d800ca5,2,1,2015-09-02,2015-09-02,1,False
train,Q_4b059a1c53940fc86e3f,2,1,2016-01-27,2016-01-27,1,False
train,Q_4b07f2f242827a63e6ee,2,1,2015-06-10,2015-06-10,1,False
train,Q_4b0a2cc6c783606b096e,2,1,2013-10-23,2013-10-23,1,False
train,Q_4b24230afc10396714e9,2,1,2013-06-12,2013-06-12,1,False
train,Q_4b28fd59e0b7e0beb147,2,1,2014-06-25,2014-06-25,1,False
train,Q_4b2d5f238fca00ba5eaf,2,1,2013-10-09,2013-10-09,1,False
train,Q_4b44ecc1a61de0de0f05,2,1,2014-04-09,2014-04-09,1,False
train,Q_4b463102862927a45d80,2,1,2016-03-30,2016-03-30,1,False
train,Q_4b5bb4f51b5325cbf6eb,2,1,2016-08-17,2016-08-17,1,False
train,Q_4b60146bd83ae7ce9c0e,2,1,2016-07-20,2016-07-20,1,False
train,Q_4b61a775c6f7363a7b93,2,1,2013-11-06,2013-11-06,1,False
train,Q_4b620dcbd92e422887bf,2,1,2013-06-12,2013-06-12,1,False
train,Q_4b65ef4851548e1878bb,2,1,2013-02-13,2013-02-13,1,False
train,Q_4b6e61e180bfa8ee3ebd,2,1,2016-08-03,2016-08-03,1,False
train,Q_4b806ece7b0f21def85a,2,1,2013-02-13,2013-02-13,1,False
train,Q_4b85e33448ffd593c69c,2,1,2014-06-11,2014-06-11,1,False
train,Q_4b883d97b1ba61f2fa88,2,1,2012-09-26,2012-09-26,1,False
train,Q_4b8e7570f01b151c407b,2,1,2014-12-17,2014-12-17,1,False
train,Q_4b8f49e8e0b66493ec89,2,1,2013-05-29,2013-05-29,1,False
train,Q_4b9c7f59541f273e62e0,2,1,2014-08-06,2014-08-06,1,False
train,Q_4bb3ac6933bea981fc27,2,1,2015-12-30,2015-12-30,1,False
train,Q_4bb430e8d67e2698c97f,2,1,2012-09-19,2012-09-19,1,False
train,Q_4bbbf4e9e0cdbcadf803,2,1,2012-08-29,2012-08-29,1,False
train,Q_4bc65acbbbdd3e6c9c3f,2,1,2016-03-23,2016-03-23,1,False
train,Q_4bc7ecec74816421b8af,2,1,2015-07-29,2015-07-29,1,False
train,Q_4bc99db8ddba6489cbd2,2,1,2015-05-20,2015-05-20,1,False
train,Q_4bce30b718b0c47c5838,2,1,2016-06-29,2016-06-29,1,False
train,Q_4be0da37bfaa1c336f2e,2,1,2016-04-13,2016-04-13,1,False
train,Q_4bf899614a05d2f6abf1,2,1,2013-08-28,2013-08-28,1,False
train,Q_4c00b457bddcf61823ef,2,1,2012-09-26,2012-09-26,1,False
train,Q_4c013370c3447fc571af,4,2,2014-07-09,2014-09-03,2,True
train,Q_4c0632e653e1065164f0,2,1,2014-10-01,2014-10-01,1,False
train,Q_4c0826ede2f0d4d72e9b,2,1,2016-04-27,2016-04-27,1,False
train,Q_4c0c90724307832ce442,2,1,2013-03-20,2013-03-20,1,False
train,Q_4c1751a4a22ed7d9c873,2,1,2016-05-25,2016-05-25,1,False
train,Q_4c2ca59b14c98fbadaa1,2,1,2016-07-06,2016-07-06,1,False
train,Q_4c31ac63bcc63e86cf25,2,1,2014-07-30,2014-07-30,1,False
train,Q_4c352778b5880b02e411,2,1,2014-10-15,2014-10-15,1,False
train,Q_4c38706a99ae83fb53d0,2,1,2014-04-23,2014-04-23,1,False
train,Q_4c38b0bd377f12d1ecac,2,1,2015-02-11,2015-02-11,1,False
train,Q_4c3f990bd2fb4aac8e0d,2,1,2014-06-04,2014-06-04,1,False
train,Q_4c421604f0c373c12e17,2,1,2016-06-29,2016-06-29,1,False
train,Q_4c4a942d4724424285c4,2,1,2016-03-30,2016-03-30,1,False
train,Q_4c55961335e474fb74bd,2,1,2013-06-26,2013-06-26,1,False
train,Q_4c5852d962d81ef83054,2,1,2013-07-31,2013-07-31,1,False
train,Q_4c5922f37d9f955d4aac,2,1,2012-09-19,2012-09-19,1,False
train,Q_4c60e44229d1e339a8e8,2,1,2014-06-04,2014-06-04,1,False
train,Q_4c6c7c2024a6f3f55af5,2,1,2013-03-20,2013-03-20,1,False
train,Q_4c80fab12290ff6f198e,2,1,2013-09-18,2013-09-18,1,False
train,Q_4c84e79dd0cc24b6e6ce,2,1,2014-08-20,2014-08-20,1,False
train,Q_4c8b851cc7c35d3d95db,2,1,2016-06-29,2016-06-29,1,False
train,Q_4c9a890886b05a034507,2,1,2015-06-03,2015-06-03,1,False
train,Q_4ca3ecda0b4715f2e3fe,2,1,2015-06-17,2015-06-17,1,False
train,Q_4ca7ca6371e566ae8395,2,1,2016-06-29,2016-06-29,1,False
train,Q_4cae5a63a515332bb26a,2,1,2013-03-06,2013-03-06,1,False
train,Q_4cbb267d1fa6898d5059,2,1,2014-07-30,2014-07-30,1,False
train,Q_4cc9da45a33f98da5578,2,1,2014-07-30,2014-07-30,1,False
train,Q_4cd1a46c38b320597275,2,1,2012-09-12,2012-09-12,1,False
train,Q_4cd33425ec17ff1ffbbd,2,1,2012-09-19,2012-09-19,1,False
train,Q_4ce12122b501a3f19401,2,1,2014-04-16,2014-04-16,1,False
train,Q_4cee7b38169496c6f39e,2,1,2013-03-13,2013-03-13,1,False
train,Q_4cfa3abefc3bd2f3a43a,2,1,2013-01-23,2013-01-23,1,False
train,Q_4d05b5a3629c55a33b5d,2,1,2016-05-18,2016-05-18,1,False
train,Q_4d0ed887647352b45efb,2,1,2015-11-18,2015-11-18,1,False
train,Q_4d1411d361c3ddbbf6f4,2,1,2016-06-29,2016-06-29,1,False
train,Q_4d19ef55b8dce04567c0,2,1,2013-11-20,2013-11-20,1,False
train,Q_4d21daa8f783a9989d04,2,1,2014-12-31,2014-12-31,1,False
train,Q_4d25c6f9bbafb3b27a87,2,1,2015-05-06,2015-05-06,1,False
train,Q_4d2b9f13c199e59e5bfc,2,1,2014-12-31,2014-12-31,1,False
train,Q_4d364b4df71647d3e44e,2,1,2016-04-13,2016-04-13,1,False
train,Q_4d3c041bbb170a1ccb13,2,1,2013-11-20,2013-11-20,1,False
train,Q_4d43df097255cb3fd9bb,2,1,2016-06-29,2016-06-29,1,False
train,Q_4d50e55edd46cb452ce9,2,1,2015-09-02,2015-09-02,1,False
train,Q_4d553abd43bec8fe9c4b,2,1,2014-06-25,2014-06-25,1,False
train,Q_4d5d0f0e59ca776a6f39,2,1,2015-11-04,2015-11-04,1,False
train,Q_4d61706ae33dbad34903,2,1,2013-10-30,2013-10-30,1,False
train,Q_4d6239eae597ae6f3714,2,1,2016-06-22,2016-06-22,1,False
train,Q_4d64c3f798774c0dec5c,2,1,2012-08-29,2012-08-29,1,False
train,Q_4d6b9a60afe9af6781fd,2,1,2014-04-16,2014-04-16,1,False
train,Q_4d73d068784626a76fc7,2,1,2016-01-27,2016-01-27,1,False
train,Q_4d77fc88c6370408a163,2,1,2015-04-08,2015-04-08,1,False
train,Q_4d7c73dc356233b9e85d,2,1,2016-01-27,2016-01-27,1,False
train,Q_4d8215c56bbcb8f20b6f,2,1,2015-12-09,2015-12-09,1,False
train,Q_4d85df6014b025998cd9,2,1,2013-11-20,2013-11-20,1,False
train,Q_4d85e98ba6e5cb57742a,2,1,2015-04-01,2015-04-01,1,False
train,Q_4d92fc2dd81914d248e4,2,1,2016-09-14,2016-09-14,1,False
train,Q_4da38c88b984e4242915,2,1,2015-07-08,2015-07-08,1,False
train,Q_4da8506d104efc2b7b49,2,1,2014-03-05,2014-03-05,1,False
train,Q_4da960dd5e66a58665aa,2,1,2013-06-26,2013-06-26,1,False
train,Q_4db919556b0829dffe28,2,1,2012-09-26,2012-09-26,1,False
train,Q_4dbf4deb3bbef9bf95f8,2,1,2016-05-25,2016-05-25,1,False
train,Q_4dc4fdbacd80c4af5d72,2,1,2014-05-07,2014-05-07,1,False
train,Q_4dc6f1c09b9be0b2de3d,2,1,2014-01-22,2014-01-22,1,False
train,Q_4dcd79ccbed9007fac1d,2,1,2013-08-07,2013-08-07,1,False
train,Q_4dcdc865c4c407ae8be6,2,1,2014-10-22,2014-10-22,1,False
train,Q_4dcfa8ad1086c3e737bc,2,1,2013-05-01,2013-05-01,1,False
train,Q_4dd70d23bd99815da5ea,2,1,2013-06-26,2013-06-26,1,False
train,Q_4de97ddbbe83080d30e2,2,1,2012-11-07,2012-11-07,1,False
train,Q_4dea5b6ad73f9cfe198f,2,1,2015-12-30,2015-12-30,1,False
train,Q_4e11b4ebf60d033ad329,2,1,2016-04-06,2016-04-06,1,False
train,Q_4e15e9a0badd6366ce67,2,1,2016-05-25,2016-05-25,1,False
train,Q_4e1e2758afc41be682a2,2,1,2013-05-29,2013-05-29,1,False
train,Q_4e36ef5715c21193aa0f,2,1,2014-05-28,2014-05-28,1,False
train,Q_4e3e6c7680715fa718a6,2,1,2014-10-29,2014-10-29,1,False
train,Q_4e4098645aff56740acf,2,1,2012-12-05,2012-12-05,1,False
train,Q_4e45e7bef0b1ff4976fe,2,1,2016-03-02,2016-03-02,1,False
train,Q_4e558558d8cb6c1db6bd,2,1,2016-08-10,2016-08-10,1,False
train,Q_4e70b3328b5860bbd7aa,2,1,2014-09-10,2014-09-10,1,False
train,Q_4e773ea971672097fc03,2,1,2012-11-28,2012-11-28,1,False
train,Q_4e8c5c3bf8eb9c2f09a4,2,1,2016-03-30,2016-03-30,1,False
train,Q_4ea2336033b75efa6270,2,1,2014-09-17,2014-09-17,1,False
train,Q_4eb1340296c645497674,2,1,2015-02-11,2015-02-11,1,False
train,Q_4eb87d4270f972582dce,2,1,2016-08-17,2016-08-17,1,False
train,Q_4ec866be1d94c86b8a0c,2,1,2015-12-02,2015-12-02,1,False
train,Q_4ecddd0b903517da49ac,2,1,2016-01-13,2016-01-13,1,False
train,Q_4ee28054afdbc20695ac,2,1,2015-05-27,2015-05-27,1,False
train,Q_4ee567896a636219c410,2,1,2015-02-11,2015-02-11,1,False
train,Q_4eecf45814c4ca119058,2,1,2014-10-29,2014-10-29,1,False
train,Q_4eedb936f1339bfecbef,2,1,2016-03-23,2016-03-23,1,False
train,Q_4eef2c27d14da1de31e0,2,1,2016-03-23,2016-03-23,1,False
train,Q_4ef4ce01f9da95eccd35,2,1,2016-03-02,2016-03-02,1,False
train,Q_4ef924d27a10113023f9,2,1,2012-07-04,2012-07-04,1,False
train,Q_4eff87ad5c9157e33cda,2,1,2014-01-01,2014-01-01,1,False
train,Q_4f03d7c1f1f2cae77371,2,1,2015-06-17,2015-06-17,1,False
train,Q_4f0650ee125e1d059f99,2,1,2013-01-30,2013-01-30,1,False
train,Q_4f11fbd873213b12caf4,2,1,2015-04-15,2015-04-15,1,False
train,Q_4f1a6690b96e90c11d41,2,1,2014-10-15,2014-10-15,1,False
train,Q_4f2b9a36f893ad5e3b59,2,1,2014-11-26,2014-11-26,1,False
train,Q_4f3b68f80d3bbea3e048,2,1,2015-03-25,2015-03-25,1,False
train,Q_4f3c3a5f9d922c5c89bc,2,1,2016-01-20,2016-01-20,1,False
train,Q_4f43cab666c716e27277,2,1,2012-08-29,2012-08-29,1,False
train,Q_4f46eb15719d10698ee2,2,1,2013-05-29,2013-05-29,1,False
train,Q_4f494edae244bafa4282,2,1,2015-07-01,2015-07-01,1,False
train,Q_4f538cbcac6e661140c3,2,1,2014-08-06,2014-08-06,1,False
train,Q_4f56c0aafdf7a338910b,2,1,2015-12-16,2015-12-16,1,False
train,Q_4f65c3057a264fa9591c,2,1,2015-02-25,2015-02-25,1,False
train,Q_4f6c1a07b87ba888c86d,2,1,2014-03-19,2014-03-19,1,False
train,Q_4f7916c28d49106ed4d7,2,1,2013-04-24,2013-04-24,1,False
train,Q_4f80a5b61dbf2d090fa5,2,1,2014-10-01,2014-10-01,1,False
train,Q_4f89b6c703d1ffa43c82,2,1,2013-01-30,2013-01-30,1,False
train,Q_4f8a71a60f1681691c4e,2,1,2013-07-03,2013-07-03,1,False
train,Q_4f8e0020d4a91868377f,2,1,2014-05-21,2014-05-21,1,False
train,Q_4f94a239449333bfe6cb,2,1,2015-04-15,2015-04-15,1,False
train,Q_4f9cedd129a3b37f9960,2,1,2015-11-18,2015-11-18,1,False
train,Q_4f9e8ff0446d56f7580b,2,1,2016-07-06,2016-07-06,1,False
train,Q_4f9ead345ba026e22b6a,2,1,2015-09-30,2015-09-30,1,False
train,Q_4fabe07112dda03ac15d,2,1,2014-10-29,2014-10-29,1,False
train,Q_4fb23f62e047f8f10046,2,1,2013-12-04,2013-12-04,1,False
train,Q_4fbdc1a02b0f12397bdb,2,1,2015-09-02,2015-09-02,1,False
train,Q_4fd4c9bb5753c2ca4b7f,2,1,2012-11-14,2012-11-14,1,False
train,Q_4fd668d464839a1d3fa2,2,1,2014-05-07,2014-05-07,1,False
train,Q_4fd7594b6e3a01871a3c,2,1,2013-02-20,2013-02-20,1,False
train,Q_4fdf87809ec7999eb746,2,1,2015-09-16,2015-09-16,1,False
train,Q_4fe1b472a28daca1dcb2,2,1,2013-03-06,2013-03-06,1,False
train,Q_4fe3650f68edc4905921,2,1,2012-09-12,2012-09-12,1,False
train,Q_4fe8d5ab574b5427dd21,2,1,2014-06-25,2014-06-25,1,False
train,Q_4fed5f1b27cc277f188c,2,1,2015-12-30,2015-12-30,1,False
train,Q_4ffa4e1a62c5b743a0ce,2,1,2016-09-07,2016-09-07,1,False
train,Q_4ffdcddf6b4c11a4ba40,2,1,2012-09-05,2012-09-05,1,False
train,Q_503761edb3040caaabdd,2,1,2015-04-15,2015-04-15,1,False
train,Q_5038c5fb56d3192222f2,2,1,2012-10-03,2012-10-03,1,False
train,Q_503a75648dd86afa8f5f,2,1,2015-10-14,2015-10-14,1,False
train,Q_50411a139fd8d7e14b47,2,1,2016-04-20,2016-04-20,1,False
train,Q_504f2ff9f4bf73c90ec1,2,1,2013-07-17,2013-07-17,1,False
train,Q_5050ee0ac01ed67f74ad,2,1,2015-03-04,2015-03-04,1,False
train,Q_50598113367b9efdb711,2,1,2014-04-09,2014-04-09,1,False
train,Q_5059be76f9aeb376f832,2,1,2015-11-04,2015-11-04,1,False
train,Q_505c8c26a7ca171ad1fe,2,1,2012-12-19,2012-12-19,1,False
train,Q_5063638c4d9f022611e4,2,1,2013-10-02,2013-10-02,1,False
train,Q_506f0870efb7aaaca8b5,2,1,2014-06-11,2014-06-11,1,False
train,Q_5070654434068a03ed2f,2,1,2016-03-02,2016-03-02,1,False
train,Q_507466ebec78d3492938,2,1,2014-08-27,2014-08-27,1,False
train,Q_507aa187aab9f94f7875,2,1,2014-11-05,2014-11-05,1,False
train,Q_508707b6973d107ef98d,2,1,2016-06-01,2016-06-01,1,False
train,Q_50877a5284759c977465,2,1,2013-11-27,2013-11-27,1,False
train,Q_508ac7164d51424b880b,2,1,2012-12-26,2012-12-26,1,False
train,Q_508b0069b03cff743c70,2,1,2015-05-13,2015-05-13,1,False
train,Q_5090747712df2191b1a7,2,1,2013-12-04,2013-12-04,1,False
train,Q_5091ab185a365b6eb381,2,1,2016-06-22,2016-06-22,1,False
train,Q_509bfe3a44d6705ef66f,2,1,2014-06-04,2014-06-04,1,False
train,Q_509f39669ed4754e30e7,2,1,2016-06-22,2016-06-22,1,False
train,Q_50b8a2d34aa8098bb765,2,1,2015-02-25,2015-02-25,1,False
train,Q_50b8bf6beed9640e5411,2,1,2013-03-13,2013-03-13,1,False
train,Q_50ba340437920cadff9e,2,1,2015-09-16,2015-09-16,1,False
train,Q_50d2c69b9f4f45540525,2,1,2016-04-06,2016-04-06,1,False
train,Q_50d8b0274a02b9dc5a95,2,1,2014-02-12,2014-02-12,1,False
train,Q_50e54f8bdc1a56aee281,2,1,2016-03-16,2016-03-16,1,False
train,Q_50f7db3ef2abfafa9074,2,1,2015-06-10,2015-06-10,1,False
train,Q_50f859ff68e6c29f9a8d,2,1,2014-07-23,2014-07-23,1,False
train,Q_51093f80b65e5d7d12c5,2,1,2015-02-25,2015-02-25,1,False
train,Q_5121ce6d6483332aab6b,2,1,2016-06-22,2016-06-22,1,False
train,Q_5128672579b90b52c711,2,1,2012-08-29,2012-08-29,1,False
train,Q_5129651a424266f7f849,2,1,2013-01-02,2013-01-02,1,False
train,Q_512ec434d0ddcf378b1d,2,1,2016-07-06,2016-07-06,1,False
train,Q_513825d9f7d661e48184,2,1,2016-03-09,2016-03-09,1,False
train,Q_513d86539fd2a0e10a97,2,1,2016-01-27,2016-01-27,1,False
train,Q_5148de7ec03529eb57da,2,1,2014-01-01,2014-01-01,1,False
train,Q_514ef5cfb503ece01fbb,2,1,2015-12-09,2015-12-09,1,False
train,Q_514f457556b7c1a3b22a,2,1,2016-04-13,2016-04-13,1,False
train,Q_515e9b79c98754e1b981,2,1,2013-03-20,2013-03-20,1,False
train,Q_5168d14d28c5bfbe411c,2,1,2014-06-25,2014-06-25,1,False
train,Q_516cd9ff2d88abab7c7b,2,1,2012-08-01,2012-08-01,1,False
train,Q_517451c3fdf3a4f3866a,2,1,2014-10-15,2014-10-15,1,False
train,Q_5176196b4b3cccf78603,2,1,2016-06-08,2016-06-08,1,False
train,Q_5177e1a2df88adf46356,2,1,2016-02-03,2016-02-03,1,False
train,Q_5182e450df158c17c936,2,1,2015-06-03,2015-06-03,1,False
train,Q_5187f27f2504e867db3e,2,1,2013-07-03,2013-07-03,1,False
train,Q_5189e721458be95c0611,2,1,2016-01-27,2016-01-27,1,False
train,Q_518f536373bd1d0703b3,2,1,2015-05-06,2015-05-06,1,False
train,Q_5191240de4b4da03bcae,2,1,2015-12-16,2015-12-16,1,False
train,Q_51a06a824f9ff3170487,2,1,2015-02-04,2015-02-04,1,False
train,Q_51a0a7d10a0282f2d026,2,1,2015-03-18,2015-03-18,1,False
train,Q_51b3c0982711d9fef268,2,1,2013-01-23,2013-01-23,1,False
train,Q_51bc507c4a8522f032e5,2,1,2014-06-18,2014-06-18,1,False
train,Q_51cf98ecaa874a19e570,2,1,2014-04-23,2014-04-23,1,False
train,Q_51cf9e273a246ab39a93,2,1,2016-06-01,2016-06-01,1,False
train,Q_51e532ee2ec02ab4c1ab,2,1,2016-04-27,2016-04-27,1,False
train,Q_51e6260d63071f35368e,2,1,2015-03-04,2015-03-04,1,False
train,Q_51ee88f35face8357674,2,1,2012-07-04,2012-07-04,1,False
train,Q_5200e10aa4e52ecf24db,2,1,2016-04-13,2016-04-13,1,False
train,Q_5206ecc121b918151444,2,1,2012-12-05,2012-12-05,1,False
train,Q_521597a39cc0c7ba2fbb,2,1,2012-07-11,2012-07-11,1,False
train,Q_521b2962f736d1603fb6,2,1,2016-06-29,2016-06-29,1,False
train,Q_52249bcc36ae6d3ed287,2,1,2012-12-19,2012-12-19,1,False
train,Q_5226db0e59db4bc15238,2,1,2013-11-20,2013-11-20,1,False
train,Q_522fccc8a4ca307b300d,2,1,2016-06-01,2016-06-01,1,False
train,Q_5241c57a68c7569eb1e5,2,1,2015-04-22,2015-04-22,1,False
train,Q_5257c24f9657be6d1d2f,2,1,2014-12-10,2014-12-10,1,False
train,Q_5263c120dc1a2aab5c54,2,1,2013-06-26,2013-06-26,1,False
train,Q_526910b59b537f1a1304,4,1,2016-06-29,2016-06-29,2,False
train,Q_526af75068f0d925746d,2,1,2014-06-11,2014-06-11,1,False
train,Q_526b47fe49154c1e1d20,2,1,2014-10-15,2014-10-15,1,False
train,Q_526ce75b7c7329548fa9,2,1,2015-12-02,2015-12-02,1,False
train,Q_527a43d6b416e12cf050,2,1,2016-07-06,2016-07-06,1,False
train,Q_527bf0a07e41f1deb29a,2,1,2013-04-03,2013-04-03,1,False
train,Q_5286f17ee7b3982454cf,2,1,2016-01-13,2016-01-13,1,False
train,Q_528b2518ec09c592e776,2,1,2016-04-06,2016-04-06,1,False
train,Q_529ba55799f895e752c2,4,2,2013-03-27,2014-01-15,2,True
train,Q_52a3ed97dcd68a52f6ae,2,1,2015-09-30,2015-09-30,1,False
train,Q_52b1d44ce2d120ade5bf,2,1,2015-11-25,2015-11-25,1,False
train,Q_52b59bdc9cb61c0f81e1,2,1,2015-02-11,2015-02-11,1,False
train,Q_52c53d33c7c382b3c17d,2,1,2015-09-23,2015-09-23,1,False
train,Q_52d64f748d0853846127,2,1,2016-02-24,2016-02-24,1,False
train,Q_52d9367c4869f760a71d,2,1,2013-08-21,2013-08-21,1,False
train,Q_52e44ae7d8e6b5a7e2f8,2,1,2013-12-04,2013-12-04,1,False
train,Q_52ed0e458babdbfb508a,2,1,2015-04-29,2015-04-29,1,False
train,Q_52fdb9089c5ade827f0c,3,1,2012-11-28,2012-11-28,2,False
train,Q_52fff76a85657f655e84,2,1,2015-05-27,2015-05-27,1,False
train,Q_530282c9308d71b81257,2,1,2013-09-11,2013-09-11,1,False
train,Q_530e38e65117fbb5ca76,2,1,2016-09-21,2016-09-21,1,False
train,Q_530f8666f389172db605,2,1,2014-08-06,2014-08-06,1,False
train,Q_5310743672be4c208271,2,1,2016-02-03,2016-02-03,1,False
train,Q_532d5f03bf8004190c97,2,1,2013-02-20,2013-02-20,1,False
train,Q_5342567fa2852b59cab6,2,1,2016-02-03,2016-02-03,1,False
train,Q_534437c22ec6a9ae2f4d,2,1,2016-07-13,2016-07-13,1,False
train,Q_534779d2c8fbb613510c,2,1,2014-10-08,2014-10-08,1,False
train,Q_5353c85d6f4419f89543,2,1,2014-09-10,2014-09-10,1,False
train,Q_535b907d585fcfec3bbe,2,1,2012-12-12,2012-12-12,1,False
train,Q_5361798f64932afa5524,2,1,2014-06-18,2014-06-18,1,False
train,Q_536b98a600134daff86c,2,1,2013-02-20,2013-02-20,1,False
train,Q_536d79c15157fd4fd32c,2,1,2014-12-10,2014-12-10,1,False
train,Q_536f33c830bb42a1155d,2,1,2015-04-01,2015-04-01,1,False
train,Q_53703b9c046fd780d2d7,4,2,2014-07-09,2014-09-03,2,True
train,Q_53727977ebb8f2da7c42,2,1,2013-09-11,2013-09-11,1,False
train,Q_5376407e3f2561d0b056,2,1,2013-07-24,2013-07-24,1,False
train,Q_537a27b431d43bc90c06,2,1,2013-07-31,2013-07-31,1,False
train,Q_5381adde44a05f2216b2,2,1,2014-02-12,2014-02-12,1,False
train,Q_53862f55e4c78967777f,2,1,2012-07-25,2012-07-25,1,False
train,Q_5387d9ebe9a5ac293a8d,2,1,2016-05-25,2016-05-25,1,False
train,Q_538ac608517851c151b7,2,1,2015-06-03,2015-06-03,1,False
train,Q_53ba768bae733e239484,2,1,2015-07-29,2015-07-29,1,False
train,Q_53bbc8719f47a88b362f,2,1,2013-06-26,2013-06-26,1,False
train,Q_53bfb3503ee90ed1bda4,2,1,2014-10-15,2014-10-15,1,False
train,Q_53d7e1ec7e294142a1ee,2,1,2015-09-09,2015-09-09,1,False
train,Q_53dfc7a850e62e8736f9,2,1,2016-06-22,2016-06-22,1,False
train,Q_53e3d01d10aa82d4b142,2,1,2012-10-10,2012-10-10,1,False
train,Q_54113e93e95809fbde7f,2,1,2015-06-03,2015-06-03,1,False
train,Q_542e03977b4a8d20635c,2,1,2015-05-06,2015-05-06,1,False
train,Q_54532924f116f560605a,2,1,2012-11-28,2012-11-28,1,False
train,Q_545eef8f804af7238908,2,1,2013-05-29,2013-05-29,1,False
train,Q_5467a91d7c869e3e8bfb,2,1,2013-05-15,2013-05-15,1,False
train,Q_54724c5da27303854716,2,1,2014-06-25,2014-06-25,1,False
train,Q_54772b5a35470f3feffb,2,1,2016-06-01,2016-06-01,1,False
train,Q_547a537121e0ac2061c7,2,1,2013-11-13,2013-11-13,1,False
train,Q_548402acc537d0075421,2,1,2015-11-04,2015-11-04,1,False
train,Q_54852d59f18a61bf852e,2,1,2013-05-29,2013-05-29,1,False
train,Q_548f7c765c7276eec71f,3,1,2012-11-28,2012-11-28,2,False
train,Q_5496f8dcfb27ccf79d44,2,1,2014-01-22,2014-01-22,1,False
train,Q_549fae2906e6eec3cdef,4,1,2014-10-15,2014-10-15,2,False
train,Q_54a1cbe6a3c0bf72de4f,2,1,2012-10-03,2012-10-03,1,False
train,Q_54a67b778675415fd831,2,1,2015-07-01,2015-07-01,1,False
train,Q_54a75c60a833162bad5c,2,1,2014-12-31,2014-12-31,1,False
train,Q_54b7901d098bdf5d5063,2,1,2015-11-25,2015-11-25,1,False
train,Q_54bb1d35f059d3bb0418,2,1,2015-04-29,2015-04-29,1,False
train,Q_54c81befff857ead65f5,2,1,2015-06-24,2015-06-24,1,False
train,Q_54da8b37ff29a9f402c7,2,1,2014-12-10,2014-12-10,1,False
train,Q_54df269b414299df44ba,2,1,2015-06-10,2015-06-10,1,False
train,Q_54e31ba959a59f40e238,2,1,2014-10-01,2014-10-01,1,False
train,Q_54ff5e9ca0470f77994e,2,1,2014-04-23,2014-04-23,1,False
train,Q_5502c166fd1d0c6b14a3,2,1,2013-01-02,2013-01-02,1,False
train,Q_5503455cdf3eb46d1e82,2,1,2014-06-04,2014-06-04,1,False
train,Q_5508aff07ecf435fb6a7,2,1,2013-10-23,2013-10-23,1,False
train,Q_5512ad6754f8f06c7019,2,1,2016-06-29,2016-06-29,1,False
train,Q_551c8e551bd192e6a691,2,1,2015-04-15,2015-04-15,1,False
train,Q_55386232dbcbb5bb0dca,2,1,2013-07-17,2013-07-17,1,False
train,Q_5543d56eecaa6c564e39,2,1,2012-07-18,2012-07-18,1,False
train,Q_554cbd4871424611931e,2,1,2013-11-06,2013-11-06,1,False
train,Q_55546baaefc9c87c0bad,2,1,2016-03-02,2016-03-02,1,False
train,Q_5555b05511de2e4465ec,2,1,2015-06-24,2015-06-24,1,False
train,Q_55602846f57962f22a54,2,1,2015-12-09,2015-12-09,1,False
train,Q_5564e3b8b5dbe068aca2,2,1,2016-04-20,2016-04-20,1,False
train,Q_556da19ad48c325b2547,2,1,2012-08-29,2012-08-29,1,False
train,Q_556ec9233579f0c946a5,2,1,2015-12-09,2015-12-09,1,False
train,Q_558a271d2031ab91054c,2,1,2016-07-27,2016-07-27,1,False
train,Q_558c93a72a66a8491a51,2,1,2014-06-18,2014-06-18,1,False
train,Q_559076b82673a987f648,2,1,2013-03-20,2013-03-20,1,False
train,Q_5595bb8cbbef62543a18,2,1,2013-05-01,2013-05-01,1,False
train,Q_5598126a0652e3d0904c,2,1,2014-11-19,2014-11-19,1,False
train,Q_559bae97244562bbd2d3,2,1,2015-10-14,2015-10-14,1,False
train,Q_55a7923bb7e01f587dac,2,1,2015-01-21,2015-01-21,1,False
train,Q_55aa3cf4c896099a7995,2,1,2014-03-26,2014-03-26,1,False
train,Q_55b48eae7beab92626ed,2,1,2015-07-29,2015-07-29,1,False
train,Q_55c28b9a5a88506610f4,2,1,2015-03-04,2015-03-04,1,False
train,Q_55c4f1b8fe39150530eb,2,1,2013-09-11,2013-09-11,1,False
train,Q_55c75e8754e36aab5960,2,1,2014-02-05,2014-02-05,1,False
train,Q_55c78936d8767b551334,2,1,2014-07-23,2014-07-23,1,False
train,Q_55d267fb799281575d94,2,1,2014-12-17,2014-12-17,1,False
train,Q_55d32af1ae6c3c29d50d,2,1,2013-04-03,2013-04-03,1,False
train,Q_55d90a14611bc4707eb2,2,1,2014-04-16,2014-04-16,1,False
train,Q_55e30bdd9c31d789ec83,2,1,2013-12-18,2013-12-18,1,False
train,Q_55e6ea0e9c602b632a3b,2,1,2015-06-24,2015-06-24,1,False
train,Q_55e77fcf495db867116e,2,1,2016-02-03,2016-02-03,1,False
train,Q_55ebf74373e3b99912b5,2,1,2016-06-15,2016-06-15,1,False
train,Q_55f93b99209773699c7a,2,1,2015-02-25,2015-02-25,1,False
train,Q_55fcb767ad37f56ec44a,2,1,2015-11-25,2015-11-25,1,False
train,Q_56033ec42589d778ec48,2,1,2013-09-11,2013-09-11,1,False
train,Q_56134f0e2d66d195dee4,2,1,2016-01-13,2016-01-13,1,False
train,Q_56179eab6244c63233f9,2,1,2015-04-29,2015-04-29,1,False
train,Q_562e044c29c51a29dc37,2,1,2014-01-01,2014-01-01,1,False
train,Q_563821190489704a52ad,2,1,2014-06-04,2014-06-04,1,False
train,Q_5643cf47ea4ff90a4f32,2,1,2014-07-23,2014-07-23,1,False
train,Q_564661b7e5e32859ec3d,2,1,2014-05-07,2014-05-07,1,False
train,Q_564755c09dbf04ac5722,2,1,2014-12-31,2014-12-31,1,False
train,Q_5657ff91ed3f88739cf7,2,1,2015-10-07,2015-10-07,1,False
train,Q_5659ffa2dea2b56ab4ce,2,1,2013-12-11,2013-12-11,1,False
train,Q_565d0913a32174cdf5d8,2,1,2013-12-04,2013-12-04,1,False
train,Q_5666ad4ef28da6b28f29,2,1,2012-12-26,2012-12-26,1,False
train,Q_56754a1bdc7bc0ecab7b,2,1,2015-12-30,2015-12-30,1,False
train,Q_567b66a299620fbf55bc,2,1,2013-10-02,2013-10-02,1,False
train,Q_56829ad50c4b38e0f8f6,2,1,2015-12-09,2015-12-09,1,False
train,Q_5692575c8967dae5669e,2,1,2016-06-29,2016-06-29,1,False
train,Q_5698dc13c468d8132c30,2,1,2015-09-16,2015-09-16,1,False
train,Q_569db13d39840a6b6f9a,2,1,2012-10-31,2012-10-31,1,False
train,Q_56a4c559160e2db5e5f5,2,1,2014-10-15,2014-10-15,1,False
train,Q_56b19a12f2c33e2c1214,2,1,2012-10-03,2012-10-03,1,False
train,Q_56b581823a7f625b447a,2,1,2016-06-22,2016-06-22,1,False
train,Q_56b62f4e3b9faaeae530,2,1,2016-03-09,2016-03-09,1,False
train,Q_56b8ec43cbd3fbc784d5,2,1,2015-05-27,2015-05-27,1,False
train,Q_56b9a012e1f1215b9cf4,2,1,2016-03-02,2016-03-02,1,False
train,Q_56ccc1b177b0f114e611,2,1,2015-04-08,2015-04-08,1,False
train,Q_56cf4d77b4953deafaa5,2,1,2015-01-14,2015-01-14,1,False
train,Q_56d48f0152e734f9bab7,2,1,2013-09-18,2013-09-18,1,False
train,Q_56d52c47536331a1a3d6,2,1,2014-08-06,2014-08-06,1,False
train,Q_56e9463595bd5557dc86,2,1,2015-06-24,2015-06-24,1,False
train,Q_56eb3e7ceb35e50fa3c3,2,1,2012-09-19,2012-09-19,1,False
train,Q_5705211622c3d1950e96,2,1,2012-12-19,2012-12-19,1,False
train,Q_571ed57e1dc4a5ddc0e8,2,1,2014-10-29,2014-10-29,1,False
train,Q_5727a070e2dd2f3257a8,2,1,2015-09-16,2015-09-16,1,False
train,Q_572eb6da0c1f733efa15,2,1,2013-09-11,2013-09-11,1,False
train,Q_572fb4597ab82821c80a,2,1,2014-12-24,2014-12-24,1,False
train,Q_5731ae029cdf8761d90b,2,1,2015-04-15,2015-04-15,1,False
train,Q_57476715d58dab438957,2,1,2015-03-25,2015-03-25,1,False
train,Q_5756414ced110ae69f2d,2,1,2016-06-29,2016-06-29,1,False
train,Q_575ed527c2a2914ad7a5,2,1,2014-04-09,2014-04-09,1,False
train,Q_5764cbbebb6f76726749,2,1,2015-09-30,2015-09-30,1,False
train,Q_5780703bdf158687406a,2,1,2014-01-15,2014-01-15,1,False
train,Q_5780c7f20c2815a4e468,2,1,2015-03-25,2015-03-25,1,False
train,Q_578668f2ac1f906f8363,2,1,2016-01-20,2016-01-20,1,False
train,Q_578aa7503827a7a58e6d,2,1,2016-01-13,2016-01-13,1,False
train,Q_578c19d6fe0bf112baca,2,1,2015-03-04,2015-03-04,1,False
train,Q_57906ae278a0a7d3130b,4,2,2014-07-09,2014-09-03,2,True
train,Q_57946a39bbc1bcf537b7,2,1,2015-10-07,2015-10-07,1,False
train,Q_57a0e5e33c90c1c47196,2,1,2013-03-06,2013-03-06,1,False
train,Q_57a1f4e48e589eefb02d,2,1,2015-03-25,2015-03-25,1,False
train,Q_57a59938b6204ebcce9d,2,1,2015-04-08,2015-04-08,1,False
train,Q_57b2beb9ee89fba133df,2,1,2014-12-24,2014-12-24,1,False
train,Q_57b86906fb060ae1ea92,2,1,2015-10-28,2015-10-28,1,False
train,Q_57c785f0efbd2be9a6c0,2,1,2016-03-02,2016-03-02,1,False
train,Q_57d7dce6fafe4bb0f85b,2,1,2014-05-07,2014-05-07,1,False
train,Q_57d826fcaf5e85210b73,2,1,2015-06-24,2015-06-24,1,False
train,Q_57dff5010a73ef8314ce,2,1,2014-05-14,2014-05-14,1,False
train,Q_57e20282ff2af8d2f77a,2,1,2015-01-07,2015-01-07,1,False
train,Q_57e45d47963b2e7456b6,2,1,2015-03-25,2015-03-25,1,False
train,Q_57fd9e300e400dd43eab,2,1,2014-10-15,2014-10-15,1,False
train,Q_580770f03e6bf86ce2bb,2,1,2016-09-21,2016-09-21,1,False
train,Q_580af1c8bde1520aff6a,2,1,2013-05-01,2013-05-01,1,False
train,Q_580deaf6142ba7ec254f,2,1,2012-08-22,2012-08-22,1,False
train,Q_58252656ce3c9e3bbfb0,2,1,2015-10-14,2015-10-14,1,False
train,Q_5826ce95d9903b437601,2,1,2015-01-21,2015-01-21,1,False
train,Q_582bc6b0aa2a715f20a2,2,1,2016-08-17,2016-08-17,1,False
train,Q_5836fb80354d34ae8e18,2,1,2014-10-15,2014-10-15,1,False
train,Q_583f6f53458d93615dee,2,1,2016-01-13,2016-01-13,1,False
train,Q_585293b3766b1736398f,2,1,2014-11-12,2014-11-12,1,False
train,Q_58546a1b94d3bef89614,2,1,2015-01-07,2015-01-07,1,False
train,Q_5857cdf791596a4c2bfa,2,1,2014-10-15,2014-10-15,1,False
train,Q_585e531efd8bb9717d40,2,1,2015-10-21,2015-10-21,1,False
train,Q_585ec31eb6660b586bb5,2,1,2013-06-26,2013-06-26,1,False
train,Q_5868f62ce81038d9cf37,2,1,2014-05-07,2014-05-07,1,False
train,Q_587d6789e23456229dbc,2,1,2015-02-18,2015-02-18,1,False
train,Q_5882526824c40458fc17,2,1,2013-05-29,2013-05-29,1,False
train,Q_5886e69c1ea7c7976875,2,1,2016-03-16,2016-03-16,1,False
train,Q_5897aa942b0f1a8b293c,2,1,2013-11-20,2013-11-20,1,False
train,Q_5898940db2edef3dc652,2,1,2013-06-26,2013-06-26,1,False
train,Q_58a0007afbe8c10d199f,2,1,2014-10-01,2014-10-01,1,False
train,Q_58a8c9afa2c154654049,2,1,2013-06-12,2013-06-12,1,False
train,Q_58af2909629d7c11a5b2,2,1,2013-05-08,2013-05-08,1,False
train,Q_58b5dbab4a9d8bc5c6bb,2,1,2013-06-12,2013-06-12,1,False
train,Q_58bec4929d511c530245,2,1,2014-12-17,2014-12-17,1,False
train,Q_58cb7fa02c9832741209,2,1,2016-06-22,2016-06-22,1,False
train,Q_58d0a5b96922ba05899b,2,1,2012-11-14,2012-11-14,1,False
train,Q_58d5ad516544feeba156,2,1,2012-09-26,2012-09-26,1,False
train,Q_58e305d627681053e3ef,2,1,2013-07-03,2013-07-03,1,False
train,Q_58eb0279f97647fafa4e,2,1,2014-02-19,2014-02-19,1,False
train,Q_58ef83d1395ab999f48d,2,1,2016-06-29,2016-06-29,1,False
train,Q_58f78616342480f8e92b,2,1,2015-10-14,2015-10-14,1,False
train,Q_590687ae1ebfef2aad71,2,1,2015-09-02,2015-09-02,1,False
train,Q_5911c639f733ed06ce9f,2,1,2016-02-24,2016-02-24,1,False
train,Q_5913732d7d0323bca74a,2,1,2016-01-27,2016-01-27,1,False
train,Q_59142b6188ffb41f932f,2,1,2015-05-27,2015-05-27,1,False
train,Q_59207143011f1c88afb8,2,1,2012-12-05,2012-12-05,1,False
train,Q_59222d34d4a40c92a11c,2,1,2013-06-05,2013-06-05,1,False
train,Q_59290cc8b379d648b77c,2,1,2015-12-09,2015-12-09,1,False
train,Q_59394344e51cabd175d5,2,1,2016-05-18,2016-05-18,1,False
train,Q_5943562b80f1d9e0b268,2,1,2014-01-15,2014-01-15,1,False
train,Q_5950ab34279bb09ac41f,2,1,2014-02-05,2014-02-05,1,False
train,Q_5954e7c0be02ef4ae5bd,2,1,2012-11-14,2012-11-14,1,False
train,Q_595d1ba778f014f095c8,2,1,2012-08-01,2012-08-01,1,False
train,Q_59641ff55ad1f126a78f,2,1,2015-04-29,2015-04-29,1,False
train,Q_59663f58593b16b04a26,2,1,2013-07-17,2013-07-17,1,False
train,Q_597100653f13c09a5757,2,1,2016-07-27,2016-07-27,1,False
train,Q_5975217e5cc3371bbba6,2,1,2013-11-13,2013-11-13,1,False
train,Q_597f0cde67fc4c461e16,2,1,2014-06-04,2014-06-04,1,False
train,Q_5980a6a42cec7401c271,2,1,2016-02-03,2016-02-03,1,False
train,Q_59864482f09c0bacdcdb,4,1,2013-01-23,2013-01-23,2,False
train,Q_598d6a725e0a3bc31f5d,2,1,2015-08-19,2015-08-19,1,False
train,Q_599705a261f0d41e9373,2,1,2013-06-05,2013-06-05,1,False
train,Q_59a247996f05b8251e8e,2,1,2013-11-20,2013-11-20,1,False
train,Q_59b0d6850eba5b48013b,2,1,2013-03-13,2013-03-13,1,False
train,Q_59b1e656b94a253335d5,2,1,2016-03-02,2016-03-02,1,False
train,Q_59b6ee7bed3fba9e661d,4,2,2013-09-18,2013-11-27,2,True
train,Q_59bb39ca85a8455d0af4,2,1,2014-04-23,2014-04-23,1,False
train,Q_59c4264cebf937cdfcfc,2,1,2015-08-12,2015-08-12,1,False
train,Q_59c73f5bc04ca2cedd78,2,1,2013-05-22,2013-05-22,1,False
train,Q_59c9ea59835b047adf22,2,1,2014-12-17,2014-12-17,1,False
train,Q_59e2c2ef5d27a01788b7,2,1,2014-12-24,2014-12-24,1,False
train,Q_59e50f37b584c322ad48,2,1,2014-04-23,2014-04-23,1,False
train,Q_59e91862eb8f2b69b047,2,1,2013-06-12,2013-06-12,1,False
train,Q_59f5e65c7783a457b8ff,2,1,2014-02-05,2014-02-05,1,False
train,Q_59f892645a9f41213758,2,1,2012-08-15,2012-08-15,1,False
train,Q_5a00576da8f79e491178,2,1,2015-11-18,2015-11-18,1,False
train,Q_5a0248d6e0427eedff71,2,1,2013-06-12,2013-06-12,1,False
train,Q_5a119c67d23ab6f49c3e,2,1,2015-06-17,2015-06-17,1,False
train,Q_5a1f429aa14bb2f63524,2,1,2013-06-12,2013-06-12,1,False
train,Q_5a307e8915c2afd5e151,2,1,2014-12-03,2014-12-03,1,False
train,Q_5a3cbb80c77c627495bf,2,1,2016-02-24,2016-02-24,1,False
train,Q_5a3e2b311d66eca629dd,2,1,2014-10-01,2014-10-01,1,False
train,Q_5a4468d761d3c658fdf5,2,1,2014-09-17,2014-09-17,1,False
train,Q_5a4f2c9fe917d7b30cd0,2,1,2013-08-07,2013-08-07,1,False
train,Q_5a50c1c8013ca65bc947,2,1,2016-02-03,2016-02-03,1,False
train,Q_5a527266af82c7d3f44f,2,1,2013-01-23,2013-01-23,1,False
train,Q_5a56db0d4658084a782c,2,1,2016-03-02,2016-03-02,1,False
train,Q_5a58c8a8d9fc20f46f63,2,1,2013-05-01,2013-05-01,1,False
train,Q_5a601a84d46f48438cb0,2,1,2013-10-02,2013-10-02,1,False
train,Q_5a62f89bc35dfb6bc7ca,2,1,2016-02-24,2016-02-24,1,False
train,Q_5a7692169a74005339ed,2,1,2012-08-22,2012-08-22,1,False
train,Q_5a7e2f26cc43acc73c7d,2,1,2015-07-29,2015-07-29,1,False
train,Q_5a818949f341ebb2ac74,2,1,2012-07-04,2012-07-04,1,False
train,Q_5a8499801df4cc5192a4,2,1,2015-07-29,2015-07-29,1,False
train,Q_5a8e7454ca8b72d376bd,2,1,2014-04-23,2014-04-23,1,False
train,Q_5a8efdfbc0863920f477,2,1,2016-06-22,2016-06-22,1,False
train,Q_5a917b3c9e321dbfa860,2,1,2015-12-02,2015-12-02,1,False
train,Q_5a960100ba9b66a81c7e,2,1,2016-01-13,2016-01-13,1,False
train,Q_5a97bcf1e85eca11d921,2,1,2013-01-23,2013-01-23,1,False
train,Q_5a995f7bf016709ef6e0,2,1,2014-04-23,2014-04-23,1,False
train,Q_5a99c2d38786af242028,2,1,2013-10-30,2013-10-30,1,False
train,Q_5aa2adee61dd99f5f0ca,2,1,2013-10-02,2013-10-02,1,False
train,Q_5aa4a59212e0c02a0aff,2,1,2013-01-30,2013-01-30,1,False
train,Q_5aaa705920f65f98bca4,2,1,2012-08-29,2012-08-29,1,False
train,Q_5aaeb69045f26e50298c,2,1,2014-05-21,2014-05-21,1,False
train,Q_5aafecd9d3e6bede8be1,2,1,2013-11-06,2013-11-06,1,False
train,Q_5ad3c85a058dda75d00d,2,1,2016-02-03,2016-02-03,1,False
train,Q_5ae62a91cb2127bdbe25,2,1,2016-02-10,2016-02-10,1,False
train,Q_5aeb3aa0f77b68f1328a,2,1,2015-04-22,2015-04-22,1,False
train,Q_5aee5a2dfdb035c4a726,2,1,2014-03-19,2014-03-19,1,False
train,Q_5af111e9c860fe8236c7,2,1,2015-03-25,2015-03-25,1,False
train,Q_5afb86321ee88ba40c9d,2,1,2015-10-28,2015-10-28,1,False
train,Q_5afcfef23253db2693cb,2,1,2015-08-05,2015-08-05,1,False
train,Q_5afd90ddd112b8239f52,2,1,2016-07-27,2016-07-27,1,False
train,Q_5b0e8c2614b19401196d,2,1,2016-03-16,2016-03-16,1,False
train,Q_5b0eb1a73929e497829f,2,1,2013-03-20,2013-03-20,1,False
train,Q_5b1156fd1bf1cd485182,2,1,2012-12-19,2012-12-19,1,False
train,Q_5b189c85f3b18cc2c774,2,1,2012-09-19,2012-09-19,1,False
train,Q_5b226cd0862bef23ec06,2,1,2016-04-06,2016-04-06,1,False
train,Q_5b23cabe8dcbb73a5877,2,1,2015-10-21,2015-10-21,1,False
train,Q_5b25e2aa5245baa9d067,2,1,2014-04-09,2014-04-09,1,False
train,Q_5b26520668229b534b9c,2,1,2014-10-01,2014-10-01,1,False
train,Q_5b3a513ea72a3fb78b26,2,1,2016-08-10,2016-08-10,1,False
train,Q_5b3cf7fe174c5155117f,2,1,2014-10-01,2014-10-01,1,False
train,Q_5b3d85f99c2c6a3b8c47,2,1,2014-03-12,2014-03-12,1,False
train,Q_5b3def3f5396bb452482,2,1,2015-10-07,2015-10-07,1,False
train,Q_5b55234d6a8d4fa59385,2,1,2012-09-26,2012-09-26,1,False
train,Q_5b56d88f7463eb445804,2,1,2014-05-28,2014-05-28,1,False
train,Q_5b62ff0fa26beaeecbcb,2,1,2016-03-02,2016-03-02,1,False
train,Q_5b6a71ae7cbca4b037da,2,1,2015-12-30,2015-12-30,1,False
train,Q_5b75c90af891caa347e0,2,1,2016-06-22,2016-06-22,1,False
train,Q_5b7a1ca34939d28c2d79,2,1,2014-12-10,2014-12-10,1,False
train,Q_5b7b8570028f0221b7f8,2,1,2014-02-05,2014-02-05,1,False
train,Q_5b7cab22b31d5e983c1e,2,1,2013-11-27,2013-11-27,1,False
train,Q_5b7f3733afae7cb2da73,2,1,2012-09-19,2012-09-19,1,False
train,Q_5b80151f68ead2230fd3,2,1,2014-03-05,2014-03-05,1,False
train,Q_5b862d5bc6cccae35af9,2,1,2015-04-29,2015-04-29,1,False
train,Q_5b871f7a7f17a928a0a7,2,1,2012-09-12,2012-09-12,1,False
train,Q_5b8e32998658d414a696,2,1,2013-11-20,2013-11-20,1,False
train,Q_5b951d6b94472a8e6de3,2,1,2013-01-16,2013-01-16,1,False
train,Q_5b98820817794eea3d75,2,1,2015-11-04,2015-11-04,1,False
train,Q_5b9ae0f7bde702903ec6,2,1,2015-01-14,2015-01-14,1,False
train,Q_5ba7f0f0616efaf2f30a,2,1,2014-12-31,2014-12-31,1,False
train,Q_5bbc2df70bb10b8bc653,2,1,2014-11-19,2014-11-19,1,False
train,Q_5bbf9c80fb97cab19032,2,1,2013-05-01,2013-05-01,1,False
train,Q_5bcc0610184668e2fb2f,2,1,2015-10-28,2015-10-28,1,False
train,Q_5be055ac3b0d4af90cec,2,1,2015-04-15,2015-04-15,1,False
train,Q_5be07239c024e8cae2d2,2,1,2014-06-04,2014-06-04,1,False
train,Q_5be141a25cfef4cc81cc,2,1,2012-09-05,2012-09-05,1,False
train,Q_5bf65a9a1e4666b4b2f7,2,1,2015-08-12,2015-08-12,1,False
train,Q_5bf8aa0ba17b7f130c99,2,1,2016-03-16,2016-03-16,1,False
train,Q_5c07ed3f109618d5bd1b,2,1,2016-09-21,2016-09-21,1,False
train,Q_5c0ace5821cb46108362,2,1,2015-09-16,2015-09-16,1,False
train,Q_5c103e1f94d3b86a75a1,2,1,2015-04-22,2015-04-22,1,False
train,Q_5c119995d6b8fe80f81e,2,1,2014-06-25,2014-06-25,1,False
train,Q_5c178887990cc175743c,2,1,2016-06-01,2016-06-01,1,False
train,Q_5c1b7db1283f9a88cd82,2,1,2013-04-10,2013-04-10,1,False
train,Q_5c1e9e77b560596d1e85,2,1,2014-05-21,2014-05-21,1,False
train,Q_5c22acae055b461aac36,2,1,2014-05-21,2014-05-21,1,False
train,Q_5c26f5b3e9eb77a0e741,4,2,2013-06-05,2014-04-16,2,True
train,Q_5c2ece876f438b77a3e3,2,1,2016-05-18,2016-05-18,1,False
train,Q_5c38473ea03decbfed1a,2,1,2015-09-23,2015-09-23,1,False
train,Q_5c3cb4b89785c2c752ef,2,1,2014-09-17,2014-09-17,1,False
train,Q_5c3ea587b50329d437dc,2,1,2016-08-10,2016-08-10,1,False
train,Q_5c42fd3293f2a180afc5,2,1,2016-01-20,2016-01-20,1,False
train,Q_5c5c8a134739f70d5791,2,1,2015-04-15,2015-04-15,1,False
train,Q_5c721c19cc7bf75637eb,2,1,2016-05-11,2016-05-11,1,False
train,Q_5c80d286d05a4616a6f3,2,1,2015-02-11,2015-02-11,1,False
train,Q_5c95bf972a6b75a0337a,2,1,2013-02-13,2013-02-13,1,False
train,Q_5c9ee915b77a7ae63e8b,2,1,2014-05-21,2014-05-21,1,False
train,Q_5cacc748c249defa82e3,2,1,2016-01-27,2016-01-27,1,False
train,Q_5cad1fefdd3f8c7c09ac,2,1,2013-07-03,2013-07-03,1,False
train,Q_5cb1c2ac540e559c1878,3,1,2013-01-23,2013-01-23,2,False
train,Q_5cb8d604d72a1374a41c,2,1,2013-02-13,2013-02-13,1,False
train,Q_5cbe601996a286243791,2,1,2015-11-25,2015-11-25,1,False
train,Q_5cc78d977be0ce0793c5,2,1,2016-05-25,2016-05-25,1,False
train,Q_5cc840ae413faf9af240,2,1,2016-06-15,2016-06-15,1,False
train,Q_5cca16544406befbe6e5,2,1,2016-06-29,2016-06-29,1,False
train,Q_5cccd1790bcdb407b7a9,2,1,2014-12-17,2014-12-17,1,False
train,Q_5cd26f1a030e8d03f842,2,1,2016-04-20,2016-04-20,1,False
train,Q_5cd48a538e6971fc4d7e,2,1,2013-05-15,2013-05-15,1,False
train,Q_5cec781d80887234e2d7,2,1,2014-05-28,2014-05-28,1,False
train,Q_5cf7d8f7b29b72704160,2,1,2015-01-07,2015-01-07,1,False
train,Q_5d056cc19a5cd3c2421e,2,1,2014-05-28,2014-05-28,1,False
train,Q_5d083f6e2d7b27066019,2,1,2014-12-03,2014-12-03,1,False
train,Q_5d10e4890cdd1ff34206,2,1,2013-05-29,2013-05-29,1,False
train,Q_5d12d28c92de3495567f,2,1,2012-10-31,2012-10-31,1,False
train,Q_5d28ec6123d66492de3d,2,1,2013-05-01,2013-05-01,1,False
train,Q_5d3d34264b56dbdca925,2,1,2015-11-25,2015-11-25,1,False
train,Q_5d4d350bb06906af4a47,2,1,2015-01-07,2015-01-07,1,False
train,Q_5d524f61c3a02d800147,2,1,2016-08-17,2016-08-17,1,False
train,Q_5d5b02db9a07675aacf7,2,1,2014-10-22,2014-10-22,1,False
train,Q_5d6a8f6e1829abbcf35e,2,1,2015-07-29,2015-07-29,1,False
train,Q_5d6ceca9a18baaf4ceb3,4,2,2013-03-27,2014-01-15,2,True
train,Q_5d7816e71c8f31e70ad5,2,1,2014-09-24,2014-09-24,1,False
train,Q_5d92d5c8532a17e592c0,2,1,2016-06-08,2016-06-08,1,False
train,Q_5da2d2ea42ddaad2b767,2,1,2015-12-09,2015-12-09,1,False
train,Q_5daa4f0d880f0dfac69b,2,1,2013-12-11,2013-12-11,1,False
train,Q_5dae71128eaca2f648c2,2,1,2014-03-05,2014-03-05,1,False
train,Q_5db33ec91706202cb708,2,1,2013-10-23,2013-10-23,1,False
train,Q_5db3cd3c2c29b3a5f332,2,1,2014-12-10,2014-12-10,1,False
train,Q_5dba3cbaf873eab9f2f5,2,1,2014-01-15,2014-01-15,1,False
train,Q_5dbd4093d5e9dffef278,2,1,2014-12-24,2014-12-24,1,False
train,Q_5dc090e54ac98da9c971,2,1,2012-08-01,2012-08-01,1,False
train,Q_5dc8556139424edeac37,2,1,2012-08-29,2012-08-29,1,False
train,Q_5dc92c3a2575c2902b74,2,1,2016-07-27,2016-07-27,1,False
train,Q_5dcf87cf79a5af3673e0,2,1,2016-06-29,2016-06-29,1,False
train,Q_5dd8d2e1151461516b2d,2,1,2016-04-06,2016-04-06,1,False
train,Q_5de0d760caf917b300c6,2,1,2015-04-29,2015-04-29,1,False
train,Q_5de673edb46765325b69,2,1,2015-09-16,2015-09-16,1,False
train,Q_5de7f8ec7a4658f38522,2,1,2016-07-20,2016-07-20,1,False
train,Q_5df1801efae9356c5406,2,1,2014-07-09,2014-07-09,1,False
train,Q_5df77daed4f0c48cbe85,2,1,2015-03-04,2015-03-04,1,False
train,Q_5df8762e99cbc8c0f4fb,2,1,2016-08-03,2016-08-03,1,False
train,Q_5e03192916af6fa2beea,2,1,2013-10-23,2013-10-23,1,False
train,Q_5e072fad6ad522193733,2,1,2016-04-13,2016-04-13,1,False
train,Q_5e162040825d3f46c3cd,2,1,2013-01-30,2013-01-30,1,False
train,Q_5e2b4b88656db652937b,2,1,2014-10-15,2014-10-15,1,False
train,Q_5e301ebc3b68c1ccf2b1,2,1,2012-09-19,2012-09-19,1,False
train,Q_5e352432d5fd9c08162f,2,1,2014-12-31,2014-12-31,1,False
train,Q_5e4b01b8adba49a79ace,2,1,2014-05-07,2014-05-07,1,False
train,Q_5e4f26c1dd8d85deb5d7,2,1,2013-12-04,2013-12-04,1,False
train,Q_5e514366ae52bc2d2bd0,2,1,2015-03-25,2015-03-25,1,False
train,Q_5e52e17724e9a433d66c,2,1,2013-10-02,2013-10-02,1,False
train,Q_5e599f472fea9c5b703e,2,1,2014-06-04,2014-06-04,1,False
train,Q_5e5b05cad4d81921fba7,2,1,2014-12-31,2014-12-31,1,False
train,Q_5e6399174a9cc044307e,2,1,2016-03-02,2016-03-02,1,False
train,Q_5e6666acd712321af1bc,2,1,2013-02-13,2013-02-13,1,False
train,Q_5e6b5d4dc00469d16d2c,2,1,2012-08-29,2012-08-29,1,False
train,Q_5e7f0574c928256ef73b,2,1,2013-07-17,2013-07-17,1,False
train,Q_5e804060b228df716802,2,1,2014-12-03,2014-12-03,1,False
train,Q_5e8199da36916c8644a7,2,1,2013-05-01,2013-05-01,1,False
train,Q_5e89d8855e3d26c2d2b1,2,1,2016-06-29,2016-06-29,1,False
train,Q_5e900f00a298183607da,2,1,2016-05-04,2016-05-04,1,False
train,Q_5ea16a8707b981f3aa98,2,1,2015-09-23,2015-09-23,1,False
train,Q_5eae60a647e877403645,2,1,2014-10-29,2014-10-29,1,False
train,Q_5ec4d54423fbcfb84315,2,1,2013-03-06,2013-03-06,1,False
train,Q_5ec821d0c8e53d728e5b,2,1,2012-12-19,2012-12-19,1,False
train,Q_5edb30c7f532f07478f5,2,1,2013-04-17,2013-04-17,1,False
train,Q_5efbbfdeb6b7b0056ef6,2,1,2014-04-23,2014-04-23,1,False
train,Q_5eff4e300221225dcd16,2,1,2012-12-19,2012-12-19,1,False
train,Q_5f087dada2e0f327e17a,2,1,2013-11-20,2013-11-20,1,False
train,Q_5f0ca36c727877d76c82,2,1,2014-10-15,2014-10-15,1,False
train,Q_5f0cca6ad2aa86580728,2,1,2015-04-29,2015-04-29,1,False
train,Q_5f0db775ba8e0ec0ea0c,2,1,2014-06-04,2014-06-04,1,False
train,Q_5f10cae4a4844ec0f68a,2,1,2014-11-19,2014-11-19,1,False
train,Q_5f244ffcd70bd2ab4621,4,2,2013-01-02,2016-06-15,2,True
train,Q_5f2a26bad3778e1e5bfc,2,1,2012-07-25,2012-07-25,1,False
train,Q_5f354e753058968689d6,2,1,2015-09-30,2015-09-30,1,False
train,Q_5f46cd1653de49370996,2,1,2015-12-30,2015-12-30,1,False
train,Q_5f610e38c0575193a861,2,1,2014-12-24,2014-12-24,1,False
train,Q_5f66a7b04d4f0cda55e3,2,1,2016-03-02,2016-03-02,1,False
train,Q_5f68d7a4d8cddd43105f,2,1,2015-12-02,2015-12-02,1,False
train,Q_5f68ea6c92638531f4d3,2,1,2014-09-17,2014-09-17,1,False
train,Q_5f69a825e8a2ac4a5802,2,1,2016-08-17,2016-08-17,1,False
train,Q_5f87e0e98eb3861e4215,2,1,2015-06-24,2015-06-24,1,False
train,Q_5f8a3cd7a3b8b19a8593,2,1,2013-11-06,2013-11-06,1,False
train,Q_5f8a6ee966829fd13a2e,2,1,2015-05-06,2015-05-06,1,False
train,Q_5f939ad54c707c0da462,2,1,2015-10-14,2015-10-14,1,False
train,Q_5fa1fc0ead0e6416eb1c,2,1,2014-01-15,2014-01-15,1,False
train,Q_5fb40168a278fac46096,2,1,2014-06-25,2014-06-25,1,False
train,Q_5fb8fd5d6dd1c5a6d535,2,1,2014-07-30,2014-07-30,1,False
train,Q_5fbc445dc6a867e0c0d9,2,1,2016-02-10,2016-02-10,1,False
train,Q_5fbc664c0290c6f22b3d,2,1,2015-09-02,2015-09-02,1,False
train,Q_5fd713042d87239a1f95,2,1,2012-07-25,2012-07-25,1,False
train,Q_5fe6beb5b5810f21885c,2,1,2014-05-07,2014-05-07,1,False
train,Q_5fe7f73d3785ca65119a,2,1,2015-04-22,2015-04-22,1,False
train,Q_5fed2a82dd93af559ecc,2,1,2013-06-26,2013-06-26,1,False
train,Q_5fefcf2a8db80ae1a94d,2,1,2014-06-04,2014-06-04,1,False
train,Q_5ff88e0f1857cb18c12d,2,1,2014-05-07,2014-05-07,1,False
train,Q_5ffe776e956c03a2b0f6,2,1,2013-08-07,2013-08-07,1,False
train,Q_601f05f2915c8ae4dfbb,2,1,2012-10-31,2012-10-31,1,False
train,Q_6020e1e69013c3491401,2,1,2013-07-17,2013-07-17,1,False
train,Q_602528bfba2a3efe8ef2,2,1,2016-04-06,2016-04-06,1,False
train,Q_60295d9697369d2b71b4,2,1,2016-04-13,2016-04-13,1,False
train,Q_60321a8b81d85126929f,2,1,2012-11-28,2012-11-28,1,False
train,Q_603528aade130d07c981,2,1,2012-12-05,2012-12-05,1,False
train,Q_6036e914af62d594604b,2,1,2016-08-24,2016-08-24,1,False
train,Q_6037a89a57fc0b95b8a0,2,1,2015-05-06,2015-05-06,1,False
train,Q_6039f68a344bc5d88920,2,1,2015-04-29,2015-04-29,1,False
train,Q_604070865e6a852cf7bd,2,1,2014-08-06,2014-08-06,1,False
train,Q_605605a1e135bf0084eb,2,1,2016-08-31,2016-08-31,1,False
train,Q_6064754bf7d143a8b2ac,2,1,2013-12-04,2013-12-04,1,False
train,Q_606514db7a51fad16e95,2,1,2016-05-18,2016-05-18,1,False
train,Q_6067a33c8d0fadac3c79,2,1,2014-08-06,2014-08-06,1,False
train,Q_606df44b80b241acd487,2,1,2015-06-24,2015-06-24,1,False
train,Q_6070cc9b82f9334d5c92,2,1,2013-05-15,2013-05-15,1,False
train,Q_6073a4168c10ad442687,2,1,2013-06-19,2013-06-19,1,False
train,Q_6078fbe88b4ff39abfb6,2,1,2015-02-11,2015-02-11,1,False
train,Q_6086bebe4bcec03defc5,2,1,2012-08-01,2012-08-01,1,False
train,Q_6088ce03e8931dbf78d5,2,1,2015-04-29,2015-04-29,1,False
train,Q_6089b1d440298b901a48,2,1,2013-03-20,2013-03-20,1,False
train,Q_608dd291ebefbb21729d,2,1,2014-06-11,2014-06-11,1,False
train,Q_60a5fba105f412c34140,2,1,2014-01-15,2014-01-15,1,False
train,Q_60a659ebd4b28bd652cc,2,1,2013-12-04,2013-12-04,1,False
train,Q_60b757a10ecf253f0703,2,1,2016-09-14,2016-09-14,1,False
train,Q_60c56a78b0e95b89dcd8,2,1,2016-05-04,2016-05-04,1,False
train,Q_60c792db8064bb2adca4,2,1,2014-01-01,2014-01-01,1,False
train,Q_60c92ecfeb5aaa1e6312,2,1,2016-03-02,2016-03-02,1,False
train,Q_60cbddc6f6e3bac8f714,4,2,2013-01-02,2016-06-15,2,True
train,Q_60cd1402b8c54de26a6d,2,1,2014-07-30,2014-07-30,1,False
train,Q_60d2b15e62f4e47db122,2,1,2013-04-03,2013-04-03,1,False
train,Q_60ded8ce890a906e49c0,2,1,2016-01-20,2016-01-20,1,False
train,Q_60e031303ce60ef56461,2,1,2015-08-12,2015-08-12,1,False
train,Q_60e6573457677cb15633,2,1,2013-08-28,2013-08-28,1,False
train,Q_60f0afd25de0f8d6402a,2,1,2013-03-20,2013-03-20,1,False
train,Q_60f4b973a3ced247c6d6,2,1,2014-10-15,2014-10-15,1,False
train,Q_61128252fa12597c9e48,2,1,2013-07-03,2013-07-03,1,False
train,Q_61304b55be28907661a1,2,1,2013-10-02,2013-10-02,1,False
train,Q_613bbd756416a3756b08,2,1,2013-10-23,2013-10-23,1,False
train,Q_614199315f917932b6fa,2,1,2013-05-15,2013-05-15,1,False
train,Q_6144e1efe48dabc88e29,2,1,2014-04-02,2014-04-02,1,False
train,Q_6145c511e86b5e0503e8,2,1,2014-11-12,2014-11-12,1,False
train,Q_6146e1f0017e5c2e2efa,2,1,2016-04-27,2016-04-27,1,False
train,Q_614e35c87a295ae95e47,2,1,2014-02-05,2014-02-05,1,False
train,Q_6154255f51b5af3366c1,2,1,2014-10-29,2014-10-29,1,False
train,Q_6161dabd00c2a0622715,2,1,2012-09-12,2012-09-12,1,False
train,Q_616a93440f891774f50f,2,1,2014-01-29,2014-01-29,1,False
train,Q_618010b8eabc8981e952,2,1,2014-10-29,2014-10-29,1,False
train,Q_61866a614f3d235f44f7,2,1,2016-06-01,2016-06-01,1,False
train,Q_619266e856601576fd29,2,1,2013-07-03,2013-07-03,1,False
train,Q_619d3b78e1cd41f19a80,2,1,2012-12-26,2012-12-26,1,False
train,Q_61a27263a785e592bb77,2,1,2016-04-20,2016-04-20,1,False
train,Q_61b7dfe886017b58fc22,2,1,2016-02-03,2016-02-03,1,False
train,Q_61be164669049cd45188,2,1,2014-11-12,2014-11-12,1,False
train,Q_61c8889ad3eed7e299bb,2,1,2014-09-10,2014-09-10,1,False
train,Q_61dcd207589dfc5ccd72,2,1,2015-04-29,2015-04-29,1,False
train,Q_61df2ce56023a289f3f5,2,1,2012-12-26,2012-12-26,1,False
train,Q_61e060058b2b670146f1,2,1,2012-08-29,2012-08-29,1,False
train,Q_61f12cd8aac99db68359,2,1,2015-11-25,2015-11-25,1,False
train,Q_62003bbe58f529afb862,2,1,2015-09-02,2015-09-02,1,False
train,Q_6200f5ae1a040bcaac33,2,1,2013-06-19,2013-06-19,1,False
train,Q_62034ede91de3fa3b101,2,1,2013-12-25,2013-12-25,1,False
train,Q_620ec5351d66ae6bfff6,2,1,2016-05-18,2016-05-18,1,False
train,Q_621127c09f42f1473c30,2,1,2012-11-14,2012-11-14,1,False
train,Q_62120ed936d2966d4ae1,2,1,2013-09-11,2013-09-11,1,False
train,Q_622a1777021082a03ee9,2,1,2013-02-27,2013-02-27,1,False
train,Q_622e63624b3076787059,2,1,2015-04-08,2015-04-08,1,False
train,Q_6230696e3959db9e6c6a,2,1,2013-09-11,2013-09-11,1,False
train,Q_62347bc610536e696fa1,2,1,2013-12-04,2013-12-04,1,False
train,Q_62364afeffb6a0847e47,2,1,2015-10-14,2015-10-14,1,False
train,Q_624e43062e2a4d8d0782,2,1,2013-03-20,2013-03-20,1,False
train,Q_6254d50a1c811249d5c7,2,1,2013-03-06,2013-03-06,1,False
train,Q_6256b09c7ced01481fc8,2,1,2015-09-16,2015-09-16,1,False
train,Q_62683abf59d74f8158a9,2,1,2016-06-01,2016-06-01,1,False
train,Q_626f4ef65104410884fd,2,1,2016-03-23,2016-03-23,1,False
train,Q_627848838e2f9f15f202,2,1,2014-12-31,2014-12-31,1,False
train,Q_627c3cfb83d4193100fc,2,1,2015-09-30,2015-09-30,1,False
train,Q_62886a6ea5579064f795,2,1,2013-10-30,2013-10-30,1,False
train,Q_629c1a7e058696d7b9a6,2,1,2013-01-30,2013-01-30,1,False
train,Q_629db131ffcfbb663f98,2,1,2016-04-06,2016-04-06,1,False
train,Q_62a60f28c228da3c2363,2,1,2015-03-25,2015-03-25,1,False
train,Q_62ae1f279902c592427e,2,1,2012-08-29,2012-08-29,1,False
train,Q_62aeba36cc7fdf385efe,2,1,2016-07-27,2016-07-27,1,False
train,Q_62b28496c2a4af2ecc2c,2,1,2012-10-24,2012-10-24,1,False
train,Q_62b3958e7d5aaf89b823,2,1,2014-12-31,2014-12-31,1,False
train,Q_62b426626bcc076606cf,2,1,2014-06-11,2014-06-11,1,False
train,Q_62bbf3c399e7a286492b,2,1,2013-01-02,2013-01-02,1,False
train,Q_62c60f605cb137a144db,2,1,2013-10-30,2013-10-30,1,False
train,Q_62d61547cd8fbac1cddc,2,1,2015-06-03,2015-06-03,1,False
train,Q_62d9f911e635e26b6575,2,1,2014-12-24,2014-12-24,1,False
train,Q_62e3720b452d6427f34a,2,1,2015-01-21,2015-01-21,1,False
train,Q_62e49a3133cce6608e0e,2,1,2014-06-18,2014-06-18,1,False
train,Q_62e6990b2c97c468cbd5,2,1,2014-10-29,2014-10-29,1,False
train,Q_62fffe4aa005c4097930,2,1,2015-09-23,2015-09-23,1,False
train,Q_6301d841c8bf44a56eb8,2,1,2016-06-15,2016-06-15,1,False
train,Q_630468408999a34bc97c,2,1,2016-04-06,2016-04-06,1,False
train,Q_6305600f2c6bf2aaea6b,2,1,2016-05-25,2016-05-25,1,False
train,Q_630655b8adc8ef9db49c,2,1,2014-10-29,2014-10-29,1,False
train,Q_630af623e240c5378090,2,1,2012-09-26,2012-09-26,1,False
train,Q_630dea8d8d43389d970c,2,1,2016-01-13,2016-01-13,1,False
train,Q_630eb4c224468cbbcabb,2,1,2015-09-16,2015-09-16,1,False
train,Q_6311cb447fa4c87be1bb,2,1,2013-12-25,2013-12-25,1,False
train,Q_631498fa6b54ad37f18c,2,1,2015-02-11,2015-02-11,1,False
train,Q_6315431dd4382dc6d938,2,1,2014-11-26,2014-11-26,1,False
train,Q_63220ae9c74ee4445673,2,1,2015-12-02,2015-12-02,1,False
train,Q_63275c3768dc135fddb6,2,1,2015-12-30,2015-12-30,1,False
train,Q_632cb053ba21c5b7b37e,2,1,2014-12-24,2014-12-24,1,False
train,Q_633194fefc02632656be,2,1,2014-10-22,2014-10-22,1,False
train,Q_63398279c9f71dba212a,2,1,2016-05-11,2016-05-11,1,False
train,Q_634e11aa9e11029bce25,2,1,2016-06-22,2016-06-22,1,False
train,Q_63502ec50bf955f783f4,2,1,2013-06-12,2013-06-12,1,False
train,Q_63547995212e3674ad6a,2,1,2013-03-06,2013-03-06,1,False
train,Q_635859fc7062f49f0752,2,1,2014-02-05,2014-02-05,1,False
train,Q_6360ab5123c91e2a7851,2,1,2015-09-16,2015-09-16,1,False
train,Q_6368b1a698ad8663feed,2,1,2014-12-10,2014-12-10,1,False
train,Q_636ad20bcb65fa8d34dd,2,1,2015-12-02,2015-12-02,1,False
train,Q_636beea4d9f818956c53,2,1,2014-10-15,2014-10-15,1,False
train,Q_636d1c6fe220956946a9,2,1,2013-03-13,2013-03-13,1,False
train,Q_637a798736cce56593a4,2,1,2014-12-03,2014-12-03,1,False
train,Q_637ef4853d2132431213,2,1,2015-11-11,2015-11-11,1,False
train,Q_638cdbd13d12d8a6600c,2,1,2014-12-31,2014-12-31,1,False
train,Q_63966bfab06bd623cb15,2,1,2015-11-11,2015-11-11,1,False
train,Q_639c5a1bcd28ce2daedf,2,1,2015-07-29,2015-07-29,1,False
train,Q_639d2d565e81045b2d06,2,1,2014-06-04,2014-06-04,1,False
train,Q_63a08a9a5397bfe8442d,2,1,2013-09-04,2013-09-04,1,False
train,Q_63adb0d7b54aa3e868bf,2,1,2014-04-09,2014-04-09,1,False
train,Q_63ae92c424adaa2188a7,2,1,2014-02-05,2014-02-05,1,False
train,Q_63af1651133b093e304b,2,1,2015-12-30,2015-12-30,1,False
train,Q_63b99cfc6b491ebe8f94,2,1,2014-04-23,2014-04-23,1,False
train,Q_63d0c0241c18bfd503eb,2,1,2015-12-23,2015-12-23,1,False
train,Q_63dd1021c688b16f1876,2,1,2013-09-04,2013-09-04,1,False
train,Q_63dfe112f2ddc56bc287,2,1,2014-08-20,2014-08-20,1,False
train,Q_63e31d02e16b0dd1da34,2,1,2013-06-12,2013-06-12,1,False
train,Q_63ea0d8a14fb2b6ef3c6,2,1,2014-11-05,2014-11-05,1,False
train,Q_63ed2259351cba088571,2,1,2013-03-13,2013-03-13,1,False
train,Q_63eef6942c051977bed9,2,1,2013-01-23,2013-01-23,1,False
train,Q_63fc4ccd9cf7b77d907b,2,1,2015-12-09,2015-12-09,1,False
train,Q_6401b96e94cded78fb3c,2,1,2014-04-23,2014-04-23,1,False
train,Q_64049e808bba871c4fcb,2,1,2013-08-28,2013-08-28,1,False
train,Q_640c824a615a0bb2913d,2,1,2014-10-15,2014-10-15,1,False
train,Q_640ff5d36bf576c970d5,2,1,2015-10-14,2015-10-14,1,False
train,Q_6410b3d3371201220e77,2,1,2015-09-16,2015-09-16,1,False
train,Q_641454ecafc4a8db790a,2,1,2016-03-09,2016-03-09,1,False
train,Q_641b1721183952dccd86,2,1,2012-07-04,2012-07-04,1,False
train,Q_641bc8f1899d9ae34a86,2,1,2013-05-01,2013-05-01,1,False
train,Q_641c0d7866396b9b1b61,2,1,2015-11-18,2015-11-18,1,False
train,Q_641d492fe698b0d1cb8e,2,1,2013-03-20,2013-03-20,1,False
train,Q_642776e0540a37f7b0b5,2,1,2012-10-03,2012-10-03,1,False
train,Q_6434b96d0d6565d4f7dd,2,1,2014-05-07,2014-05-07,1,False
train,Q_643818c5b4bbacc75a2a,2,1,2014-05-07,2014-05-07,1,False
train,Q_6440eb6651456818555d,2,1,2013-10-09,2013-10-09,1,False
train,Q_6442198954d0c2318399,2,1,2015-03-11,2015-03-11,1,False
train,Q_644ab1eff45c32ee074a,2,1,2014-12-10,2014-12-10,1,False
train,Q_6455418d7af414f6bf41,2,1,2015-10-07,2015-10-07,1,False
train,Q_645b094768bb713eeef1,2,1,2014-03-19,2014-03-19,1,False
train,Q_6460ee0a0cfdeb9d790b,2,1,2014-01-29,2014-01-29,1,False
train,Q_648262cc40103addcd08,2,1,2012-11-07,2012-11-07,1,False
train,Q_64909aa49db577818942,2,1,2014-12-31,2014-12-31,1,False
train,Q_6499a7a895b7cd1b074b,2,1,2014-03-05,2014-03-05,1,False
train,Q_64a3c85a9c07cf11a4d7,2,1,2014-12-17,2014-12-17,1,False
train,Q_64a90d6eb367f94c2120,2,1,2016-08-24,2016-08-24,1,False
train,Q_64ae32f3a5dff48bed18,2,1,2014-06-04,2014-06-04,1,False
train,Q_64ae84adacc44f8d90e3,2,1,2013-12-11,2013-12-11,1,False
train,Q_64afaa75b6b7dc8e3a6b,2,1,2015-12-09,2015-12-09,1,False
train,Q_64b286f9143a473cf461,2,1,2016-07-06,2016-07-06,1,False
train,Q_64b39050226f6a97d243,2,1,2013-09-04,2013-09-04,1,False
train,Q_64b8c3e9215d0a75fa65,2,1,2016-06-29,2016-06-29,1,False
train,Q_64bb551bff065e9213b6,2,1,2014-06-04,2014-06-04,1,False
train,Q_64bed8647de0143e8b81,2,1,2016-06-22,2016-06-22,1,False
train,Q_64c421fe235c938ce574,2,1,2016-06-29,2016-06-29,1,False
train,Q_64cbd8a313a91138717a,2,1,2016-05-11,2016-05-11,1,False
train,Q_64d5e93cd4a17afa40a2,2,1,2013-10-02,2013-10-02,1,False
train,Q_64d92d887affa1788fee,2,1,2013-07-10,2013-07-10,1,False
train,Q_64ee3a70ddb6ca968f47,2,1,2012-12-05,2012-12-05,1,False
train,Q_64ffec6a46f88edf76b8,2,1,2016-01-20,2016-01-20,1,False
train,Q_650770869fa9d365d5a7,2,1,2015-02-11,2015-02-11,1,False
train,Q_650c358455bc1e321ee2,2,1,2014-01-15,2014-01-15,1,False
train,Q_6519a86448b9b9814e76,2,1,2015-03-18,2015-03-18,1,False
train,Q_651cc0edbe2603e1d2ef,2,1,2012-12-19,2012-12-19,1,False
train,Q_651d16e3de0e8c82a0c6,2,1,2016-08-24,2016-08-24,1,False
train,Q_652ad4b9dafc7f98352e,1,1,2012-11-28,2012-11-28,1,False
train,Q_654d0cc22d6456ee6c77,2,1,2014-03-19,2014-03-19,1,False
train,Q_654f9544859a7c07f46d,2,1,2013-03-06,2013-03-06,1,False
train,Q_6551ba58d5be866c9df7,2,1,2013-07-31,2013-07-31,1,False
train,Q_65545692c28470ff16f7,2,1,2015-09-16,2015-09-16,1,False
train,Q_6554e99ae9cdee60571b,2,1,2013-12-18,2013-12-18,1,False
train,Q_6557fe88705fc11252c7,2,1,2013-11-27,2013-11-27,1,False
train,Q_655f72332458b2b20112,2,1,2014-10-29,2014-10-29,1,False
train,Q_65728b8742bf4381f67f,2,1,2012-09-26,2012-09-26,1,False
train,Q_65977d4ebedb99ab216c,2,1,2013-03-13,2013-03-13,1,False
train,Q_659c660951e3568eaa7b,2,1,2013-08-21,2013-08-21,1,False
train,Q_65a150bcf726d117a782,2,1,2014-10-01,2014-10-01,1,False
train,Q_65ad6d0a24d72d63f481,2,1,2015-10-21,2015-10-21,1,False
train,Q_65c84267c6c6c5562c4f,2,1,2015-10-14,2015-10-14,1,False
train,Q_65c8a0b1be0aca0b1810,2,1,2016-03-16,2016-03-16,1,False
train,Q_65c9aa27055d318ff56c,4,1,2014-10-15,2014-10-15,2,False
train,Q_65cd25efa88dd3e3e70d,2,1,2013-10-30,2013-10-30,1,False
train,Q_65d09b11f5dced29451f,2,1,2013-01-02,2013-01-02,1,False
train,Q_65d31f8b0b4ef0a84324,2,1,2016-06-29,2016-06-29,1,False
train,Q_65e227a8b0f254292a66,2,1,2014-11-19,2014-11-19,1,False
train,Q_65e4b1d9ae98fc415f0f,2,1,2013-07-10,2013-07-10,1,False
train,Q_65e6a03a8f5a783e36a8,2,1,2016-09-07,2016-09-07,1,False
train,Q_65eb3f00a15fc79fff90,2,1,2014-03-12,2014-03-12,1,False
train,Q_65eee25da5975c84581c,2,1,2016-01-13,2016-01-13,1,False
train,Q_65f9514077263dd68604,2,1,2013-10-23,2013-10-23,1,False
train,Q_65fec3d2bc4e62723ef9,2,1,2016-06-22,2016-06-22,1,False
train,Q_65ff309e00d1132b4454,2,1,2013-04-24,2013-04-24,1,False
train,Q_6602805549f1bffac48f,2,1,2016-05-04,2016-05-04,1,False
train,Q_6606d292b85d3179b0ac,2,1,2014-02-12,2014-02-12,1,False
train,Q_662438838d8e5b52b8a0,2,1,2013-01-30,2013-01-30,1,False
train,Q_66250f441aa85fcf0947,2,1,2013-11-20,2013-11-20,1,False
train,Q_662a63ffcc7e9572d742,2,1,2015-04-22,2015-04-22,1,False
train,Q_662e22eb8b463196b54a,2,1,2013-09-18,2013-09-18,1,False
train,Q_662fa39e90770d063be5,2,1,2013-12-04,2013-12-04,1,False
train,Q_662fe87d2cd3deb8e32d,2,1,2013-04-24,2013-04-24,1,False
train,Q_6639058cbb29253a1a15,2,1,2012-08-29,2012-08-29,1,False
train,Q_66394c4f8a5847e1be66,2,1,2014-04-16,2014-04-16,1,False
train,Q_663e8b38d2bad2bc11ee,2,1,2015-10-07,2015-10-07,1,False
train,Q_6642d333023fdff82569,2,1,2016-03-02,2016-03-02,1,False
train,Q_6645f67a02044ace957a,2,1,2015-08-05,2015-08-05,1,False
train,Q_664b04b399926c4e594e,2,1,2014-02-19,2014-02-19,1,False
train,Q_667984fa4566b65804ed,2,1,2014-01-01,2014-01-01,1,False
train,Q_667c127d02ba86f82e88,2,1,2016-05-11,2016-05-11,1,False
train,Q_667ddaed1525e2ea0c01,2,1,2014-08-06,2014-08-06,1,False
train,Q_667ec54a97d98d3f6c2f,2,1,2014-12-31,2014-12-31,1,False
train,Q_667f5a599147bf2611fa,2,1,2015-08-05,2015-08-05,1,False
train,Q_667fa1109dba1965be37,2,1,2015-06-24,2015-06-24,1,False
train,Q_66812eeca0ec73c3e2a0,2,1,2013-07-31,2013-07-31,1,False
train,Q_6683e08ab85ca8c39b08,2,1,2013-04-24,2013-04-24,1,False
train,Q_66909cf7775eb3d71fdb,2,1,2015-01-14,2015-01-14,1,False
train,Q_6693040223bb76225691,2,1,2014-06-18,2014-06-18,1,False
train,Q_66996c6a4b4672819fa6,2,1,2013-03-06,2013-03-06,1,False
train,Q_669cbb22e4f97882f3dd,2,1,2015-01-21,2015-01-21,1,False
train,Q_669db5de48ba2b43a6a9,2,1,2013-01-30,2013-01-30,1,False
train,Q_66afd33d4613febf6d80,2,1,2015-02-04,2015-02-04,1,False
train,Q_66b093e5de84d2b7acae,2,1,2016-08-03,2016-08-03,1,False
train,Q_66b2027179f82262ea59,2,1,2012-08-15,2012-08-15,1,False
train,Q_66b7203985a573befa83,2,1,2013-01-16,2013-01-16,1,False
train,Q_66c5ca1cdd9df64788b2,2,1,2015-05-20,2015-05-20,1,False
train,Q_66ca5c7e98147498bcd4,2,1,2015-12-30,2015-12-30,1,False
train,Q_66d1e50874140951f54d,2,1,2013-02-13,2013-02-13,1,False
train,Q_66e015fc81051397c18c,2,1,2016-06-01,2016-06-01,1,False
train,Q_66e4098d2db72e6062f8,2,1,2014-03-12,2014-03-12,1,False
train,Q_66eeeaf994fd60a5d527,2,1,2016-06-01,2016-06-01,1,False
train,Q_66f64ecc3f04cf8aa550,2,1,2013-06-05,2013-06-05,1,False
train,Q_66f8642e05a36c746c93,2,1,2015-01-14,2015-01-14,1,False
train,Q_66fd323593eb9bfe86bb,2,1,2014-10-22,2014-10-22,1,False
train,Q_6700c03340abbb0e10a9,2,1,2013-12-04,2013-12-04,1,False
train,Q_6704e10cdb9eb9c6d845,2,1,2015-09-09,2015-09-09,1,False
train,Q_670d6ca5290d1b12355b,2,1,2014-10-15,2014-10-15,1,False
train,Q_6715f32ba2171e1df470,2,1,2015-06-24,2015-06-24,1,False
train,Q_672356df0fabbcd54723,2,1,2013-03-13,2013-03-13,1,False
train,Q_6728a12b19aad70598a1,2,1,2015-04-15,2015-04-15,1,False
train,Q_67391b780cca5affd67d,2,1,2013-05-01,2013-05-01,1,False
train,Q_674273eac6d2eac49b46,2,1,2012-12-26,2012-12-26,1,False
train,Q_6756c85eea6e40cb2a05,2,1,2014-07-30,2014-07-30,1,False
train,Q_677c97593e85805843f3,2,1,2014-10-01,2014-10-01,1,False
train,Q_677fc8d7bcd29b120513,2,1,2015-05-13,2015-05-13,1,False
train,Q_678263ae922a2e22868d,2,1,2015-04-29,2015-04-29,1,False
train,Q_67908dcceb2b0ce4768b,2,1,2015-02-04,2015-02-04,1,False
train,Q_679b5d0fe41b25b6873a,2,1,2013-03-06,2013-03-06,1,False
train,Q_679c1b96773c4d4cd4dc,2,1,2013-03-20,2013-03-20,1,False
train,Q_679ea794038b63c28465,2,1,2015-04-29,2015-04-29,1,False
train,Q_67a148ef77323d7c3d51,2,1,2013-02-13,2013-02-13,1,False
train,Q_67a2530312ed0fb6102e,2,1,2013-07-03,2013-07-03,1,False
train,Q_67ad43e18527ca24be88,2,1,2014-06-25,2014-06-25,1,False
train,Q_67b6281bcae64314e020,2,1,2014-09-24,2014-09-24,1,False
train,Q_67ba4b0d8728680a5a75,2,1,2012-10-03,2012-10-03,1,False
train,Q_67bfd1bdf8c9f7ae5186,2,1,2015-02-18,2015-02-18,1,False
train,Q_67d7d1aefa4de8ffec6c,2,1,2013-11-06,2013-11-06,1,False
train,Q_67dff79e1f6a6c9e04b7,2,1,2016-02-17,2016-02-17,1,False
train,Q_67e234423d5f95986c0d,2,1,2015-04-15,2015-04-15,1,False
train,Q_67ec693cceb449ce7142,2,1,2013-02-20,2013-02-20,1,False
train,Q_67edfcf94094de655b33,4,2,2013-03-27,2014-01-15,2,True
train,Q_67efa847dc0e7d9ed7c7,2,1,2014-10-29,2014-10-29,1,False
train,Q_67f5efd9d977fa8def4f,2,1,2015-07-29,2015-07-29,1,False
train,Q_67f9bb3276f62561efdd,2,1,2013-05-01,2013-05-01,1,False
train,Q_6804fe973413dd8457ce,2,1,2015-10-21,2015-10-21,1,False
train,Q_68058415aadfeda98685,2,1,2015-12-16,2015-12-16,1,False
train,Q_6816f93237e15f6ab19c,2,1,2015-09-09,2015-09-09,1,False
train,Q_68171ba87b4be3c4d42a,2,1,2016-09-21,2016-09-21,1,False
train,Q_68246271df07c18dec05,2,1,2016-06-01,2016-06-01,1,False
train,Q_683122a217fabda9b1d6,2,1,2016-02-17,2016-02-17,1,False
train,Q_6832fd6d9d2b4bd3b181,2,1,2013-03-20,2013-03-20,1,False
train,Q_6833ce4898170ee9ec9d,2,1,2014-07-23,2014-07-23,1,False
train,Q_6833dfd565374011d837,2,1,2015-12-02,2015-12-02,1,False
train,Q_68365623a0c1ede694b6,2,1,2016-04-13,2016-04-13,1,False
train,Q_6838d367877f61fc1744,2,1,2016-03-02,2016-03-02,1,False
train,Q_683a8e4c48c4ef3e0831,2,1,2016-09-21,2016-09-21,1,False
train,Q_68456ea9bbbd444a4bc8,2,1,2014-08-27,2014-08-27,1,False
train,Q_684932eb07586fb0ea1c,2,1,2016-01-27,2016-01-27,1,False
train,Q_684e464e73e09801110e,2,1,2015-03-25,2015-03-25,1,False
train,Q_684ff74cd0dd99f1c70c,2,1,2016-02-24,2016-02-24,1,False
train,Q_68571c0deed71f27a91e,2,1,2014-10-15,2014-10-15,1,False
train,Q_6865fe11aaeb4a88555a,2,1,2016-06-22,2016-06-22,1,False
train,Q_6876725fca5725e02c46,2,1,2015-11-18,2015-11-18,1,False
train,Q_68983bdbed53c334d288,2,1,2016-03-16,2016-03-16,1,False
train,Q_689980e47088adf3c4b4,2,1,2015-08-05,2015-08-05,1,False
train,Q_68a155af000b1ee1c77a,2,1,2012-11-07,2012-11-07,1,False
train,Q_68a57d870d15ce23daad,2,1,2016-06-29,2016-06-29,1,False
train,Q_68bc474a42cdea78c594,2,1,2014-11-12,2014-11-12,1,False
train,Q_68da35d2e6628e25da38,2,1,2015-03-04,2015-03-04,1,False
train,Q_68e3e76cf74f0a86563b,2,1,2014-02-05,2014-02-05,1,False
train,Q_68eb907124896d7e0e51,2,1,2012-09-12,2012-09-12,1,False
train,Q_6906dbbeefa4a0ac5185,2,1,2015-12-30,2015-12-30,1,False
train,Q_691816ffc5b3474c9901,2,1,2016-01-06,2016-01-06,1,False
train,Q_6918d8a69dbd39b9e2cf,2,1,2013-09-04,2013-09-04,1,False
train,Q_69224f3132d0e241d47f,2,1,2014-06-18,2014-06-18,1,False
train,Q_6929834fa7c832ea9055,2,1,2014-06-11,2014-06-11,1,False
train,Q_692afbac787e8d7687f5,2,1,2015-11-25,2015-11-25,1,False
train,Q_692df82ee702393b48dc,2,1,2016-02-03,2016-02-03,1,False
train,Q_6933d0d94a4dec3c2b04,2,1,2016-05-25,2016-05-25,1,False
train,Q_693bb49d6f824fae8919,2,1,2012-09-05,2012-09-05,1,False
train,Q_693e03718fd395b284df,2,1,2015-11-25,2015-11-25,1,False
train,Q_693f21bbc75f77285e28,2,1,2015-03-04,2015-03-04,1,False
train,Q_69403fc462f3a24ad148,2,1,2014-05-07,2014-05-07,1,False
train,Q_694372e1f4f85a9414a5,2,1,2013-04-24,2013-04-24,1,False
train,Q_69569d8ce96d72988882,2,1,2013-10-23,2013-10-23,1,False
train,Q_6956eb76f2712534f7df,2,1,2015-02-04,2015-02-04,1,False
train,Q_696367148b47ce2e46d4,2,1,2014-02-05,2014-02-05,1,False
train,Q_69756f830efacbb6035a,2,1,2016-01-13,2016-01-13,1,False
train,Q_6982ef01d9a2ecca3795,2,1,2012-10-03,2012-10-03,1,False
train,Q_69842a17b41b99335f22,2,1,2012-09-05,2012-09-05,1,False
train,Q_698d6e24633bce712c1b,2,1,2014-04-16,2014-04-16,1,False
train,Q_698f02a985958a80edbd,2,1,2012-10-31,2012-10-31,1,False
train,Q_6994c514c55956b36906,2,1,2013-06-26,2013-06-26,1,False
train,Q_69976cea757c553db1d0,2,1,2014-09-17,2014-09-17,1,False
train,Q_69993e7991f97249eae8,2,1,2014-10-15,2014-10-15,1,False
train,Q_6999e871f3ea27abfc3b,2,1,2015-09-16,2015-09-16,1,False
train,Q_69a0ac4e8d3b55751889,2,1,2014-08-06,2014-08-06,1,False
train,Q_69b2ddd664d88469cd7c,2,1,2016-02-24,2016-02-24,1,False
train,Q_69b668a357c1ad717acb,2,1,2012-07-04,2012-07-04,1,False
train,Q_69c3f93776a1706b208a,2,1,2015-02-04,2015-02-04,1,False
train,Q_69c40b661589e0674280,2,1,2014-06-04,2014-06-04,1,False
train,Q_69c77914968ca7f9b82e,2,1,2014-12-10,2014-12-10,1,False
train,Q_69c99fbd129d4988abcd,4,1,2016-06-29,2016-06-29,2,False
train,Q_69cbce8f551c3b1aab8c,2,1,2015-06-17,2015-06-17,1,False
train,Q_69de81a11dd0ab2d6914,2,1,2015-06-24,2015-06-24,1,False
train,Q_69e1d043aa984ad35621,2,1,2016-08-17,2016-08-17,1,False
train,Q_69ed7ba73cde5e490d71,2,1,2016-06-29,2016-06-29,1,False
train,Q_69f80e44fc75be346bd1,2,1,2014-12-31,2014-12-31,1,False
train,Q_69f9938d88d45d61f8a4,2,1,2016-08-10,2016-08-10,1,False
train,Q_69f9b3452d47848591b6,2,1,2015-02-04,2015-02-04,1,False
train,Q_69fe864f383a35c4a29a,2,1,2016-01-27,2016-01-27,1,False
train,Q_6a08d16b21d34964b95c,2,1,2016-01-06,2016-01-06,1,False
train,Q_6a0917d1cecac688a25d,2,1,2014-06-11,2014-06-11,1,False
train,Q_6a20b1cb6c3825e74efb,2,1,2015-09-23,2015-09-23,1,False
train,Q_6a22af5c8169e644ee41,2,1,2014-05-21,2014-05-21,1,False
train,Q_6a2597033b1de8d32024,2,1,2012-08-29,2012-08-29,1,False
train,Q_6a2730a8978ca469b70d,2,1,2013-10-02,2013-10-02,1,False
train,Q_6a282bae616322305b56,2,1,2016-08-03,2016-08-03,1,False
train,Q_6a29c69fef1a6399e9e5,2,1,2014-06-11,2014-06-11,1,False
train,Q_6a2e2ac4e070809664de,2,1,2015-06-17,2015-06-17,1,False
train,Q_6a337445d7d14b22c108,2,1,2014-06-04,2014-06-04,1,False
train,Q_6a42c4000c259e558498,2,1,2013-06-12,2013-06-12,1,False
train,Q_6a4421d6341449c59014,2,1,2015-02-11,2015-02-11,1,False
train,Q_6a47a5a88599d42073fe,2,1,2016-04-13,2016-04-13,1,False
train,Q_6a55867715d55cc92396,2,1,2012-12-19,2012-12-19,1,False
train,Q_6a722dd279461b4344c5,2,1,2016-01-27,2016-01-27,1,False
train,Q_6a79efbd4db93b70e3f3,2,1,2015-03-25,2015-03-25,1,False
train,Q_6a833ad69ba71d902001,2,1,2014-12-24,2014-12-24,1,False
train,Q_6a8553ff47702b292a6b,2,1,2015-10-28,2015-10-28,1,False
train,Q_6a9082bd3861e5e78745,2,1,2013-06-05,2013-06-05,1,False
train,Q_6a91346f2ae8149fdf0c,2,1,2015-09-09,2015-09-09,1,False
train,Q_6aa44ab5cd4101392930,2,1,2014-02-12,2014-02-12,1,False
train,Q_6aab9fa1fe4cca602f40,2,1,2014-05-21,2014-05-21,1,False
train,Q_6ac1ed93684a8987e1c8,2,1,2012-12-19,2012-12-19,1,False
train,Q_6ac276e82e75f8813905,2,1,2012-07-25,2012-07-25,1,False
train,Q_6ac4a592063c9cc0a7f9,2,1,2014-12-17,2014-12-17,1,False
train,Q_6ac927091f979cad8f4b,2,1,2012-09-19,2012-09-19,1,False
train,Q_6ad956f3db2a3ea16512,2,1,2014-12-17,2014-12-17,1,False
train,Q_6aecfa4568a2146965f4,4,2,2013-09-18,2013-11-27,2,True
train,Q_6af31bd43aab2aceae2c,2,1,2015-07-29,2015-07-29,1,False
train,Q_6af53729effbc69d4178,2,1,2015-06-03,2015-06-03,1,False
train,Q_6b0fe525ed9fe08952c8,2,1,2016-06-01,2016-06-01,1,False
train,Q_6b18271196b167cbc62c,2,1,2015-03-25,2015-03-25,1,False
train,Q_6b215071bc7174276788,2,1,2013-12-04,2013-12-04,1,False
train,Q_6b2d9cc4909c80960834,2,1,2016-06-29,2016-06-29,1,False
train,Q_6b3a7e5e5431c8293804,2,1,2016-08-03,2016-08-03,1,False
train,Q_6b405028913e55e66c99,2,1,2013-01-30,2013-01-30,1,False
train,Q_6b4cff8780f49c9fba72,2,1,2014-03-19,2014-03-19,1,False
train,Q_6b52a8cc8350357f0a15,2,1,2013-03-27,2013-03-27,1,False
train,Q_6b677ed33ae79644dad7,2,1,2014-12-03,2014-12-03,1,False
train,Q_6b6ef3692d6245f76dc2,2,1,2014-09-24,2014-09-24,1,False
train,Q_6b7766b09b0daee66e54,2,1,2015-04-29,2015-04-29,1,False
train,Q_6b7d59c4af683b9be2ef,2,1,2016-08-03,2016-08-03,1,False
train,Q_6b859b60bceae695769b,2,1,2013-11-06,2013-11-06,1,False
train,Q_6b870b70d9ae2c1a87aa,2,1,2014-06-04,2014-06-04,1,False
train,Q_6b95402b7b469b3e701b,2,1,2015-11-25,2015-11-25,1,False
train,Q_6b9abe47a742f6269d7b,2,1,2016-03-02,2016-03-02,1,False
train,Q_6b9f0700847bb3ac3eea,2,1,2015-02-25,2015-02-25,1,False
train,Q_6b9ff251793cf3ee168e,2,1,2014-06-25,2014-06-25,1,False
train,Q_6ba2c45c671356d91317,2,1,2016-03-23,2016-03-23,1,False
train,Q_6bc1711592b3f557deb2,2,1,2013-07-24,2013-07-24,1,False
train,Q_6bc590f68afe0a8705de,2,1,2016-01-13,2016-01-13,1,False
train,Q_6bc87ced7a8ca239fe85,2,1,2016-01-06,2016-01-06,1,False
train,Q_6bca6e3291dbbe7383f5,2,1,2012-10-10,2012-10-10,1,False
train,Q_6bd88d0818d1c71ef561,2,1,2013-06-12,2013-06-12,1,False
train,Q_6be537f0561bd5a76a5b,2,1,2016-06-01,2016-06-01,1,False
train,Q_6beb7a59472fe98fb314,2,1,2014-09-17,2014-09-17,1,False
train,Q_6bfea9a70b2cc169a6ce,2,1,2016-05-25,2016-05-25,1,False
train,Q_6c05862d0bac2e13e6b8,2,1,2015-07-01,2015-07-01,1,False
train,Q_6c05b1a10d8f62affc60,2,1,2015-10-28,2015-10-28,1,False
train,Q_6c0b1b38d7a62a53849a,2,1,2013-05-29,2013-05-29,1,False
train,Q_6c1514d11b5df0c21d89,2,1,2014-11-05,2014-11-05,1,False
train,Q_6c2ea3c8dc7c4a18daac,2,1,2013-07-03,2013-07-03,1,False
train,Q_6c339ba8631cc06072b3,2,1,2014-03-05,2014-03-05,1,False
train,Q_6c33e0bd78cd9386924d,2,1,2014-01-08,2014-01-08,1,False
train,Q_6c36cc030fa5d20931e1,2,1,2013-06-19,2013-06-19,1,False
train,Q_6c3bf1d1d72c2d234a97,2,1,2015-10-28,2015-10-28,1,False
train,Q_6c3f9255d129e6c1be49,2,1,2014-07-09,2014-07-09,1,False
train,Q_6c42a7918ca4b1ea2ae9,2,1,2014-05-21,2014-05-21,1,False
train,Q_6c490927197966e70b77,2,1,2015-05-06,2015-05-06,1,False
train,Q_6c51928cdaabb053336f,2,1,2014-08-06,2014-08-06,1,False
train,Q_6c59902bff456aa8463b,2,1,2016-01-27,2016-01-27,1,False
train,Q_6c5a221b8f3c8d0abe8d,2,1,2016-03-16,2016-03-16,1,False
train,Q_6c5d49c9b62143883d48,2,1,2016-03-02,2016-03-02,1,False
train,Q_6c5eac3bbafd8d4192b5,2,1,2016-04-13,2016-04-13,1,False
train,Q_6c694a4ba3746ff3f973,2,1,2014-07-30,2014-07-30,1,False
train,Q_6c7640f306b7af22c8d9,2,1,2014-04-23,2014-04-23,1,False
train,Q_6c7c8a6e3e099cd45320,2,1,2014-05-28,2014-05-28,1,False
train,Q_6c7ec401c5a3e8b87f57,2,1,2014-05-07,2014-05-07,1,False
train,Q_6c806813390faa39f1bd,2,1,2014-12-03,2014-12-03,1,False
train,Q_6c87981b660621ddaf29,2,1,2013-11-27,2013-11-27,1,False
train,Q_6c893b4bae3b526d37e8,2,1,2015-01-07,2015-01-07,1,False
train,Q_6c8ef97c4df69c54d1f0,2,1,2013-01-02,2013-01-02,1,False
train,Q_6c95955f52401f48e3ea,2,1,2014-10-01,2014-10-01,1,False
train,Q_6c9940290e8ccbac8634,2,1,2016-09-21,2016-09-21,1,False
train,Q_6ca66aa87bce3bb69b00,2,1,2016-04-13,2016-04-13,1,False
train,Q_6cb2568529415cd5f375,2,1,2012-09-26,2012-09-26,1,False
train,Q_6cbb166d87962b2faaa8,2,1,2015-06-17,2015-06-17,1,False
train,Q_6cbe09641a4007a7048a,2,1,2014-05-07,2014-05-07,1,False
train,Q_6cc95ef925e75f285da7,2,1,2016-08-24,2016-08-24,1,False
train,Q_6ccb36b3c64b534092e9,2,1,2013-07-10,2013-07-10,1,False
train,Q_6cd41e0d7409f19d138d,2,1,2014-07-23,2014-07-23,1,False
train,Q_6cdd8307d6fd8e5baaad,2,1,2015-09-02,2015-09-02,1,False
train,Q_6cdf01bcb531e88cfc3e,2,1,2016-08-03,2016-08-03,1,False
train,Q_6ce0269f89046e43a3f9,2,1,2013-06-05,2013-06-05,1,False
train,Q_6ce672c0070434f012fc,2,1,2012-12-12,2012-12-12,1,False
train,Q_6ce9aaecbeb53fcc5d74,2,1,2012-09-26,2012-09-26,1,False
train,Q_6cef68f248f1ba2e0446,2,1,2013-01-30,2013-01-30,1,False
train,Q_6cf079d33c3c9d8b3f44,2,1,2016-02-17,2016-02-17,1,False
train,Q_6cfdce67019c21f5ec68,2,1,2014-07-23,2014-07-23,1,False
train,Q_6d008a1e7aa3b87b49d8,2,1,2014-10-29,2014-10-29,1,False
train,Q_6d01c25590f3d53b0a77,2,1,2013-11-13,2013-11-13,1,False
train,Q_6d1051fa15422e9e2232,2,1,2015-04-29,2015-04-29,1,False
train,Q_6d13fa62f99912cf7f92,2,1,2015-10-07,2015-10-07,1,False
train,Q_6d1ec2584f0801bd4846,2,1,2013-06-26,2013-06-26,1,False
train,Q_6d26d2820b597b17ec4a,2,1,2012-12-05,2012-12-05,1,False
train,Q_6d3f5010fcfcaaaffa6c,2,1,2014-03-19,2014-03-19,1,False
train,Q_6d44747ee334e01f0fae,2,1,2015-11-25,2015-11-25,1,False
train,Q_6d48a3f830487b44e35d,2,1,2013-06-19,2013-06-19,1,False
train,Q_6d4bd9bcaaeb03302033,2,1,2015-12-09,2015-12-09,1,False
train,Q_6d5892be06ca93b4a23a,2,1,2013-06-19,2013-06-19,1,False
train,Q_6d59ad0db5147e36ae76,2,1,2016-04-13,2016-04-13,1,False
train,Q_6d5c1a7d69ce3b10df57,2,1,2013-06-26,2013-06-26,1,False
train,Q_6d60dec76170263a4101,2,1,2016-05-25,2016-05-25,1,False
train,Q_6d61679e1234968bd610,2,1,2014-05-21,2014-05-21,1,False
train,Q_6d69aeb24db7724a4741,2,1,2015-04-08,2015-04-08,1,False
train,Q_6d7af5ae4db8b4c52bdf,2,1,2016-06-22,2016-06-22,1,False
train,Q_6d825b56b721a39f852a,2,1,2015-07-29,2015-07-29,1,False
train,Q_6d8fc5838d68e20b9654,2,1,2012-09-05,2012-09-05,1,False
train,Q_6d98ac24608d0daf162d,2,1,2014-03-12,2014-03-12,1,False
train,Q_6d9b1472fbfc61eb338e,2,1,2013-10-30,2013-10-30,1,False
train,Q_6d9e70b26f9b4526dd01,2,1,2014-09-24,2014-09-24,1,False
train,Q_6dab9a5581943802c5c6,2,1,2015-07-29,2015-07-29,1,False
train,Q_6db073d0def46f41cc5d,2,1,2015-04-22,2015-04-22,1,False
train,Q_6db0bfa8369b726f7620,2,1,2012-11-28,2012-11-28,1,False
train,Q_6db37498e48a4d18bdbc,2,1,2016-03-09,2016-03-09,1,False
train,Q_6db5dd5ecb80ef28d026,2,1,2015-03-25,2015-03-25,1,False
train,Q_6dbc6e9f09f7e5a93c05,2,1,2014-12-17,2014-12-17,1,False
train,Q_6dd503ef54b135a38bcf,2,1,2015-03-04,2015-03-04,1,False
train,Q_6de26e483d2f3212ee12,2,1,2012-10-03,2012-10-03,1,False
train,Q_6deddcbc839ea721a152,2,1,2012-11-14,2012-11-14,1,False
train,Q_6dfa1aac2b3f69c40d40,2,1,2015-06-24,2015-06-24,1,False
train,Q_6e0c5348473129a01d95,2,1,2013-04-17,2013-04-17,1,False
train,Q_6e1f6c7e430cfd06987c,2,1,2015-09-02,2015-09-02,1,False
train,Q_6e2c4bd23474c8316c07,2,1,2013-01-23,2013-01-23,1,False
train,Q_6e309b146521d29496c1,2,1,2014-12-17,2014-12-17,1,False
train,Q_6e3431bb287b1b68de70,2,1,2012-10-10,2012-10-10,1,False
train,Q_6e561b318be798a38cd6,2,1,2016-04-27,2016-04-27,1,False
train,Q_6e6464e7ae2c78c96838,2,1,2015-10-28,2015-10-28,1,False
train,Q_6e67f7c7f3f27ac33ab3,2,1,2016-09-21,2016-09-21,1,False
train,Q_6e6bee136675383d8517,2,1,2012-12-05,2012-12-05,1,False
train,Q_6e6bff7d095df7a22cd8,2,1,2016-04-06,2016-04-06,1,False
train,Q_6e7bd4a4eabf8310a212,2,1,2015-10-28,2015-10-28,1,False
train,Q_6e825aadf0d2f60d1fee,2,1,2015-04-22,2015-04-22,1,False
train,Q_6e88e6044ca128952187,2,1,2016-03-23,2016-03-23,1,False
train,Q_6e8c2e1294a8d92419a7,2,1,2013-05-29,2013-05-29,1,False
train,Q_6ebd59f741420bedfeed,2,1,2014-11-26,2014-11-26,1,False
train,Q_6ebd8f398d72803832d6,2,1,2015-07-29,2015-07-29,1,False
train,Q_6ed5f1a26f47e90c05c2,2,1,2014-06-04,2014-06-04,1,False
train,Q_6ed7ca5f8231b665e11b,2,1,2014-08-20,2014-08-20,1,False
train,Q_6edecba348cd891021a7,2,1,2013-06-12,2013-06-12,1,False
train,Q_6ee22cec031255599722,2,1,2015-09-16,2015-09-16,1,False
train,Q_6ee6795198af3529e302,2,1,2014-01-22,2014-01-22,1,False
train,Q_6ef118a8c0628f389039,2,1,2013-01-30,2013-01-30,1,False
train,Q_6efcd354b7b0cc344590,2,1,2013-02-20,2013-02-20,1,False
train,Q_6f021e421147cf30ebe9,2,1,2015-08-12,2015-08-12,1,False
train,Q_6f14f57adaad2cc580ad,2,1,2016-02-10,2016-02-10,1,False
train,Q_6f1ef61edc79b4127944,2,1,2013-06-19,2013-06-19,1,False
train,Q_6f223a350224d99376b1,2,1,2016-02-03,2016-02-03,1,False
train,Q_6f2317c5267acfaba03a,2,1,2016-04-13,2016-04-13,1,False
train,Q_6f24f093d01c27206987,2,1,2015-11-04,2015-11-04,1,False
train,Q_6f25bff09443f2a01593,2,1,2015-08-05,2015-08-05,1,False
train,Q_6f47921735a9112841a8,2,1,2014-12-31,2014-12-31,1,False
train,Q_6f4ccf51f95d1c5685b3,2,1,2012-10-10,2012-10-10,1,False
train,Q_6f5ec24fa9fe16503a56,2,1,2015-04-01,2015-04-01,1,False
train,Q_6f6ed7fa0d49533c9edf,2,1,2012-10-31,2012-10-31,1,False
train,Q_6f79682de8a48ce8e690,2,1,2012-09-26,2012-09-26,1,False
train,Q_6f8047260aca16f2a7dc,2,1,2015-12-16,2015-12-16,1,False
train,Q_6f80b2478bdefcb9e529,2,1,2014-02-12,2014-02-12,1,False
train,Q_6f81aafdeb5ef32ca2ca,2,1,2015-06-24,2015-06-24,1,False
train,Q_6f8dbe90aa8dc43e5180,2,1,2014-02-05,2014-02-05,1,False
train,Q_6f937aa8417bed641ae4,2,1,2016-09-14,2016-09-14,1,False
train,Q_6f9513b2266486989671,2,1,2013-08-07,2013-08-07,1,False
train,Q_6f983350856ea41d8d8a,2,1,2015-03-04,2015-03-04,1,False
train,Q_6f984244d571b369b0de,2,1,2013-09-18,2013-09-18,1,False
train,Q_6f9b9fdcca4cbf8104c9,2,1,2014-02-12,2014-02-12,1,False
train,Q_6fa2ce02dc72bcd3a877,2,1,2013-12-04,2013-12-04,1,False
train,Q_6fac045068b1d9844702,2,1,2014-12-03,2014-12-03,1,False
train,Q_6fd71c8279722c04b2cd,2,1,2015-09-30,2015-09-30,1,False
train,Q_6fde0a9dbfe8ebf3303f,2,1,2014-02-05,2014-02-05,1,False
train,Q_6fe58370d8cbdfeabd1e,2,1,2014-06-18,2014-06-18,1,False
train,Q_6ff616e1ea12ffc8ee21,2,1,2013-06-05,2013-06-05,1,False
train,Q_6ff8a8d68e1dff71863f,2,1,2014-05-21,2014-05-21,1,False
train,Q_6ffe28e81181876dc0c8,2,1,2012-07-11,2012-07-11,1,False
train,Q_70011ff492285bb0db47,2,1,2015-04-08,2015-04-08,1,False
train,Q_7001d5db3c56cb351e45,2,1,2013-05-29,2013-05-29,1,False
train,Q_7006472db9016a3294d3,2,1,2013-03-06,2013-03-06,1,False
train,Q_700fd90cf330a042f81d,2,1,2014-12-31,2014-12-31,1,False
train,Q_701156b8414bc6e60d99,2,1,2015-07-29,2015-07-29,1,False
train,Q_70138fa54914d22db10a,2,1,2016-08-17,2016-08-17,1,False
train,Q_701687b61ae3e024d0e6,2,1,2015-12-09,2015-12-09,1,False
train,Q_702e34a679e09095f701,2,1,2014-06-25,2014-06-25,1,False
train,Q_702ec51e194438bd862d,2,1,2015-11-25,2015-11-25,1,False
train,Q_70399f39f12f708d3cf7,2,1,2014-08-13,2014-08-13,1,False
train,Q_703b2f717b3932f1aa8f,2,1,2014-06-11,2014-06-11,1,False
train,Q_703c6dd4411ada996ce6,2,1,2012-11-07,2012-11-07,1,False
train,Q_703fea4eebb0c54b7e5b,2,1,2013-01-16,2013-01-16,1,False
train,Q_70493c95cffd47582653,2,1,2016-02-24,2016-02-24,1,False
train,Q_70550bb5313c3f976597,2,1,2015-06-24,2015-06-24,1,False
train,Q_705b0f87d09ea3b6f692,2,1,2016-01-27,2016-01-27,1,False
train,Q_7064512880f3b7d4a35f,2,1,2016-03-30,2016-03-30,1,False
train,Q_706a989531356e2256bb,2,1,2014-10-29,2014-10-29,1,False
train,Q_7072946925fa543abff6,2,1,2013-04-10,2013-04-10,1,False
train,Q_7072e14476f4aad4139b,2,1,2015-12-16,2015-12-16,1,False
train,Q_7073dc13516961b6e0d4,2,1,2014-11-26,2014-11-26,1,False
train,Q_707af8e38f064d9cf140,2,1,2015-01-21,2015-01-21,1,False
train,Q_708123d649788396c2be,2,1,2016-06-15,2016-06-15,1,False
train,Q_7088fcf0f088cd940248,2,1,2013-10-16,2013-10-16,1,False
train,Q_709758b2b8df6020cec8,2,1,2013-07-24,2013-07-24,1,False
train,Q_709d5388fc7e4afd2369,2,1,2015-07-22,2015-07-22,1,False
train,Q_70aae4e0d019e86e8427,2,1,2016-04-13,2016-04-13,1,False
train,Q_70ac2f5b94baf95b9b0e,2,1,2014-08-13,2014-08-13,1,False
train,Q_70ae037d8f41de2b9bba,2,1,2013-04-24,2013-04-24,1,False
train,Q_70afe9b27b15af056044,2,1,2013-10-23,2013-10-23,1,False
train,Q_70be6ed14e6114086fc0,2,1,2015-06-17,2015-06-17,1,False
train,Q_70c35dcda77f6adbf669,2,1,2016-01-20,2016-01-20,1,False
train,Q_70ccf299a73e17ecfd85,2,1,2016-05-04,2016-05-04,1,False
train,Q_70cf038bfb6f591bd867,2,1,2016-07-06,2016-07-06,1,False
train,Q_70d4793dd0892a68a8f5,2,1,2016-06-01,2016-06-01,1,False
train,Q_70d9aec69c11d7248ebe,2,1,2016-06-29,2016-06-29,1,False
train,Q_70dc01a08eda18fefc44,2,1,2015-03-25,2015-03-25,1,False
train,Q_70de609d7b3ac67669a1,2,1,2013-10-30,2013-10-30,1,False
train,Q_70ec898c09c602fff515,2,1,2016-07-20,2016-07-20,1,False
train,Q_70ed2ed14de3c05eaf19,2,1,2015-09-16,2015-09-16,1,False
train,Q_70f3d04aa7873a2321ea,2,1,2014-06-25,2014-06-25,1,False
train,Q_71080f7286e7832e2435,2,1,2015-11-18,2015-11-18,1,False
train,Q_7113418fa0605f4348ac,2,1,2015-10-07,2015-10-07,1,False
train,Q_7122ceb5977b4dd4623f,2,1,2014-11-19,2014-11-19,1,False
train,Q_71304a61dc3a1641b8ed,2,1,2015-04-29,2015-04-29,1,False
train,Q_7139c5f56b4894502071,2,1,2012-09-19,2012-09-19,1,False
train,Q_7143e7792f9d57b32b32,2,1,2015-06-17,2015-06-17,1,False
train,Q_7148885514a7e7322844,2,1,2015-12-16,2015-12-16,1,False
train,Q_715d2f12a2c63a42ce02,2,1,2014-07-23,2014-07-23,1,False
train,Q_715eea52d1b0d34c4c44,2,1,2016-06-22,2016-06-22,1,False
train,Q_7160036cde8ad2aa8544,2,1,2016-06-22,2016-06-22,1,False
train,Q_716eaf147886f5b0d86d,2,1,2015-12-09,2015-12-09,1,False
train,Q_71783370db431bda480e,2,1,2016-06-08,2016-06-08,1,False
train,Q_7181dcd648dead1893af,2,1,2013-07-17,2013-07-17,1,False
train,Q_718338d5980c7b8e1d5c,2,1,2014-04-09,2014-04-09,1,False
train,Q_7184239d2780a4fa9ce7,2,1,2015-11-04,2015-11-04,1,False
train,Q_71930ebb3741d72fe8d2,2,1,2015-01-21,2015-01-21,1,False
train,Q_7199486e455fb27206f1,2,1,2014-12-31,2014-12-31,1,False
train,Q_71aa72d220ee7ce83fd2,2,1,2015-10-07,2015-10-07,1,False
train,Q_71bffa69049e8ff74770,2,1,2013-09-18,2013-09-18,1,False
train,Q_71c0fb01f2f448624d4e,2,1,2016-03-23,2016-03-23,1,False
train,Q_71c311c4fd3c9c104c84,2,1,2013-11-20,2013-11-20,1,False
train,Q_71c65bac2a91350bbf1a,2,1,2016-08-17,2016-08-17,1,False
train,Q_71cef69be083700c76fa,2,1,2013-02-20,2013-02-20,1,False
train,Q_71d096f7f17f3639b454,2,1,2015-09-09,2015-09-09,1,False
train,Q_71d3886aff613ed192cf,2,1,2015-03-04,2015-03-04,1,False
train,Q_71d90ef484678d4268f8,2,1,2016-06-29,2016-06-29,1,False
train,Q_71e2e1a7e88e28fddba4,2,1,2013-11-13,2013-11-13,1,False
train,Q_71eb51c4212ab9eb4973,2,1,2016-06-29,2016-06-29,1,False
train,Q_71f4358b7748c3daa5dc,2,1,2014-10-15,2014-10-15,1,False
train,Q_71fb74627613b3c3e480,2,1,2014-02-05,2014-02-05,1,False
train,Q_71fcce101404af22035a,2,1,2016-08-03,2016-08-03,1,False
train,Q_7201656263f4383e38da,2,1,2013-01-23,2013-01-23,1,False
train,Q_7218ff268b0e72035a13,2,1,2013-10-16,2013-10-16,1,False
train,Q_72283d84ba601371d5ed,2,1,2012-08-01,2012-08-01,1,False
train,Q_722963c0dddbbdc55c22,2,1,2013-04-03,2013-04-03,1,False
train,Q_722a64f4382f726e2e91,2,1,2015-09-30,2015-09-30,1,False
train,Q_722a8bccf5c91475d839,2,1,2015-05-13,2015-05-13,1,False
train,Q_722e1f93aa9e4ce16d4a,2,1,2016-04-27,2016-04-27,1,False
train,Q_7235247decc09e02216b,2,1,2014-12-17,2014-12-17,1,False
train,Q_7237925c7496c144170d,2,1,2015-02-11,2015-02-11,1,False
train,Q_7239af201581e8a9d45e,2,1,2012-09-26,2012-09-26,1,False
train,Q_723aa041a0ce6457885f,2,1,2012-09-12,2012-09-12,1,False
train,Q_724435543d2bb48fde54,2,1,2015-12-30,2015-12-30,1,False
train,Q_7246f7e21d9c4423a1ee,4,2,2013-06-12,2014-04-30,2,True
train,Q_72595f729cd19f577b29,2,1,2015-03-25,2015-03-25,1,False
train,Q_725aeed08dca38d5066b,2,1,2015-04-15,2015-04-15,1,False
train,Q_72647ba4c682a45c3118,2,1,2014-12-17,2014-12-17,1,False
train,Q_7269f820935ce4fc3608,2,1,2012-10-10,2012-10-10,1,False
train,Q_7272267dc48b9326f728,2,1,2012-10-10,2012-10-10,1,False
train,Q_72797533689545c51a58,2,1,2014-08-06,2014-08-06,1,False
train,Q_727f7446630f6fcb832f,2,1,2015-11-04,2015-11-04,1,False
train,Q_728161876f67c468caab,2,1,2016-05-18,2016-05-18,1,False
train,Q_728baf954eb154ed24ed,2,1,2014-10-15,2014-10-15,1,False
train,Q_728ebc80f72150bd6951,2,1,2016-06-29,2016-06-29,1,False
train,Q_728f7ae8180a0db1297d,2,1,2012-12-19,2012-12-19,1,False
train,Q_72a01d5c22faa4a0dede,2,1,2012-11-28,2012-11-28,1,False
train,Q_72a5d5fb71f1dd03e187,2,1,2015-05-06,2015-05-06,1,False
train,Q_72aa5becdb25904aacd9,2,1,2014-10-08,2014-10-08,1,False
train,Q_72c34e4a472d5ed53b8f,2,1,2013-01-02,2013-01-02,1,False
train,Q_72ca0a65eda7dc9683e0,2,1,2013-10-09,2013-10-09,1,False
train,Q_72cad7451f9bbc275ad1,2,1,2012-09-12,2012-09-12,1,False
train,Q_72d6ca99075dcf03b201,2,1,2013-11-13,2013-11-13,1,False
train,Q_72dbe8f88f54b4cf1f64,2,1,2014-03-12,2014-03-12,1,False
train,Q_72e6c2d0dd173e3a71cc,2,1,2013-05-01,2013-05-01,1,False
train,Q_72e81cf732c0305aa85e,2,1,2014-11-19,2014-11-19,1,False
train,Q_72f2126ecd3242d6b23f,2,1,2015-12-30,2015-12-30,1,False
train,Q_72f76963a5462fbdabf9,2,1,2013-05-08,2013-05-08,1,False
train,Q_72fd1164c90c9a27b9fc,2,1,2012-12-19,2012-12-19,1,False
train,Q_7307d6d211979bff5f3b,2,1,2013-06-12,2013-06-12,1,False
train,Q_730c34ae7a39f4d9e38e,2,1,2015-01-07,2015-01-07,1,False
train,Q_7315958ced37e966b05e,2,1,2014-10-15,2014-10-15,1,False
train,Q_7333833ffe4514e3de8a,2,1,2014-12-17,2014-12-17,1,False
train,Q_7337b5a24fb06ae127b2,2,1,2015-03-25,2015-03-25,1,False
train,Q_734c6beb22e28d90cee7,2,1,2016-06-01,2016-06-01,1,False
train,Q_735290a68af0890b939c,2,1,2014-05-14,2014-05-14,1,False
train,Q_7358d2ef592647745935,2,1,2015-09-02,2015-09-02,1,False
train,Q_735a36ccc25845607683,2,1,2016-09-14,2016-09-14,1,False
train,Q_735cede8e388d3e7e7c3,2,1,2015-04-15,2015-04-15,1,False
train,Q_7371e61fdf1a73ca21ef,2,1,2012-08-01,2012-08-01,1,False
train,Q_73775e38280060e0776d,2,1,2015-04-22,2015-04-22,1,False
train,Q_737915908429dbc952a2,2,1,2014-10-22,2014-10-22,1,False
train,Q_73904c0cea2387a907b2,2,1,2016-06-08,2016-06-08,1,False
train,Q_73979c429103141c06aa,2,1,2015-03-04,2015-03-04,1,False
train,Q_739b3744d929442a1990,2,1,2015-11-25,2015-11-25,1,False
train,Q_73ac5d5777d0e4df0b0d,2,1,2012-12-12,2012-12-12,1,False
train,Q_73aca95dc14f91c6ecd4,2,1,2015-09-09,2015-09-09,1,False
train,Q_73b8a6250b2ff2ab1600,2,1,2012-09-12,2012-09-12,1,False
train,Q_73c04cd8ebb081e540a7,2,1,2012-09-26,2012-09-26,1,False
train,Q_73ce05ab448fb2af9782,2,1,2013-08-07,2013-08-07,1,False
train,Q_73ce47abef7fbcc4e757,2,1,2016-01-06,2016-01-06,1,False
train,Q_73d0d93883c2f8225052,2,1,2015-06-03,2015-06-03,1,False
train,Q_73d30c5b3ca29f2d88d9,2,1,2015-06-03,2015-06-03,1,False
train,Q_73d37d2e7c495f60d04c,2,1,2015-06-03,2015-06-03,1,False
train,Q_73d4732e8233141f2f07,2,1,2015-04-08,2015-04-08,1,False
train,Q_73d4960d04b59186df00,2,1,2015-12-09,2015-12-09,1,False
train,Q_73d59baef31bcab7548a,2,1,2013-03-20,2013-03-20,1,False
train,Q_73dfdfa6c5963b3e5702,2,1,2015-10-21,2015-10-21,1,False
train,Q_73e981ac4f04233f1b50,2,1,2012-08-22,2012-08-22,1,False
train,Q_73e9ca2c96df9a343277,2,1,2012-11-28,2012-11-28,1,False
train,Q_73ebc66e680efab2014d,2,1,2013-02-06,2013-02-06,1,False
train,Q_740e3cde7c7719a108f3,2,1,2014-10-29,2014-10-29,1,False
train,Q_7411a97d895d0b7f6216,2,1,2014-06-11,2014-06-11,1,False
train,Q_741a1aadc9ee3b9dc066,2,1,2013-02-13,2013-02-13,1,False
train,Q_742422e2609dd3340cec,2,1,2013-02-13,2013-02-13,1,False
train,Q_7428b8ccc58a0cce4131,2,1,2014-11-26,2014-11-26,1,False
train,Q_742b1a8d0f9232120ac8,2,1,2014-11-05,2014-11-05,1,False
train,Q_74349508331e74c9dcd4,2,1,2015-06-24,2015-06-24,1,False
train,Q_743541d8631a6f1a7028,2,1,2012-10-03,2012-10-03,1,False
train,Q_7436a62185d170aafed5,2,1,2013-10-16,2013-10-16,1,False
train,Q_743c03bb35c96af6259a,2,1,2015-10-28,2015-10-28,1,False
train,Q_743c3ba745f006818db5,2,1,2012-07-04,2012-07-04,1,False
train,Q_7441bff6997211066845,2,1,2014-02-05,2014-02-05,1,False
train,Q_744d3ab752d9fffdff1f,2,1,2013-11-20,2013-11-20,1,False
train,Q_746fae296b0427ed2e16,2,1,2013-05-08,2013-05-08,1,False
train,Q_7472c057e3d5c6e5a872,2,1,2015-04-08,2015-04-08,1,False
train,Q_747e0cad25f404beaeaf,2,1,2015-10-14,2015-10-14,1,False
train,Q_7489e1b018f4d7c21324,2,1,2014-10-15,2014-10-15,1,False
train,Q_7490285d1cb4a7466e31,2,1,2016-06-15,2016-06-15,1,False
train,Q_7490b8c8673b6a312b73,2,1,2015-04-08,2015-04-08,1,False
train,Q_7494667967a86ded6373,2,1,2012-08-22,2012-08-22,1,False
train,Q_7498cb1732ab0d9ee8c3,2,1,2014-05-07,2014-05-07,1,False
train,Q_749abc0ab51f086d6d40,2,1,2015-07-15,2015-07-15,1,False
train,Q_749c5187181fb7c7462c,2,1,2015-08-05,2015-08-05,1,False
train,Q_74a7cc689ca15dbbdbd9,2,1,2013-12-25,2013-12-25,1,False
train,Q_74a8ba5f72fdab7c3c99,2,1,2016-02-24,2016-02-24,1,False
train,Q_74b4f380dfde163ef405,2,1,2014-12-17,2014-12-17,1,False
train,Q_74b7173beec881761405,2,1,2015-06-17,2015-06-17,1,False
train,Q_74b9d6bcfed2b1b6896b,2,1,2015-05-06,2015-05-06,1,False
train,Q_74bca55123b9eb706643,2,1,2012-11-28,2012-11-28,1,False
train,Q_74be0fc6ac0d841565de,2,1,2016-02-10,2016-02-10,1,False
train,Q_74c2d5fe3c38a5869c5e,2,1,2013-12-11,2013-12-11,1,False
train,Q_74c5a326cb12251cea1f,2,1,2013-06-12,2013-06-12,1,False
train,Q_74d924c24220490563e3,2,1,2013-03-06,2013-03-06,1,False
train,Q_74dffbf251979c2f06ff,2,1,2016-04-27,2016-04-27,1,False
train,Q_74e273564e1ad22aa95e,2,1,2014-10-29,2014-10-29,1,False
train,Q_74eaf4d35bc1c6af980a,2,1,2015-01-21,2015-01-21,1,False
train,Q_74ef205b7a15edd689a8,2,1,2012-07-25,2012-07-25,1,False
train,Q_74f54a8087bd89e1e16f,2,1,2015-01-21,2015-01-21,1,False
train,Q_74f9a06f5bcaf58eaaf5,2,1,2016-06-01,2016-06-01,1,False
train,Q_74fb433c48f6c24dd50e,2,1,2013-11-13,2013-11-13,1,False
train,Q_74fc73f2740e1e2bb5cc,2,1,2013-07-17,2013-07-17,1,False
train,Q_7501023a2a11a123928d,2,1,2014-06-18,2014-06-18,1,False
train,Q_750aef27642d666f02ed,2,1,2016-03-23,2016-03-23,1,False
train,Q_7513354176a5098b71cc,2,1,2015-12-16,2015-12-16,1,False
train,Q_7517185710f5ac7e4611,2,1,2012-10-24,2012-10-24,1,False
train,Q_75174dc8e187ba187e5b,2,1,2013-06-26,2013-06-26,1,False
train,Q_751b4d2613ddc37ef79c,2,1,2013-03-27,2013-03-27,1,False
train,Q_75201bf498739dc1fd72,2,1,2016-09-07,2016-09-07,1,False
train,Q_75236adfd90dd04a8ddd,2,1,2014-07-23,2014-07-23,1,False
train,Q_752723fff7d3ec11bc73,2,1,2016-08-24,2016-08-24,1,False
train,Q_75293c673c13ab8e89ce,2,1,2013-11-06,2013-11-06,1,False
train,Q_75342483f8dd99ac1548,2,1,2015-02-04,2015-02-04,1,False
train,Q_7534b85c7552f5ef9c22,2,1,2013-05-29,2013-05-29,1,False
train,Q_753a3be5553f4bf1efac,2,1,2013-02-13,2013-02-13,1,False
train,Q_753e06fecf10cdde3d9f,2,1,2012-07-11,2012-07-11,1,False
train,Q_75467407895cdbd1fb07,2,1,2016-02-24,2016-02-24,1,False
train,Q_755302f2ab1c4701bf5a,2,1,2013-03-20,2013-03-20,1,False
train,Q_75538a1c43193d3403a7,2,1,2014-02-26,2014-02-26,1,False
train,Q_7554757e1149067c32ad,2,1,2015-11-25,2015-11-25,1,False
train,Q_755665c08b7ba2c8f1ac,2,1,2013-09-04,2013-09-04,1,False
train,Q_755b490ac3f2191c3766,2,1,2015-04-22,2015-04-22,1,False
train,Q_755bbfdd1a3d6ce23cac,2,1,2012-09-26,2012-09-26,1,False
train,Q_755d207aed05b7d2fdec,2,1,2012-08-29,2012-08-29,1,False
train,Q_755e4b2c1e8a03310461,2,1,2014-08-27,2014-08-27,1,False
train,Q_75742f8d599999f5b61d,2,1,2016-03-02,2016-03-02,1,False
train,Q_7592d81340ebcc2b80c7,2,1,2016-02-03,2016-02-03,1,False
train,Q_75988907033a7a50fc5c,2,1,2016-01-13,2016-01-13,1,False
train,Q_759a73d5bda4b18cc75d,2,1,2014-07-02,2014-07-02,1,False
train,Q_759cff366720ff9d0824,2,1,2015-02-25,2015-02-25,1,False
train,Q_75a291c17c252992564c,2,1,2015-11-25,2015-11-25,1,False
train,Q_75a6995f20c8a2a46482,2,1,2015-12-30,2015-12-30,1,False
train,Q_75a8b1673af095ca2c12,2,1,2013-07-17,2013-07-17,1,False
train,Q_75af9b5fae60b5791650,2,1,2015-11-25,2015-11-25,1,False
train,Q_75bf2479791d7d864ed8,2,1,2016-01-13,2016-01-13,1,False
train,Q_75ca492043117c75cd0b,2,1,2015-06-24,2015-06-24,1,False
train,Q_75cd576452a8e67f7296,2,1,2016-05-11,2016-05-11,1,False
train,Q_75d719f683b763849773,2,1,2012-10-10,2012-10-10,1,False
train,Q_75db5012a2d920942169,2,1,2016-03-30,2016-03-30,1,False
train,Q_75e1e1c3797372443b27,2,1,2016-06-22,2016-06-22,1,False
train,Q_75e616a09df72b590ff4,2,1,2015-01-07,2015-01-07,1,False
train,Q_75e8ec946a622d70a5f2,2,1,2015-04-15,2015-04-15,1,False
train,Q_75ead4a1154b97b3319a,2,1,2016-02-10,2016-02-10,1,False
train,Q_75ef33befc51ce1f8d4c,2,1,2012-10-03,2012-10-03,1,False
train,Q_75f4e41f5a6766b17765,2,1,2016-07-20,2016-07-20,1,False
train,Q_76038272154f68708163,2,1,2015-10-28,2015-10-28,1,False
train,Q_760ff4c70631b4d0267b,2,1,2013-12-11,2013-12-11,1,False
train,Q_761a7faf76179a233cba,2,1,2013-02-13,2013-02-13,1,False
train,Q_7622f84ad3ba878cf1fa,2,1,2015-09-09,2015-09-09,1,False
train,Q_7627e5f3befc5c1647ce,2,1,2014-08-06,2014-08-06,1,False
train,Q_7630b74db30770417f5f,2,1,2014-09-17,2014-09-17,1,False
train,Q_7635160ce1701260c18b,2,1,2015-09-16,2015-09-16,1,False
train,Q_763556c5291f9e475043,2,1,2013-11-13,2013-11-13,1,False
train,Q_7637de1a538e31b0b6ad,2,1,2013-11-27,2013-11-27,1,False
train,Q_76382e714272c1351c2b,2,1,2013-05-29,2013-05-29,1,False
train,Q_7657a1f9130b0a009d50,2,1,2016-08-24,2016-08-24,1,False
train,Q_7658fbea7a6f7d55204f,2,1,2016-05-25,2016-05-25,1,False
train,Q_76613666a0931af5887b,2,1,2013-05-01,2013-05-01,1,False
train,Q_7663f28809ac65182c96,2,1,2014-07-23,2014-07-23,1,False
train,Q_767118f26eb8a9433cdb,2,1,2016-05-04,2016-05-04,1,False
train,Q_76739bbad811597c92a0,2,1,2014-01-15,2014-01-15,1,False
train,Q_76779b246773bd0971aa,2,1,2016-06-01,2016-06-01,1,False
train,Q_76797d017527b72ba223,2,1,2013-07-31,2013-07-31,1,False
train,Q_767a5b755c37c8cf42d9,2,1,2013-11-13,2013-11-13,1,False
train,Q_768568f602bfa67dde63,2,1,2015-03-04,2015-03-04,1,False
train,Q_7688e27165619af737da,2,1,2015-11-04,2015-11-04,1,False
train,Q_769b19898b1af286b16c,2,1,2012-08-01,2012-08-01,1,False
train,Q_76a54dbdac887e91a3e4,2,1,2015-12-30,2015-12-30,1,False
train,Q_76aba0b32b34ab599680,2,1,2015-03-18,2015-03-18,1,False
train,Q_76b0ee9d6c80eea99366,2,1,2012-11-28,2012-11-28,1,False
train,Q_76baa69036c1ac711c97,2,1,2014-10-22,2014-10-22,1,False
train,Q_76bb27258a97d5a71225,2,1,2015-09-02,2015-09-02,1,False
train,Q_76befaa2d295ec1ac8b6,2,1,2014-06-25,2014-06-25,1,False
train,Q_76c00b8c7cc6296093d3,2,1,2015-07-08,2015-07-08,1,False
train,Q_76c1498800baf21133a9,2,1,2015-10-21,2015-10-21,1,False
train,Q_76c45913e63243cd7ae7,2,1,2013-03-20,2013-03-20,1,False
train,Q_76c83a6c8fe3bed19bb6,2,1,2015-03-25,2015-03-25,1,False
train,Q_76d9e2ece0ab06b1aef0,2,1,2015-12-30,2015-12-30,1,False
train,Q_76dde9fba8c65092584a,2,1,2012-12-12,2012-12-12,1,False
train,Q_76e200b1e15216cba774,2,1,2014-12-31,2014-12-31,1,False
train,Q_76e20e243facfd80d409,2,1,2015-07-29,2015-07-29,1,False
train,Q_76e4c88c5c9910ca9713,2,1,2016-03-23,2016-03-23,1,False
train,Q_76e845c6f171525b3400,2,1,2014-04-23,2014-04-23,1,False
train,Q_76f384ef6b374467629c,2,1,2015-06-24,2015-06-24,1,False
train,Q_770210574cecd80bc4a3,2,1,2015-10-14,2015-10-14,1,False
train,Q_7709d5fa1c70d3e9857a,2,1,2013-01-30,2013-01-30,1,False
train,Q_770ddd0c7911ad4d9f46,2,1,2013-07-17,2013-07-17,1,False
train,Q_7715f2bda53107627901,2,1,2014-11-26,2014-11-26,1,False
train,Q_771950907e2ce07d7fde,2,1,2016-07-27,2016-07-27,1,False
train,Q_772201720de4c11b2d06,2,1,2013-10-09,2013-10-09,1,False
train,Q_772c4755f351566a927a,2,1,2013-11-06,2013-11-06,1,False
train,Q_773719dbb693d82246f0,2,1,2013-10-23,2013-10-23,1,False
train,Q_773844a9f3afc3699fcd,2,1,2012-09-26,2012-09-26,1,False
train,Q_7741cf5a73bd08157120,2,1,2015-11-25,2015-11-25,1,False
train,Q_77442d18befa5b6470a9,2,1,2015-04-08,2015-04-08,1,False
train,Q_7762e2c4e6c8ca062d0f,2,1,2013-04-17,2013-04-17,1,False
train,Q_77659f2b7863a0fdce45,2,1,2016-03-16,2016-03-16,1,False
train,Q_7773ce76f31a29bef95e,2,1,2012-09-26,2012-09-26,1,False
train,Q_7776abb60868bb7dc5d2,2,1,2016-06-29,2016-06-29,1,False
train,Q_777f09646cac1a3e7e2f,2,1,2016-06-01,2016-06-01,1,False
train,Q_778b8e65b3e7053a1c2a,2,1,2012-11-28,2012-11-28,1,False
train,Q_778ecf2c915bc20f7362,2,1,2014-05-21,2014-05-21,1,False
train,Q_7795625aedcd8079a076,2,1,2015-09-16,2015-09-16,1,False
train,Q_7798d7b852588d61f773,2,1,2016-06-22,2016-06-22,1,False
train,Q_779977654b148830092c,2,1,2016-04-27,2016-04-27,1,False
train,Q_77a5bf98db01e5c1a520,2,1,2016-05-25,2016-05-25,1,False
train,Q_77a69b09b6f5896d10e8,2,1,2014-04-09,2014-04-09,1,False
train,Q_77a6de68622d42ef4679,2,1,2015-06-03,2015-06-03,1,False
train,Q_77a7ce959fc4effdbe7f,2,1,2013-10-02,2013-10-02,1,False
train,Q_77bff1fdf5e8af1bf163,2,1,2015-09-09,2015-09-09,1,False
train,Q_77c1a58b3484b41d0b61,2,1,2013-10-02,2013-10-02,1,False
train,Q_77c6786ca3e70170db62,2,1,2015-10-21,2015-10-21,1,False
train,Q_77c8477fc5d4ebb90760,2,1,2015-03-25,2015-03-25,1,False
train,Q_77cc75ba200de6e7f677,2,1,2014-03-12,2014-03-12,1,False
train,Q_77ce64a1553dbff31093,2,1,2013-05-29,2013-05-29,1,False
train,Q_77d39dac131f1d8c582d,2,1,2013-06-12,2013-06-12,1,False
train,Q_77d7c2afd18093927aca,2,1,2014-02-05,2014-02-05,1,False
train,Q_77d997a6c08fd9a91863,2,1,2013-10-23,2013-10-23,1,False
train,Q_77e837e7032135c00e17,2,1,2014-11-12,2014-11-12,1,False
train,Q_77f20caa02a474f5ac6a,2,1,2013-05-29,2013-05-29,1,False
train,Q_77f2bc0fb6038ab61088,2,1,2013-10-23,2013-10-23,1,False
train,Q_77f357a105367f143152,2,1,2012-11-28,2012-11-28,1,False
train,Q_77f4ba2eba9e7a0402aa,2,1,2014-09-17,2014-09-17,1,False
train,Q_780694e8a640b20b2ae8,2,1,2014-02-12,2014-02-12,1,False
train,Q_7807a14bfa12ad76dcfa,2,1,2014-01-01,2014-01-01,1,False
train,Q_781ac60a9938d490e325,2,1,2013-05-08,2013-05-08,1,False
train,Q_7828372971fd1b5bd7d3,2,1,2013-04-17,2013-04-17,1,False
train,Q_782aac4a9d867959ec60,2,1,2014-11-19,2014-11-19,1,False
train,Q_782da607243c797cad43,2,1,2013-08-07,2013-08-07,1,False
train,Q_784375c814818f98dabc,2,1,2016-04-20,2016-04-20,1,False
train,Q_7844a28525eff472a16b,2,1,2016-09-07,2016-09-07,1,False
train,Q_7866924ec6f7bf4cdaf1,2,1,2016-04-06,2016-04-06,1,False
train,Q_786f854771324a4bfdcc,2,1,2013-10-02,2013-10-02,1,False
train,Q_78746846b4c8f21e0874,2,1,2014-06-04,2014-06-04,1,False
train,Q_787edd5d1b9224d21050,2,1,2013-01-16,2013-01-16,1,False
train,Q_788157cc7085229b7d84,2,1,2016-09-14,2016-09-14,1,False
train,Q_788493dda2f6e5a161ad,2,1,2013-11-20,2013-11-20,1,False
train,Q_788ac309bbfdfadaeb90,2,1,2014-04-23,2014-04-23,1,False
train,Q_788ddf08b574eb0df261,2,1,2014-01-01,2014-01-01,1,False
train,Q_78919f3a0d7cd2f951d6,2,1,2014-06-04,2014-06-04,1,False
train,Q_78996f70fbc366089372,2,1,2012-11-14,2012-11-14,1,False
train,Q_789e4f5f1e7beba8eb68,2,1,2015-10-28,2015-10-28,1,False
train,Q_789e5670e0e8c3756ecd,2,1,2014-09-24,2014-09-24,1,False
train,Q_78a0eaa5336445a8c73e,2,1,2014-12-24,2014-12-24,1,False
train,Q_78ae4b4086e417ac7cb0,2,1,2014-04-23,2014-04-23,1,False
train,Q_78b3da644c9a47999df2,2,1,2016-01-27,2016-01-27,1,False
train,Q_78ba1a3d4c06aa4a9e15,2,1,2014-11-26,2014-11-26,1,False
train,Q_78babb97d05d4b35787f,2,1,2013-05-15,2013-05-15,1,False
train,Q_78bde43e6e4d7db7a84d,2,1,2014-08-20,2014-08-20,1,False
train,Q_78c1a5425498ae6fdece,2,1,2014-12-17,2014-12-17,1,False
train,Q_78c90185e44510611561,2,1,2012-09-26,2012-09-26,1,False
train,Q_78cd6c63e01be0f96714,2,1,2016-06-22,2016-06-22,1,False
train,Q_78cef5e7856c2c033a79,2,1,2012-12-05,2012-12-05,1,False
train,Q_78e0422bbc6ffd0c1c74,2,1,2015-12-23,2015-12-23,1,False
train,Q_78e2129e3a3d8a5a4426,2,1,2012-10-03,2012-10-03,1,False
train,Q_78e59c06b88e25a88c93,2,1,2014-04-23,2014-04-23,1,False
train,Q_78e5d361a4e96d82d9e5,2,1,2016-08-03,2016-08-03,1,False
train,Q_78eec7c92d9eca0caf7a,2,1,2016-09-07,2016-09-07,1,False
train,Q_7904c1d0335ded8ca9cd,2,1,2015-04-01,2015-04-01,1,False
train,Q_790eb8b5964617891e29,2,1,2015-06-17,2015-06-17,1,False
train,Q_7912d82dee3800f319ca,2,1,2013-10-02,2013-10-02,1,False
train,Q_7913c5b661fd7bf9cfb5,2,1,2015-05-06,2015-05-06,1,False
train,Q_791a28f8c30d8f486003,2,1,2012-11-28,2012-11-28,1,False
train,Q_7931c418f29f0638e1b1,2,1,2014-10-01,2014-10-01,1,False
train,Q_7934ccbc211f77ed03cb,2,1,2016-08-10,2016-08-10,1,False
train,Q_7947d7d0f11a13fa4a4d,2,1,2014-10-01,2014-10-01,1,False
train,Q_794e75a82177f0426be1,2,1,2015-12-09,2015-12-09,1,False
train,Q_795b5e4b5ecd48424a5d,2,1,2014-01-22,2014-01-22,1,False
train,Q_7968e63fb39e014a6360,2,1,2016-08-17,2016-08-17,1,False
train,Q_79766113e17fa05ae3d7,2,1,2016-06-01,2016-06-01,1,False
train,Q_798147a45ccd451806b0,2,1,2015-02-11,2015-02-11,1,False
train,Q_798a06e664c98c743160,2,1,2014-01-22,2014-01-22,1,False
train,Q_7992c9e4d5b519ffc9e5,2,1,2015-07-01,2015-07-01,1,False
train,Q_79952f7c0cb85002d1dd,2,1,2014-11-26,2014-11-26,1,False
train,Q_7997ff3f5b47da274254,2,1,2015-09-16,2015-09-16,1,False
train,Q_79987931a11ba5a3cc65,2,1,2012-10-10,2012-10-10,1,False
train,Q_799d9a7d8b80e107f8cd,2,1,2015-11-18,2015-11-18,1,False
train,Q_79a0bc6f52eb18830e27,2,1,2016-01-20,2016-01-20,1,False
train,Q_79a20a01c2b8f1baca21,2,1,2016-08-10,2016-08-10,1,False
train,Q_79aa30ff0286999505c9,2,1,2012-10-31,2012-10-31,1,False
train,Q_79b52c14a0375e8bc5d9,2,1,2013-03-20,2013-03-20,1,False
train,Q_79e38bfe457432256f0f,2,1,2013-02-06,2013-02-06,1,False
train,Q_79efd16785b221d27109,2,1,2012-09-19,2012-09-19,1,False
train,Q_79fe44c500510323abd5,2,1,2015-05-27,2015-05-27,1,False
train,Q_7a0966c8404d842a38f5,2,1,2015-06-24,2015-06-24,1,False
train,Q_7a0f569787e79fabba3d,2,1,2012-07-25,2012-07-25,1,False
train,Q_7a1e30561a26e9e3dab1,2,1,2014-05-28,2014-05-28,1,False
train,Q_7a2114ab885b9f76c1e9,2,1,2013-06-05,2013-06-05,1,False
train,Q_7a22e5f4c370987f6f68,2,1,2014-01-01,2014-01-01,1,False
train,Q_7a30ea48c47161418336,2,1,2015-06-24,2015-06-24,1,False
train,Q_7a339f00316b0eb402cf,2,1,2015-04-29,2015-04-29,1,False
train,Q_7a3491c7899b4df80b6e,2,1,2013-03-06,2013-03-06,1,False
train,Q_7a39edea64c7fed308e5,2,1,2015-04-15,2015-04-15,1,False
train,Q_7a3a1aff5d4471fd01d8,2,1,2014-11-19,2014-11-19,1,False
train,Q_7a3dd3e662dc5a33533f,2,1,2016-09-07,2016-09-07,1,False
train,Q_7a52696192de238f4b65,2,1,2013-02-27,2013-02-27,1,False
train,Q_7a5a2f61b7a65b3619af,2,1,2015-05-06,2015-05-06,1,False
train,Q_7a640724d2c3ff7ea095,2,1,2013-09-25,2013-09-25,1,False
train,Q_7a65d67d0f9591317cdc,2,1,2016-06-29,2016-06-29,1,False
train,Q_7a664fc413d8afe7be70,2,1,2014-10-01,2014-10-01,1,False
train,Q_7a6b971619f91029b301,4,2,2013-01-02,2016-06-15,2,True
train,Q_7a7462ed2069c5e4a4d7,2,1,2016-09-21,2016-09-21,1,False
train,Q_7a8a95e9af1cd40161be,2,1,2013-08-07,2013-08-07,1,False
train,Q_7a8b042654a74f8db628,2,1,2014-12-24,2014-12-24,1,False
train,Q_7a8d20750461f165150a,2,1,2014-07-09,2014-07-09,1,False
train,Q_7a8da0f5f92e0ed5c010,2,1,2016-05-04,2016-05-04,1,False
train,Q_7a98c59cf51e721ccfd6,2,1,2015-09-09,2015-09-09,1,False
train,Q_7a994f135d09e586af0d,2,1,2015-12-30,2015-12-30,1,False
train,Q_7a9abcd8d880903ca2d9,2,1,2016-04-27,2016-04-27,1,False
train,Q_7aa09918b7e64bd1fe0f,2,1,2013-03-06,2013-03-06,1,False
train,Q_7aa325f34fd764d28e0c,2,1,2013-12-11,2013-12-11,1,False
train,Q_7aa63aa0e839661c3573,2,1,2014-02-05,2014-02-05,1,False
train,Q_7aa6aac438a826dae5c5,2,1,2013-03-06,2013-03-06,1,False
train,Q_7aad85dc938dce122321,2,1,2014-06-18,2014-06-18,1,False
train,Q_7aadbcf6b22c6b3459b8,2,1,2015-10-21,2015-10-21,1,False
train,Q_7ab26a88c010ed341f02,2,1,2016-02-03,2016-02-03,1,False
train,Q_7ab5039d5ad5fb7177d9,2,1,2016-08-17,2016-08-17,1,False
train,Q_7aba4982de5163d921bf,2,1,2015-06-03,2015-06-03,1,False
train,Q_7abb62aaab678ce99ec7,2,1,2012-09-05,2012-09-05,1,False
train,Q_7ac3b4997065530dec51,2,1,2015-07-01,2015-07-01,1,False
train,Q_7ad9875b3b05c633300e,4,2,2013-11-20,2014-11-19,2,True
train,Q_7ae5005aaa21eb3f53e9,3,2,2013-03-27,2014-01-15,2,True
train,Q_7aeb5469a29f82b350c7,2,1,2015-12-30,2015-12-30,1,False
train,Q_7aefdbfb0bb0cd7f1b8d,2,1,2014-07-30,2014-07-30,1,False
train,Q_7afffd021a6d6cbdf387,2,1,2013-10-02,2013-10-02,1,False
train,Q_7b036486661994fec91b,2,1,2016-09-07,2016-09-07,1,False
train,Q_7b083ce28acb6f460afe,2,1,2014-09-17,2014-09-17,1,False
train,Q_7b086e074e8b1130226a,2,1,2016-03-02,2016-03-02,1,False
train,Q_7b0d2169ae12a74a2327,2,1,2015-12-30,2015-12-30,1,False
train,Q_7b1888c2c86c2b81f655,2,1,2016-02-03,2016-02-03,1,False
train,Q_7b2050ca8dbc21970b56,2,1,2014-11-26,2014-11-26,1,False
train,Q_7b2ec3587e6de6d942f5,2,1,2014-03-12,2014-03-12,1,False
train,Q_7b31aea9e14b3f97a767,2,1,2015-04-29,2015-04-29,1,False
train,Q_7b3da75cc58b3bdc96ab,2,1,2015-06-03,2015-06-03,1,False
train,Q_7b4da6ae371a9e737663,2,1,2014-11-12,2014-11-12,1,False
train,Q_7b5071493f1d72a57126,2,1,2012-10-31,2012-10-31,1,False
train,Q_7b5208dcd01ddfc12a48,2,1,2014-02-19,2014-02-19,1,False
train,Q_7b57f5c6d80ddb8597bf,2,1,2014-05-28,2014-05-28,1,False
train,Q_7b59b50197263b93d117,2,1,2014-11-19,2014-11-19,1,False
train,Q_7b61a516dca9a02fca8d,2,1,2016-02-03,2016-02-03,1,False
train,Q_7b6f25d394b9e4f14eed,2,1,2015-11-25,2015-11-25,1,False
train,Q_7b78cc127166cafec440,2,1,2016-03-02,2016-03-02,1,False
train,Q_7b85d3810a31945a88e4,2,1,2015-09-30,2015-09-30,1,False
train,Q_7b8b16d19ef6c6858ac4,2,1,2015-04-29,2015-04-29,1,False
train,Q_7b8d352809d0eda20c35,2,1,2013-07-17,2013-07-17,1,False
train,Q_7b8edddef71bc72913f3,2,1,2016-09-14,2016-09-14,1,False
train,Q_7ba33e70c145edd85a4c,2,1,2016-08-10,2016-08-10,1,False
train,Q_7bb2767ed79d31f447ff,2,1,2016-01-13,2016-01-13,1,False
train,Q_7bb490389e5792aa399b,2,1,2012-11-28,2012-11-28,1,False
train,Q_7bb688d05a21b75375cf,2,1,2014-11-05,2014-11-05,1,False
train,Q_7bbb13201cc795d4c12f,2,1,2015-05-06,2015-05-06,1,False
train,Q_7bc1ae055994fa268963,2,1,2014-12-17,2014-12-17,1,False
train,Q_7bc95235cc4ed6f0dc63,2,1,2015-07-15,2015-07-15,1,False
train,Q_7bcaa027660cd442d143,2,1,2015-06-17,2015-06-17,1,False
train,Q_7bcb125cf1ee4aa63c49,2,1,2014-10-01,2014-10-01,1,False
train,Q_7bd3c1b53417d60b4588,2,1,2013-09-04,2013-09-04,1,False
train,Q_7be92136f1243b10a493,2,1,2012-10-03,2012-10-03,1,False
train,Q_7bea28510ad32c8b883a,2,1,2015-08-05,2015-08-05,1,False
train,Q_7bf092592fc0e4c3b485,2,1,2015-03-25,2015-03-25,1,False
train,Q_7bf3972b92f1adf8a98b,2,1,2016-01-27,2016-01-27,1,False
train,Q_7bf7936cd5e477e843b4,2,1,2014-12-17,2014-12-17,1,False
train,Q_7bfc7a5ececc0fbca1cd,2,1,2016-05-25,2016-05-25,1,False
train,Q_7bfec24bf11f3c12e6aa,2,1,2013-03-06,2013-03-06,1,False
train,Q_7c0501b0c9abd5f4d028,2,1,2013-08-28,2013-08-28,1,False
train,Q_7c0c5c6b47cecf8673d6,2,1,2014-04-23,2014-04-23,1,False
train,Q_7c1b50991c78babe6ddd,2,1,2012-08-29,2012-08-29,1,False
train,Q_7c1cbc91b1e6708478c4,2,1,2015-09-30,2015-09-30,1,False
train,Q_7c1f3e6854a5114e4b55,2,1,2016-05-11,2016-05-11,1,False
train,Q_7c225d16f0c0189ed350,2,1,2015-04-29,2015-04-29,1,False
train,Q_7c22ee4a8c2fe6a269d0,2,1,2013-06-26,2013-06-26,1,False
train,Q_7c264750a8a5564c5509,2,1,2015-11-25,2015-11-25,1,False
train,Q_7c2eb2fa2430e6727ed0,2,1,2015-04-29,2015-04-29,1,False
train,Q_7c3211e4e3d5e0d16888,2,1,2014-09-24,2014-09-24,1,False
train,Q_7c34b4c6c45f27590a1f,2,1,2015-09-16,2015-09-16,1,False
train,Q_7c35eb86893408bf075a,2,1,2014-02-05,2014-02-05,1,False
train,Q_7c3e0943b281eaad25d1,2,1,2014-10-29,2014-10-29,1,False
train,Q_7c4ab2c9074842fb613d,2,1,2015-12-30,2015-12-30,1,False
train,Q_7c56c00e1c1561be26ce,2,1,2013-06-19,2013-06-19,1,False
train,Q_7c6d2ee37a1258a5ffcf,2,1,2015-12-30,2015-12-30,1,False
train,Q_7c6da83ecd8f14f509ed,2,1,2015-07-29,2015-07-29,1,False
train,Q_7c6fcd96eab830731673,2,1,2013-05-29,2013-05-29,1,False
train,Q_7c73affb0a49f2b39395,2,1,2013-06-26,2013-06-26,1,False
train,Q_7c7480dbf56ad45aa455,2,1,2016-02-17,2016-02-17,1,False
train,Q_7c8cff54bb90e0ad241f,2,1,2014-05-21,2014-05-21,1,False
train,Q_7c8d45d5f72647af9230,2,1,2012-08-01,2012-08-01,1,False
train,Q_7c8dc33efdb693d1c52b,2,1,2013-04-03,2013-04-03,1,False
train,Q_7c941c43e652a40b07c3,2,1,2015-10-07,2015-10-07,1,False
train,Q_7c96a64ac883e57ea96e,2,1,2016-06-15,2016-06-15,1,False
train,Q_7c9d2b6f18c8bc29a5ce,2,1,2013-08-21,2013-08-21,1,False
train,Q_7ca009810a56537f019e,2,1,2013-06-05,2013-06-05,1,False
train,Q_7ca1eb97aa5f6f1700ea,2,1,2012-10-10,2012-10-10,1,False
train,Q_7ca993acb97cac9127d5,2,1,2013-11-20,2013-11-20,1,False
train,Q_7cb04309b53864149958,2,1,2015-11-04,2015-11-04,1,False
train,Q_7cb78fb0949e1bf385f8,2,1,2013-07-17,2013-07-17,1,False
train,Q_7ccd74278e8e0310716d,2,1,2014-09-10,2014-09-10,1,False
train,Q_7cdea7e1727cfe92452f,2,1,2016-04-27,2016-04-27,1,False
train,Q_7cdeb551e83119b49bb0,2,1,2013-12-18,2013-12-18,1,False
train,Q_7cec649d0115c48e7656,2,1,2016-02-10,2016-02-10,1,False
train,Q_7cf7e2620e6776b07832,2,1,2012-08-29,2012-08-29,1,False
train,Q_7d00d36810c9486976bf,2,1,2013-11-13,2013-11-13,1,False
train,Q_7d26754e0014b866b57a,2,1,2013-12-18,2013-12-18,1,False
train,Q_7d298bb567e774cb72a5,2,1,2013-05-29,2013-05-29,1,False
train,Q_7d30a2a7fea4ae3319b1,2,1,2016-05-25,2016-05-25,1,False
train,Q_7d3538176eb662031dd9,2,1,2016-05-11,2016-05-11,1,False
train,Q_7d46ebafd20e0e79de44,2,1,2015-09-16,2015-09-16,1,False
train,Q_7d49cdd14e474a305d10,2,1,2014-06-18,2014-06-18,1,False
train,Q_7d5217b35453d1d88387,2,1,2015-06-24,2015-06-24,1,False
train,Q_7d537945a56ad60b5908,2,1,2016-09-07,2016-09-07,1,False
train,Q_7d5a5fa096b90eeb4c58,2,1,2015-04-15,2015-04-15,1,False
train,Q_7d5d06db00fdb3171fa5,2,1,2012-09-12,2012-09-12,1,False
train,Q_7d66ab22a1afe37f3a7d,2,1,2015-06-24,2015-06-24,1,False
train,Q_7d69cef09ea805ef9196,2,1,2016-02-17,2016-02-17,1,False
train,Q_7d6c3b179294ca6c7105,2,1,2014-06-25,2014-06-25,1,False
train,Q_7d79ffcf28e811e5eaba,2,1,2015-12-09,2015-12-09,1,False
train,Q_7d7bb485e765018a11a6,2,1,2015-04-15,2015-04-15,1,False
train,Q_7d7da9adf16f1f4f79ab,2,1,2016-06-22,2016-06-22,1,False
train,Q_7d8177ea0c78f05729f4,2,1,2015-08-26,2015-08-26,1,False
train,Q_7d833e3651c82f92dcc6,2,1,2016-08-03,2016-08-03,1,False
train,Q_7d83959890fcef55d893,2,1,2015-06-17,2015-06-17,1,False
train,Q_7d8a68de1f2b5002a1b5,2,1,2015-04-01,2015-04-01,1,False
train,Q_7d8f6f8aa8beed8782ae,2,1,2015-05-06,2015-05-06,1,False
train,Q_7d9572db02f75bd82534,2,1,2015-08-05,2015-08-05,1,False
train,Q_7da1670d1cfaed33105d,2,1,2012-08-22,2012-08-22,1,False
train,Q_7daa1d4771257a841739,2,1,2015-05-06,2015-05-06,1,False
train,Q_7dac5c0be1ad96a008f9,2,1,2016-05-04,2016-05-04,1,False
train,Q_7dad1e423bb68a709e4d,2,1,2016-06-22,2016-06-22,1,False
train,Q_7daeb962d42ac1e870a0,2,1,2016-01-27,2016-01-27,1,False
train,Q_7db14161c2bd2286ed25,2,1,2015-02-04,2015-02-04,1,False
train,Q_7db29b665ddb55514fb2,2,1,2013-05-29,2013-05-29,1,False
train,Q_7db511090db953df46d2,2,1,2016-01-13,2016-01-13,1,False
train,Q_7db649e194edab899fc0,2,1,2014-12-10,2014-12-10,1,False
train,Q_7dc25b80d7673e0acdb9,2,1,2016-02-24,2016-02-24,1,False
train,Q_7dccfb4bcec3f118f4bf,2,1,2014-01-01,2014-01-01,1,False
train,Q_7dcf04e71e3d9f453fd8,2,1,2015-03-04,2015-03-04,1,False
train,Q_7dd38ed4b75ae5ca5fc4,2,1,2014-01-15,2014-01-15,1,False
train,Q_7dd40b9e65d5f439a5d5,2,1,2013-03-06,2013-03-06,1,False
train,Q_7dd5b255786a7b75783c,2,1,2016-03-09,2016-03-09,1,False
train,Q_7dd659ae5e2495db8ca2,2,1,2016-01-20,2016-01-20,1,False
train,Q_7ddcf61d6f1fb0f18eac,2,1,2013-02-13,2013-02-13,1,False
train,Q_7de75b654d53a4b2a89b,2,1,2014-06-18,2014-06-18,1,False
train,Q_7dfc26c6749db0bd5385,2,1,2016-04-27,2016-04-27,1,False
train,Q_7e0583cbb08bcb011a43,2,1,2014-11-12,2014-11-12,1,False
train,Q_7e05ed43c070f762937e,2,1,2015-07-29,2015-07-29,1,False
train,Q_7e0c4aeaaeb8f33d1025,2,1,2014-12-17,2014-12-17,1,False
train,Q_7e0cd4b16d171255428c,2,1,2014-04-09,2014-04-09,1,False
train,Q_7e15c8222c8a05484eb6,2,1,2015-12-09,2015-12-09,1,False
train,Q_7e30169d21da552546ac,2,1,2015-03-04,2015-03-04,1,False
train,Q_7e31f8272a52c4b57378,2,1,2015-12-30,2015-12-30,1,False
train,Q_7e34539c24bfc79d3811,2,1,2014-05-28,2014-05-28,1,False
train,Q_7e37da05a287042b6c01,2,1,2013-05-01,2013-05-01,1,False
train,Q_7e3b9cef1ff35115ea0a,2,1,2016-01-20,2016-01-20,1,False
train,Q_7e566ff6235bbea5165a,2,1,2016-04-13,2016-04-13,1,False
train,Q_7e59d92970b842b5ddcc,2,1,2014-04-23,2014-04-23,1,False
train,Q_7e59eb3f0ca12b653996,2,1,2016-03-02,2016-03-02,1,False
train,Q_7e73aa0240630c106889,2,1,2014-03-12,2014-03-12,1,False
train,Q_7e74dbb38ae70c129a52,2,1,2016-02-10,2016-02-10,1,False
train,Q_7e78ba4f922f284c4127,2,1,2016-02-10,2016-02-10,1,False
train,Q_7e7e7f113bfc2e2e3214,2,1,2013-01-16,2013-01-16,1,False
train,Q_7e817e1f4eabe48dcf9a,2,1,2016-01-13,2016-01-13,1,False
train,Q_7e820e4c979c691c90ba,2,1,2015-12-16,2015-12-16,1,False
train,Q_7e828a7fe69769bb2855,2,1,2014-12-17,2014-12-17,1,False
train,Q_7e8aae7ddd540ba623c5,2,1,2015-07-29,2015-07-29,1,False
train,Q_7e947c84ea1d62de183f,2,1,2013-05-15,2013-05-15,1,False
train,Q_7ea7befde86dfb1effc9,2,1,2013-03-27,2013-03-27,1,False
train,Q_7eb9ca51f7dbf26ca70a,2,1,2013-03-06,2013-03-06,1,False
train,Q_7ec90ed68146c173f5ce,2,1,2014-10-01,2014-10-01,1,False
train,Q_7ecd730c6dd9f2c15271,2,1,2016-08-24,2016-08-24,1,False
train,Q_7ecfd003b641cb9f2853,2,1,2014-10-01,2014-10-01,1,False
train,Q_7edbbf2ec04d3952d90e,2,1,2015-01-21,2015-01-21,1,False
train,Q_7eea14b19110698f92fc,2,1,2015-03-25,2015-03-25,1,False
train,Q_7ef697e59be126733f23,2,1,2013-06-12,2013-06-12,1,False
train,Q_7f0e2a4edc0ad1ffbf79,2,1,2015-09-09,2015-09-09,1,False
train,Q_7f0f1b85e38359e64675,2,1,2016-04-06,2016-04-06,1,False
train,Q_7f1e16c50835d321fdc3,2,1,2015-09-30,2015-09-30,1,False
train,Q_7f202e13e2676635d292,2,1,2012-12-26,2012-12-26,1,False
train,Q_7f244237a74c07ff8d86,2,1,2012-12-19,2012-12-19,1,False
train,Q_7f2d50452ffc945aec86,2,1,2014-08-27,2014-08-27,1,False
train,Q_7f363363c71764c82280,2,1,2014-01-22,2014-01-22,1,False
train,Q_7f4aade6d640830f80ba,2,1,2012-10-03,2012-10-03,1,False
train,Q_7f4b7dcd4f80b5f0425a,2,1,2014-02-05,2014-02-05,1,False
train,Q_7f599e6b73927d17b241,2,1,2012-12-19,2012-12-19,1,False
train,Q_7f59a8130e8f68c7ba5a,2,1,2012-09-26,2012-09-26,1,False
train,Q_7f6221add2f4c68dca41,2,1,2014-05-21,2014-05-21,1,False
train,Q_7f64daa8d6c8634393c2,2,1,2014-11-26,2014-11-26,1,False
train,Q_7f6d55a82f8641388960,2,1,2014-06-18,2014-06-18,1,False
train,Q_7f6f42c0292991915043,2,1,2015-03-04,2015-03-04,1,False
train,Q_7f72bd792793b010b4b8,2,1,2013-07-31,2013-07-31,1,False
train,Q_7f743578a79f66c6d8ab,2,1,2014-12-31,2014-12-31,1,False
train,Q_7f76b072d9ecdbe3d3f1,2,1,2014-06-25,2014-06-25,1,False
train,Q_7f833cd2f7036020556f,2,1,2014-10-01,2014-10-01,1,False
train,Q_7f851374c7264008191c,2,1,2014-02-05,2014-02-05,1,False
train,Q_7f89f3eb8c357ed0e1ae,2,1,2016-04-13,2016-04-13,1,False
train,Q_7f8cecda29ffc399fe9c,2,1,2015-09-02,2015-09-02,1,False
train,Q_7f93de6d00bc85b62c72,2,1,2015-09-30,2015-09-30,1,False
train,Q_7fac45eec4a6eefc78cb,2,1,2014-01-01,2014-01-01,1,False
train,Q_7fad80bce4908e21a465,2,1,2016-03-23,2016-03-23,1,False
train,Q_7fb8176ae415fa073617,2,1,2013-08-07,2013-08-07,1,False
train,Q_7fc326fd764ab90e57e7,2,1,2015-02-25,2015-02-25,1,False
train,Q_7fc3e0d1ca1f842b29f0,2,1,2016-08-10,2016-08-10,1,False
train,Q_7fc66354142f27aeae0b,2,1,2013-11-13,2013-11-13,1,False
train,Q_7fc9ca7e09e214b6d344,2,1,2013-01-16,2013-01-16,1,False
train,Q_7fcd6888a3288c655fbe,2,1,2012-11-07,2012-11-07,1,False
train,Q_7fcdaf37f7839df3f5f0,2,1,2013-02-13,2013-02-13,1,False
train,Q_7fd51071484149b8b794,2,1,2013-08-07,2013-08-07,1,False
train,Q_7fd99db3f6e16f05b595,2,1,2015-03-04,2015-03-04,1,False
train,Q_7fe235558205e198fb80,2,1,2013-05-29,2013-05-29,1,False
train,Q_7fe4f314c70a2a051545,2,1,2015-12-23,2015-12-23,1,False
train,Q_7fe6d2e6eb4f15777a10,2,1,2016-03-09,2016-03-09,1,False
train,Q_7ff31ea7d6c658f957a9,2,1,2013-05-22,2013-05-22,1,False
train,Q_7ff93784aa14ff6f17c7,2,1,2015-04-29,2015-04-29,1,False
train,Q_80198cc6b8bff2ac511a,2,1,2016-05-18,2016-05-18,1,False
train,Q_801f6f3cb5edb410e4f8,2,1,2012-09-05,2012-09-05,1,False
train,Q_802fdd018f22dfff7440,2,1,2013-07-17,2013-07-17,1,False
train,Q_806189d8025b00beaac0,2,1,2015-07-22,2015-07-22,1,False
train,Q_806e5d66ab4724427d2c,2,1,2012-12-19,2012-12-19,1,False
train,Q_80832078d1d1c5f1304d,2,1,2013-04-10,2013-04-10,1,False
train,Q_808731a15695e23d3787,2,1,2014-10-29,2014-10-29,1,False
train,Q_80880a19d7446540ced4,2,1,2015-04-29,2015-04-29,1,False
train,Q_8090874347176104edb5,2,1,2014-05-07,2014-05-07,1,False
train,Q_8091b4f340a8cd78cb72,2,1,2013-03-20,2013-03-20,1,False
train,Q_80924e62c3c4e27fb1b7,2,1,2016-04-13,2016-04-13,1,False
train,Q_809e4faec3ae8614c58b,2,1,2014-12-31,2014-12-31,1,False
train,Q_80a957f5a01ddc07c7cf,2,1,2016-04-13,2016-04-13,1,False
train,Q_80b01ab109412b08ee7b,2,1,2015-04-29,2015-04-29,1,False
train,Q_80b030a5c7f4e9747eb2,2,1,2014-09-24,2014-09-24,1,False
train,Q_80b1e205a40e01fd2b5a,2,1,2014-01-01,2014-01-01,1,False
train,Q_80cabb8afbb4b53ec29d,2,1,2012-08-08,2012-08-08,1,False
train,Q_80d6fd05d7676b6b750f,2,1,2014-10-29,2014-10-29,1,False
train,Q_80de12ea6f374dee6298,2,1,2014-05-07,2014-05-07,1,False
train,Q_80e8632adbcfd9f1787b,2,1,2015-05-20,2015-05-20,1,False
train,Q_80ec866ba2b84431e2a2,2,1,2015-05-27,2015-05-27,1,False
train,Q_80f2031c58558d963a1b,2,1,2014-05-07,2014-05-07,1,False
train,Q_80f8b564f5cddd3f94ee,2,1,2015-11-25,2015-11-25,1,False
train,Q_810679b3e914f6517bcc,2,1,2016-04-27,2016-04-27,1,False
train,Q_810e6c98f7475951a697,2,1,2014-04-09,2014-04-09,1,False
train,Q_811e5fa0c08a42fcc93e,2,1,2012-10-24,2012-10-24,1,False
train,Q_812474efc677ba16a657,2,1,2015-07-29,2015-07-29,1,False
train,Q_8124c5eae0ba4b7b0049,2,1,2015-05-27,2015-05-27,1,False
train,Q_812e080bf09368c772b9,2,1,2012-08-01,2012-08-01,1,False
train,Q_812f201823e8a5ce6acc,2,1,2015-01-14,2015-01-14,1,False
train,Q_813794be9ce2352a9da0,2,1,2014-04-16,2014-04-16,1,False
train,Q_813a317dbb76c438edce,2,1,2014-02-05,2014-02-05,1,False
train,Q_8142d381c2c40fb0bbe8,2,1,2013-04-17,2013-04-17,1,False
train,Q_8149028798c0f89150c0,2,1,2015-10-14,2015-10-14,1,False
train,Q_814b95dcce68f6f68380,2,1,2012-12-12,2012-12-12,1,False
train,Q_8158f59344e79ed7a852,2,1,2016-05-25,2016-05-25,1,False
train,Q_8165f07ab50e2a05b1f9,2,1,2014-11-12,2014-11-12,1,False
train,Q_81678eeaaaddaae40f50,2,1,2013-12-25,2013-12-25,1,False
train,Q_816f2322358c9dac544c,2,1,2016-07-27,2016-07-27,1,False
train,Q_81824be7437969da76da,2,1,2015-11-25,2015-11-25,1,False
train,Q_81898892f13d60d9b0dc,2,1,2013-08-28,2013-08-28,1,False
train,Q_81a0aca6000316ac5f58,2,1,2016-09-14,2016-09-14,1,False
train,Q_81c0cf1301744e81b7d4,2,1,2014-10-29,2014-10-29,1,False
train,Q_81c359b243d0243cb720,2,1,2013-10-23,2013-10-23,1,False
train,Q_81c6648d3422bbee9a40,2,1,2013-07-31,2013-07-31,1,False
train,Q_81c95a891fdf44cb4745,2,1,2013-11-20,2013-11-20,1,False
train,Q_81d1cd7a765d19a1c3d7,2,1,2012-11-21,2012-11-21,1,False
train,Q_81d7ca40da06c9bb6d6f,2,1,2012-11-21,2012-11-21,1,False
train,Q_81dc29519b78bd737e55,2,1,2014-01-22,2014-01-22,1,False
train,Q_81f3ff0e008fcd3949cf,2,1,2014-12-31,2014-12-31,1,False
train,Q_81f62dba48793f65d639,2,1,2014-10-29,2014-10-29,1,False
train,Q_81fd94f854308f9f0fac,2,1,2015-07-01,2015-07-01,1,False
train,Q_821195b311eaeb453f97,2,1,2013-01-30,2013-01-30,1,False
train,Q_821322a2fa5c9b0f2174,2,1,2014-04-16,2014-04-16,1,False
train,Q_8224b0cb60e3c01e71c3,2,1,2013-10-09,2013-10-09,1,False
train,Q_82259a16684bcc836461,2,1,2013-05-29,2013-05-29,1,False
train,Q_822f28c33167594977bc,2,1,2013-03-20,2013-03-20,1,False
train,Q_8230353d7a1005337aab,2,1,2014-05-21,2014-05-21,1,False
train,Q_8248907b603cd1789b40,2,1,2012-11-28,2012-11-28,1,False
train,Q_824f43b105541d748159,2,1,2014-04-23,2014-04-23,1,False
train,Q_82539b9c0473a3ff648e,2,1,2013-05-01,2013-05-01,1,False
train,Q_8263e6d797bf94b70b6a,2,1,2015-03-18,2015-03-18,1,False
train,Q_826ccd7433cf6ecad191,2,1,2013-07-17,2013-07-17,1,False
train,Q_826fe07a0a46e722fa6e,2,1,2013-05-01,2013-05-01,1,False
train,Q_827d219aaecaa594b2ce,3,2,2013-06-12,2014-04-30,2,True
train,Q_8292c80933f4ba27e918,2,1,2014-10-29,2014-10-29,1,False
train,Q_829612a954e81ae64a7b,2,1,2013-10-02,2013-10-02,1,False
train,Q_829b44093a29e7d8187c,2,1,2014-05-07,2014-05-07,1,False
train,Q_82a16815509a8d8e7e3c,2,1,2016-05-18,2016-05-18,1,False
train,Q_82a2a43eed2489a4b09a,2,1,2015-12-09,2015-12-09,1,False
train,Q_82a2f00acfa3e3f42b5a,2,1,2015-09-30,2015-09-30,1,False
train,Q_82a878dce227826bc12b,2,1,2016-03-09,2016-03-09,1,False
train,Q_82b59c914c598d801ea8,2,1,2012-10-03,2012-10-03,1,False
train,Q_82ba0c849ed923650d17,2,1,2012-08-15,2012-08-15,1,False
train,Q_82c9e90ca48cb9e8aae8,2,1,2012-11-21,2012-11-21,1,False
train,Q_82ccd2eb205ef8c1ae9a,4,2,2013-09-18,2013-11-27,2,True
train,Q_82d34603ad5013be88ec,2,1,2016-05-18,2016-05-18,1,False
train,Q_82de7c7f6718c6dc5584,2,1,2015-08-26,2015-08-26,1,False
train,Q_82e07d04133412d5bdf6,2,1,2014-12-17,2014-12-17,1,False
train,Q_82e10564eed2beb242c4,2,1,2013-05-29,2013-05-29,1,False
train,Q_82e53f460b5664c4225f,2,1,2014-02-05,2014-02-05,1,False
train,Q_82eb3ade8ecdaf1cf538,2,1,2016-03-09,2016-03-09,1,False
train,Q_82f68efb61dcca1e329c,2,1,2014-09-10,2014-09-10,1,False
train,Q_82fb894d055a251c5a19,2,1,2014-09-17,2014-09-17,1,False
train,Q_82fd2dab64ae0ee07005,2,1,2016-03-09,2016-03-09,1,False
train,Q_8300f9e9959674af59d7,2,1,2014-02-05,2014-02-05,1,False
train,Q_8306c92880d97e2ce5a7,2,1,2014-08-06,2014-08-06,1,False
train,Q_83185f6876183fafffcb,2,1,2014-04-09,2014-04-09,1,False
train,Q_831a1885f5b6b5a6c157,2,1,2013-06-12,2013-06-12,1,False
train,Q_83216b831cf976be301b,2,1,2015-07-01,2015-07-01,1,False
train,Q_8327050f485829fd8f8e,2,1,2015-09-16,2015-09-16,1,False
train,Q_83292f0ad11f373d0dbc,2,1,2014-06-18,2014-06-18,1,False
train,Q_832b843125ea44a7c913,2,1,2016-06-22,2016-06-22,1,False
train,Q_832d39c4cd67e1bc69c8,2,1,2016-04-13,2016-04-13,1,False
train,Q_832df1b9d7ad34a33822,2,1,2016-06-08,2016-06-08,1,False
train,Q_833c1e85916562b36626,2,1,2014-06-25,2014-06-25,1,False
train,Q_8340c618812b65f5f45a,2,1,2012-10-03,2012-10-03,1,False
train,Q_8347fee95967732ea60e,2,1,2015-09-30,2015-09-30,1,False
train,Q_834ffd70a3c56b225d8b,2,1,2013-07-10,2013-07-10,1,False
train,Q_8353919a4ffe553a996b,2,1,2016-08-10,2016-08-10,1,False
train,Q_835b805191eaea24163e,2,1,2015-10-07,2015-10-07,1,False
train,Q_836477aa3130a5be94e5,2,1,2015-11-18,2015-11-18,1,False
train,Q_836a25da8bd307f9efc8,2,1,2015-02-11,2015-02-11,1,False
train,Q_83747b83ff37c359ac89,2,1,2013-10-02,2013-10-02,1,False
train,Q_838840cb31dcc0215e33,2,1,2012-09-05,2012-09-05,1,False
train,Q_838bf98732c7a304c79e,2,1,2015-11-18,2015-11-18,1,False
train,Q_83976ef0bf8468696491,2,1,2014-12-17,2014-12-17,1,False
train,Q_83a1d78ff54793f9360d,2,1,2014-04-23,2014-04-23,1,False
train,Q_83a8bc04be042e5cdb45,2,1,2016-03-09,2016-03-09,1,False
train,Q_83ade1f7aa2564996132,2,1,2013-10-02,2013-10-02,1,False
train,Q_83b4887ccb9a7ee086f5,2,1,2016-05-18,2016-05-18,1,False
train,Q_83b7955025fe24d3efbf,2,1,2014-03-05,2014-03-05,1,False
train,Q_83d0c4918502777b3a2f,2,1,2014-05-07,2014-05-07,1,False
train,Q_83d20f914fda4ff9d559,2,1,2015-09-09,2015-09-09,1,False
train,Q_83d483ac119539d26ed3,2,1,2016-06-29,2016-06-29,1,False
train,Q_83d7a575292f31b53ef9,2,1,2015-09-09,2015-09-09,1,False
train,Q_83dd2c8846086e8cfd13,2,1,2015-07-29,2015-07-29,1,False
train,Q_83df6d6993c6191461ae,2,1,2015-10-14,2015-10-14,1,False
train,Q_83e3f7242fe1737454e6,2,1,2015-04-29,2015-04-29,1,False
train,Q_83ec1106d70718f0aace,2,1,2014-03-05,2014-03-05,1,False
train,Q_841cce217ba27e6003a5,2,1,2015-10-28,2015-10-28,1,False
train,Q_8423a4e29ac5a0a35a49,2,1,2012-10-10,2012-10-10,1,False
train,Q_842ce2387639e22f8479,2,1,2013-06-12,2013-06-12,1,False
train,Q_84329c12cc1df92d0a55,2,1,2015-11-25,2015-11-25,1,False
train,Q_843aaeec69c9b32f07b1,2,1,2016-06-01,2016-06-01,1,False
train,Q_843e563635f433f7f96d,2,1,2014-07-30,2014-07-30,1,False
train,Q_8446139114e2ff310a2e,2,1,2015-02-18,2015-02-18,1,False
train,Q_8447c522ab20d8041fcb,2,1,2016-01-27,2016-01-27,1,False
train,Q_84515b0e04e741a57380,2,1,2014-12-31,2014-12-31,1,False
train,Q_845331eb8eb42072f954,2,1,2015-03-18,2015-03-18,1,False
train,Q_84611ad791096e3fcbd4,2,1,2013-03-20,2013-03-20,1,False
train,Q_8461dfe560ad47807a5d,2,1,2013-07-24,2013-07-24,1,False
train,Q_84630903789824bfcd52,2,1,2014-10-08,2014-10-08,1,False
train,Q_84675d1f315b106ba309,2,1,2014-05-07,2014-05-07,1,False
train,Q_846a3e26dcd6c8580aea,2,1,2016-03-23,2016-03-23,1,False
train,Q_846c93082722e293088c,2,1,2014-12-10,2014-12-10,1,False
train,Q_847d3c146d5ed2923304,2,1,2015-03-18,2015-03-18,1,False
train,Q_84849979a433a2aa8b23,2,1,2012-11-28,2012-11-28,1,False
train,Q_84850a4af55e1b83f6f8,2,1,2013-10-23,2013-10-23,1,False
train,Q_84907789c2aa78739b60,2,1,2012-08-29,2012-08-29,1,False
train,Q_8491a4ca56e05e2ba084,2,1,2015-09-16,2015-09-16,1,False
train,Q_84b4961dc69d5225be7d,2,1,2016-05-04,2016-05-04,1,False
train,Q_84d360657d75bc1c98be,2,1,2012-12-05,2012-12-05,1,False
train,Q_84d460055734ddecd9ec,2,1,2015-02-11,2015-02-11,1,False
train,Q_84d7b42fbf487ed64574,2,1,2014-04-23,2014-04-23,1,False
train,Q_84d7d645be4ad8dcb18c,2,1,2015-09-02,2015-09-02,1,False
train,Q_84e71a047e4039873d83,2,1,2013-01-30,2013-01-30,1,False
train,Q_84ef89c8ae47d585cb07,2,1,2013-05-29,2013-05-29,1,False
train,Q_84f54c3508a9d74df4f1,2,1,2013-04-24,2013-04-24,1,False
train,Q_850664d9f2e10432321d,2,1,2013-08-21,2013-08-21,1,False
train,Q_850ecc5346d010e05003,2,1,2016-05-25,2016-05-25,1,False
train,Q_850f66dbf164c6ccdecc,2,1,2014-10-15,2014-10-15,1,False
train,Q_85102f23eb8ec7c3b443,2,1,2012-09-26,2012-09-26,1,False
train,Q_851ac4ecf747444d3992,2,1,2015-02-11,2015-02-11,1,False
train,Q_851b4f9b3c6c734b0680,2,1,2014-07-02,2014-07-02,1,False
train,Q_851beb3a2a04d333813a,2,1,2015-03-25,2015-03-25,1,False
train,Q_85291168633987b204b5,2,1,2013-11-06,2013-11-06,1,False
train,Q_852ec7399b60af7d96d6,2,1,2014-08-06,2014-08-06,1,False
train,Q_853aa0639102707ffe74,2,1,2015-06-03,2015-06-03,1,False
train,Q_853ab3706bbfcf19eba1,2,1,2015-01-07,2015-01-07,1,False
train,Q_853e09e5d75e30fdfabe,2,1,2014-03-19,2014-03-19,1,False
train,Q_85430fd59896e173d6ab,2,1,2014-05-28,2014-05-28,1,False
train,Q_85488fea6c563a420c4b,2,1,2012-08-08,2012-08-08,1,False
train,Q_854b2a20a405ac11bb2b,2,1,2014-07-23,2014-07-23,1,False
train,Q_854c3e43e6e29c3b1cf3,2,1,2014-01-01,2014-01-01,1,False
train,Q_854c51cb067d52378b83,2,1,2015-05-06,2015-05-06,1,False
train,Q_855133557815ec62836a,2,1,2013-04-10,2013-04-10,1,False
train,Q_85517d020ce365cb96d4,2,1,2014-08-27,2014-08-27,1,False
train,Q_855a6319b9385d4a3ab1,2,1,2013-09-11,2013-09-11,1,False
train,Q_8561f010e055c0ad96d3,2,1,2015-04-29,2015-04-29,1,False
train,Q_8561f7241ce4cc47c586,2,1,2013-11-13,2013-11-13,1,False
train,Q_85642eccd9e452b37988,2,1,2016-01-27,2016-01-27,1,False
train,Q_85700bd9c85113c8f383,2,1,2012-11-14,2012-11-14,1,False
train,Q_8574f759aea74b15edc5,2,1,2012-12-19,2012-12-19,1,False
train,Q_8577671fe755a93a2788,2,1,2012-08-01,2012-08-01,1,False
train,Q_857ef4d2cac5953697e0,2,1,2015-04-22,2015-04-22,1,False
train,Q_8589136980d41992e9d2,2,1,2015-09-09,2015-09-09,1,False
train,Q_8590a25d1e2eb2fbb76d,2,1,2012-11-21,2012-11-21,1,False
train,Q_859676998f1bb0c5ff75,2,1,2016-06-22,2016-06-22,1,False
train,Q_85a2518985c43c7cb8c8,2,1,2012-10-03,2012-10-03,1,False
train,Q_85ad8188fbf9964eae22,2,1,2015-04-29,2015-04-29,1,False
train,Q_85ae50696726b93bfaee,2,1,2014-08-20,2014-08-20,1,False
train,Q_85b2ffab1801104d212c,2,1,2012-10-03,2012-10-03,1,False
train,Q_85b4336c772bb0fe8af5,2,1,2015-09-30,2015-09-30,1,False
train,Q_85b71002d75ffcc0a86e,2,1,2013-02-13,2013-02-13,1,False
train,Q_85b7b93a8ba67fc7c1da,2,1,2013-05-29,2013-05-29,1,False
train,Q_85bd75bcb35c157fdc89,2,1,2014-10-15,2014-10-15,1,False
train,Q_85d33cacecc3904eeee5,2,1,2015-12-09,2015-12-09,1,False
train,Q_85d5ee60cd40dac510e7,2,1,2014-06-04,2014-06-04,1,False
train,Q_85d665a62646637948eb,2,1,2014-12-31,2014-12-31,1,False
train,Q_85d8ffb6a6b167620c76,2,1,2016-04-27,2016-04-27,1,False
train,Q_85db3611f9cf2b086d5a,2,1,2014-04-02,2014-04-02,1,False
train,Q_85ee083bb427da7d171f,2,1,2013-01-30,2013-01-30,1,False
train,Q_85f078d11e00338e4f40,2,1,2013-08-21,2013-08-21,1,False
train,Q_85f1a298cb6b29510448,2,1,2014-02-05,2014-02-05,1,False
train,Q_85f49419c3f14f05a890,2,1,2013-07-03,2013-07-03,1,False
train,Q_85f4cca1d289b1211e4d,2,1,2013-01-02,2013-01-02,1,False
train,Q_8605ecbc7e7e19af9583,4,2,2013-09-18,2013-11-27,2,True
train,Q_861a5c5f4f18a61d47b3,2,1,2014-12-10,2014-12-10,1,False
train,Q_862477db7c5889ac6e6e,2,1,2013-10-09,2013-10-09,1,False
train,Q_8628d62ca6020668f3d0,2,1,2013-05-01,2013-05-01,1,False
train,Q_86323d3e2dcf0da849c1,2,1,2015-12-23,2015-12-23,1,False
train,Q_8632d300785799b20ad5,2,1,2016-03-02,2016-03-02,1,False
train,Q_8635a5e1c2d3277bab6b,2,1,2015-06-17,2015-06-17,1,False
train,Q_863ea5fb8d9f84d00863,2,1,2014-10-01,2014-10-01,1,False
train,Q_863eb927c072134bfbc3,2,1,2014-07-30,2014-07-30,1,False
train,Q_86403116a4143d2aef2b,2,1,2015-07-29,2015-07-29,1,False
train,Q_8641af3e8efabfe4587a,2,1,2013-07-31,2013-07-31,1,False
train,Q_8644666e9aac4ce878ff,2,1,2016-04-13,2016-04-13,1,False
train,Q_864b57fc58f83bed21cf,2,1,2016-02-03,2016-02-03,1,False
train,Q_86689b58ca1776bf28c0,2,1,2013-11-13,2013-11-13,1,False
train,Q_866b22b5725787b79ad0,2,1,2016-04-13,2016-04-13,1,False
train,Q_8674554e855ec25f5e6d,2,1,2016-05-04,2016-05-04,1,False
train,Q_8674d3839d48378c6995,2,1,2015-10-14,2015-10-14,1,False
train,Q_8682d133c6bc89a1262a,2,1,2014-05-07,2014-05-07,1,False
train,Q_86840dfb7ad324e8d320,2,1,2015-04-15,2015-04-15,1,False
train,Q_8684e6cee2bd28071d07,2,1,2015-08-05,2015-08-05,1,False
train,Q_869614f93eb3b3bbca8e,2,1,2015-06-24,2015-06-24,1,False
train,Q_86992f4eee48f42412d9,2,1,2013-10-30,2013-10-30,1,False
train,Q_869f9488f3adf433364e,2,1,2014-02-05,2014-02-05,1,False
train,Q_86ae04dfc45692fb52bd,2,1,2016-01-27,2016-01-27,1,False
train,Q_86ae92dd0deb761e4126,2,1,2016-06-01,2016-06-01,1,False
train,Q_86b2f5140bfc9f0070ac,2,1,2013-11-13,2013-11-13,1,False
train,Q_86b85e2e9ecc74c057b2,2,1,2015-07-15,2015-07-15,1,False
train,Q_86bea6c4863f2a7dd3af,2,1,2015-08-12,2015-08-12,1,False
train,Q_86d1b11c1ad31febcb44,2,1,2013-12-18,2013-12-18,1,False
train,Q_86e139f88e5040e236c8,2,1,2016-04-06,2016-04-06,1,False
train,Q_86e7d40d4ee84ae7b8ff,2,1,2015-04-22,2015-04-22,1,False
train,Q_86f5a72b731c5838ea5b,2,1,2015-08-12,2015-08-12,1,False
train,Q_86fda15d29f8bbe8983c,2,1,2013-12-04,2013-12-04,1,False
train,Q_870c273ded8dcac4f674,2,1,2015-10-28,2015-10-28,1,False
train,Q_870fc9584db6f6db0717,2,1,2012-11-14,2012-11-14,1,False
train,Q_871156c10a209b06a8f7,2,1,2015-08-05,2015-08-05,1,False
train,Q_8719027b61147edddcb1,2,1,2016-08-03,2016-08-03,1,False
train,Q_87245f2278a58adbcb70,2,1,2016-07-06,2016-07-06,1,False
train,Q_874a87cf30f1986ad4ac,2,1,2016-09-14,2016-09-14,1,False
train,Q_8761156226788a8eae09,2,1,2012-09-19,2012-09-19,1,False
train,Q_877c15b7ab98b047d4c3,2,1,2013-06-12,2013-06-12,1,False
train,Q_879bf5717d05b5d43cdb,2,1,2013-05-29,2013-05-29,1,False
train,Q_87a66e0053640bd42be1,2,1,2015-11-25,2015-11-25,1,False
train,Q_87aa50523d9212742783,2,1,2014-01-01,2014-01-01,1,False
train,Q_87c80d9838bf0dd75754,2,1,2015-10-14,2015-10-14,1,False
train,Q_87d020c6afe02c86d04b,2,1,2016-06-15,2016-06-15,1,False
train,Q_87d82573a2509dd444e3,2,1,2016-06-01,2016-06-01,1,False
train,Q_87e1be97dbfba67a7846,2,1,2015-01-07,2015-01-07,1,False
train,Q_87f4a89f3a8b5de3b46d,2,1,2015-04-29,2015-04-29,1,False
train,Q_87f96426772988c4b834,2,1,2015-03-04,2015-03-04,1,False
train,Q_8801d68f1c35a0c4ed3a,2,1,2013-07-31,2013-07-31,1,False
train,Q_8808e773d3d8edf3d664,2,1,2013-04-10,2013-04-10,1,False
train,Q_8809bbbdf012bf671066,2,1,2014-10-01,2014-10-01,1,False
train,Q_880cc8e6fe27f88174e7,2,1,2014-10-22,2014-10-22,1,False
train,Q_8810cadda5c6dd32294b,2,1,2015-02-18,2015-02-18,1,False
train,Q_881548b45c148b8874c2,2,1,2016-03-02,2016-03-02,1,False
train,Q_8823b27027239042835b,2,1,2015-02-11,2015-02-11,1,False
train,Q_8824a7cd0fca782f6c22,2,1,2015-01-14,2015-01-14,1,False
train,Q_882e247ab4cbfd4bce54,2,1,2014-02-05,2014-02-05,1,False
train,Q_8839ea3a01f8c909da33,2,1,2013-11-06,2013-11-06,1,False
train,Q_883b67a1c86a5f0551c5,2,1,2015-02-11,2015-02-11,1,False
train,Q_883da5687a582c6bf17e,2,1,2013-04-24,2013-04-24,1,False
train,Q_884064670661c1b7fecd,2,1,2015-04-29,2015-04-29,1,False
train,Q_8840904858d3c64eb6bb,2,1,2012-10-03,2012-10-03,1,False
train,Q_884aa7c46b80309cb56f,2,1,2012-12-26,2012-12-26,1,False
train,Q_884c36fb33edf061783e,2,1,2016-08-31,2016-08-31,1,False
train,Q_8858e6ef4450cb39df01,2,1,2013-12-04,2013-12-04,1,False
train,Q_885f6b7f4527a85877d5,2,1,2016-04-13,2016-04-13,1,False
train,Q_88678773fdb8ebc59bd9,2,1,2014-11-05,2014-11-05,1,False
train,Q_886a29db1ff6afe78207,2,1,2014-06-11,2014-06-11,1,False
train,Q_8871aa5bd10504979ae1,2,1,2014-12-17,2014-12-17,1,False
train,Q_88801a453c7a4968cf39,2,1,2013-08-21,2013-08-21,1,False
train,Q_8880b1e95ae8123a40d6,2,1,2016-06-01,2016-06-01,1,False
train,Q_888eb148415dce88deda,2,1,2013-10-23,2013-10-23,1,False
train,Q_8895866f4a2a58ff179a,2,1,2014-03-12,2014-03-12,1,False
train,Q_889f494ee6ed6a3842fb,2,1,2014-05-21,2014-05-21,1,False
train,Q_88a2812c7af22d656a5a,2,1,2012-11-07,2012-11-07,1,False
train,Q_88af46a656f35f340e90,2,1,2013-04-24,2013-04-24,1,False
train,Q_88b32e07b95c695394cf,2,1,2013-10-02,2013-10-02,1,False
train,Q_88cecef7255d6123b88c,2,1,2016-03-02,2016-03-02,1,False
train,Q_88e1b38be3a31848296c,2,1,2014-05-07,2014-05-07,1,False
train,Q_88f578c20ed670f265c6,2,1,2016-03-23,2016-03-23,1,False
train,Q_88f9c7e360439b2c8daf,2,1,2015-11-25,2015-11-25,1,False
train,Q_891084df440ed3ccb641,4,1,2014-10-15,2014-10-15,2,False
train,Q_8910ad0d26850b618a17,2,1,2014-08-13,2014-08-13,1,False
train,Q_891b1f22b775e0026f56,2,1,2014-10-22,2014-10-22,1,False
train,Q_892040efba8d2859a1eb,2,1,2016-08-24,2016-08-24,1,False
train,Q_89236116e1d3fdc211db,2,1,2014-04-23,2014-04-23,1,False
train,Q_893a8148539eaa55d4d4,2,1,2013-10-09,2013-10-09,1,False
train,Q_8940bc897840655210b2,2,1,2014-04-09,2014-04-09,1,False
train,Q_8947b6eba1f36f2df64e,2,1,2015-03-04,2015-03-04,1,False
train,Q_894cc38237cd1d79f0de,2,1,2015-12-02,2015-12-02,1,False
train,Q_895dcab838a860a04768,2,1,2013-03-20,2013-03-20,1,False
train,Q_896e61fbee816f39ba23,2,1,2015-04-08,2015-04-08,1,False
train,Q_896e8dc53f7c1a68d8d3,2,1,2016-03-23,2016-03-23,1,False
train,Q_897ee893d16f978e1b03,2,1,2015-06-24,2015-06-24,1,False
train,Q_8981909c39f5416725ae,2,1,2016-08-10,2016-08-10,1,False
train,Q_899f2169ae3dd96b5aaa,2,1,2014-01-15,2014-01-15,1,False
train,Q_89a29f1863e089ea1b39,2,1,2016-03-02,2016-03-02,1,False
train,Q_89a5c29f8bff77b0d4dd,2,1,2013-10-02,2013-10-02,1,False
train,Q_89af756c52bc87029396,2,1,2015-04-08,2015-04-08,1,False
train,Q_89b5fa18828d2e774151,2,1,2014-12-24,2014-12-24,1,False
train,Q_89b736c96a77e0a22aeb,2,1,2015-08-05,2015-08-05,1,False
train,Q_89cdf9a0ccd96dce49a5,2,1,2013-10-09,2013-10-09,1,False
train,Q_89ce642a382afb7b19cb,2,1,2013-10-23,2013-10-23,1,False
train,Q_89d13cb96d5afd8cf310,2,1,2015-05-20,2015-05-20,1,False
train,Q_89e34d18a464e689913f,2,1,2014-04-23,2014-04-23,1,False
train,Q_89e497f982e9867a04e1,2,1,2014-12-17,2014-12-17,1,False
train,Q_89e83bec593ba15546a7,2,1,2013-06-26,2013-06-26,1,False
train,Q_89ef3342cda7a8799be0,2,1,2014-10-15,2014-10-15,1,False
train,Q_8a16225e836fa29cd34f,2,1,2012-11-07,2012-11-07,1,False
train,Q_8a194d2310093b5b9f78,2,1,2014-05-21,2014-05-21,1,False
train,Q_8a1a1f625c4ab68f5daf,2,1,2013-03-06,2013-03-06,1,False
train,Q_8a1b874014364c14758e,2,1,2016-04-06,2016-04-06,1,False
train,Q_8a1f5701be6e4888282e,2,1,2014-11-05,2014-11-05,1,False
train,Q_8a201f03bd7fe6800ff1,2,1,2012-12-26,2012-12-26,1,False
train,Q_8a260f39ad2f49b306b7,2,1,2014-06-25,2014-06-25,1,False
train,Q_8a314387eef8dfef5b9f,2,1,2015-02-04,2015-02-04,1,False
train,Q_8a39117c59e1656af0ca,2,1,2016-01-06,2016-01-06,1,False
train,Q_8a3a38b27065e28d037d,2,1,2013-06-12,2013-06-12,1,False
train,Q_8a41cc3880a2d425f4c3,2,1,2015-12-09,2015-12-09,1,False
train,Q_8a466d88d497d4a6481d,2,1,2014-04-23,2014-04-23,1,False
train,Q_8a48c32325b537919e69,2,1,2013-01-16,2013-01-16,1,False
train,Q_8a517297ae2ec4f7a3eb,2,1,2016-01-27,2016-01-27,1,False
train,Q_8a534b907033b8ef4dd7,2,1,2015-06-24,2015-06-24,1,False
train,Q_8a63b9430c7b9c5d47b6,2,1,2014-11-12,2014-11-12,1,False
train,Q_8a7545c2c33f80998a0c,2,1,2013-07-24,2013-07-24,1,False
train,Q_8a94ff18c58258f242e2,2,1,2013-04-10,2013-04-10,1,False
train,Q_8aa5fcd688130ad6f21c,2,1,2015-08-19,2015-08-19,1,False
train,Q_8ab26d90ee8e4656ca4f,2,1,2014-04-16,2014-04-16,1,False
train,Q_8ad250494d1706b54248,2,1,2013-10-09,2013-10-09,1,False
train,Q_8ad4df641f559fcc54f6,2,1,2012-11-28,2012-11-28,1,False
train,Q_8ae43dea67d6292142b0,2,1,2013-01-16,2013-01-16,1,False
train,Q_8ae737e617e0552163f8,2,1,2015-07-01,2015-07-01,1,False
train,Q_8aeba72744591f166fc5,2,1,2014-03-12,2014-03-12,1,False
train,Q_8aec15c89a3362355087,2,1,2016-09-07,2016-09-07,1,False
train,Q_8aedcced094ecf018646,2,1,2013-10-02,2013-10-02,1,False
train,Q_8aef1adebeae6b7d252c,2,1,2014-11-19,2014-11-19,1,False
train,Q_8af178c17b40e48dc07a,2,1,2013-05-22,2013-05-22,1,False
train,Q_8af77620c2e62d8dfa66,2,1,2014-12-17,2014-12-17,1,False
train,Q_8b024677eb9c1335af09,2,1,2013-02-20,2013-02-20,1,False
train,Q_8b06a14d84786bb4cfcd,2,1,2016-06-01,2016-06-01,1,False
train,Q_8b0aad95fcaddcd79eff,2,1,2014-10-01,2014-10-01,1,False
train,Q_8b0deb3f714a8eabe30c,2,1,2014-03-05,2014-03-05,1,False
train,Q_8b2ecf17b2d8e03cabde,2,1,2013-01-30,2013-01-30,1,False
train,Q_8b313d32cbf603d40dd0,2,1,2013-10-09,2013-10-09,1,False
train,Q_8b354cdec8d9b75129f2,2,1,2016-08-17,2016-08-17,1,False
train,Q_8b35b7550d13859cfa30,2,1,2013-04-10,2013-04-10,1,False
train,Q_8b398d09415415c5e459,2,1,2012-07-04,2012-07-04,1,False
train,Q_8b4bfa83f1ef80d1b7b1,2,1,2013-01-30,2013-01-30,1,False
train,Q_8b4e853f5114eae7fb2b,2,1,2013-07-31,2013-07-31,1,False
train,Q_8b54643ba9e7db061619,2,1,2013-02-06,2013-02-06,1,False
train,Q_8b57a8dd01303640abba,2,1,2015-10-07,2015-10-07,1,False
train,Q_8b5fbb2899edd818108e,2,1,2013-04-24,2013-04-24,1,False
train,Q_8b608082b0f4313659b2,2,1,2015-12-02,2015-12-02,1,False
train,Q_8b65ec56ac08c3fe7832,2,1,2014-05-21,2014-05-21,1,False
train,Q_8b6eaa46d076b52cf436,2,1,2016-06-08,2016-06-08,1,False
train,Q_8b7d50800fd69ce07af3,2,1,2013-03-20,2013-03-20,1,False
train,Q_8b8a34f0845685f166aa,2,1,2016-06-01,2016-06-01,1,False
train,Q_8b8db4bbf4961578a6ba,2,1,2012-12-12,2012-12-12,1,False
train,Q_8b90682411db244ed30c,2,1,2013-12-25,2013-12-25,1,False
train,Q_8b93dda47ad4e4c7fac3,2,1,2014-06-25,2014-06-25,1,False
train,Q_8ba258b3f98638dfff29,2,1,2014-06-04,2014-06-04,1,False
train,Q_8ba46404a5a40c59e93f,2,1,2016-03-30,2016-03-30,1,False
train,Q_8ba5e9805a3b9d9fd14e,2,1,2015-04-29,2015-04-29,1,False
train,Q_8baa9386387035f9cc98,2,1,2013-06-12,2013-06-12,1,False
train,Q_8bae46c38ffa5b8582d3,2,1,2013-07-31,2013-07-31,1,False
train,Q_8bb07c929d1a475c0fa1,2,1,2015-07-08,2015-07-08,1,False
train,Q_8bb22d17082cfc0a84ef,2,1,2013-12-04,2013-12-04,1,False
train,Q_8bbd6fd7339a738af582,2,1,2014-01-01,2014-01-01,1,False
train,Q_8bc178a87ed1c0f2d1ae,2,1,2015-08-05,2015-08-05,1,False
train,Q_8bca30856a4c76d06770,2,1,2016-06-22,2016-06-22,1,False
train,Q_8bd3585fbedd240f99dc,2,1,2014-07-02,2014-07-02,1,False
train,Q_8bd70497c9e0b5e3967a,2,1,2013-06-12,2013-06-12,1,False
train,Q_8bd8d0e72458ae37bd5f,2,1,2015-07-29,2015-07-29,1,False
train,Q_8bdbc01bd525411ba20e,2,1,2013-12-04,2013-12-04,1,False
train,Q_8be27c39508e87348f69,2,1,2013-03-20,2013-03-20,1,False
train,Q_8be2efb8c4a665fb2e4a,2,1,2014-10-01,2014-10-01,1,False
train,Q_8bf2b489fcbcd6033018,2,1,2016-02-03,2016-02-03,1,False
train,Q_8bfb6bde92cd2072aaa7,2,1,2012-07-04,2012-07-04,1,False
train,Q_8bfcda2868ebd8796de0,2,1,2013-08-21,2013-08-21,1,False
train,Q_8c013c5bc17403a93d30,2,1,2014-12-03,2014-12-03,1,False
train,Q_8c0b6ea2fd17264d4758,2,1,2012-11-14,2012-11-14,1,False
train,Q_8c171a455e3972fccb7f,2,1,2016-05-18,2016-05-18,1,False
train,Q_8c1863318e7b85f70167,2,1,2014-02-05,2014-02-05,1,False
train,Q_8c1b79ef905bafd1133c,2,1,2012-08-29,2012-08-29,1,False
train,Q_8c2ac36611b8bd30544f,2,1,2014-10-15,2014-10-15,1,False
train,Q_8c2ed7c6bda05236a7e6,2,1,2015-03-18,2015-03-18,1,False
train,Q_8c351d1d7bbc20b94842,2,1,2014-12-10,2014-12-10,1,False
train,Q_8c3715c5c2f527fc8579,2,1,2015-04-15,2015-04-15,1,False
train,Q_8c3eab2985e6114e528a,2,1,2014-07-23,2014-07-23,1,False
train,Q_8c40ece3e47006faf94e,2,1,2016-05-11,2016-05-11,1,False
train,Q_8c4123c79cd5434653d5,2,1,2014-12-03,2014-12-03,1,False
train,Q_8c41df146cbe12e03d91,2,1,2014-09-17,2014-09-17,1,False
train,Q_8c4ff8332b628f31a445,2,1,2015-10-07,2015-10-07,1,False
train,Q_8c54159cf1ceecdc06cf,2,1,2016-06-01,2016-06-01,1,False
train,Q_8c576d188713967e4475,2,1,2014-10-22,2014-10-22,1,False
train,Q_8c6e5929c490c0fc8788,2,1,2015-07-22,2015-07-22,1,False
train,Q_8c6e92202464d207833c,2,1,2016-09-21,2016-09-21,1,False
train,Q_8c703c078366280c287e,2,1,2015-04-29,2015-04-29,1,False
train,Q_8c76064b5019e9aef116,2,1,2014-12-03,2014-12-03,1,False
train,Q_8c79a3e86a7daf5c892a,2,1,2014-10-08,2014-10-08,1,False
train,Q_8c823686ddf13bcebb83,2,1,2015-06-24,2015-06-24,1,False
train,Q_8c85512d6b46db4f7d3a,2,1,2014-04-23,2014-04-23,1,False
train,Q_8c8edff242c54165bcc3,2,1,2014-07-30,2014-07-30,1,False
train,Q_8c93f15cbad865b08e8e,2,1,2016-02-03,2016-02-03,1,False
train,Q_8c9439bba25402d9052c,2,1,2013-09-11,2013-09-11,1,False
train,Q_8c99af1d58aaaa4daf79,2,1,2013-04-24,2013-04-24,1,False
train,Q_8c9e009132768ec0aa44,2,1,2015-10-07,2015-10-07,1,False
train,Q_8c9fb2023de7ec22df68,2,1,2015-07-15,2015-07-15,1,False
train,Q_8ca5363e4aa09adc7cfb,2,1,2016-03-23,2016-03-23,1,False
train,Q_8ca6d409a0a551786a8a,2,1,2012-08-29,2012-08-29,1,False
train,Q_8ca98f4a3dda0a594135,2,1,2016-06-22,2016-06-22,1,False
train,Q_8cb01c2b8c0e925b28e1,2,1,2016-04-20,2016-04-20,1,False
train,Q_8cb547cd0cc7704e1da9,2,1,2016-07-13,2016-07-13,1,False
train,Q_8cb7770aca66cf628371,2,1,2015-10-14,2015-10-14,1,False
train,Q_8cd68ad303c13da47692,2,1,2015-02-04,2015-02-04,1,False
train,Q_8cda3421d3535bb2d019,2,1,2014-03-26,2014-03-26,1,False
train,Q_8ce48e5fcbd5b2e3cb2e,2,1,2016-06-01,2016-06-01,1,False
train,Q_8d01049bd7ca80fdebce,2,1,2013-01-30,2013-01-30,1,False
train,Q_8d0a7b1cbb925a2e1db7,2,1,2012-12-12,2012-12-12,1,False
train,Q_8d0d40873b908748fcaa,2,1,2016-04-06,2016-04-06,1,False
train,Q_8d0f7241cb1535ea8a1e,2,1,2013-03-06,2013-03-06,1,False
train,Q_8d209edb3dac11e59ce3,2,1,2013-03-27,2013-03-27,1,False
train,Q_8d3cb7e626f2d1941fd1,2,1,2015-04-15,2015-04-15,1,False
train,Q_8d43f8a774345c148836,2,1,2014-04-16,2014-04-16,1,False
train,Q_8d471ac348bd206b685c,2,1,2014-07-09,2014-07-09,1,False
train,Q_8d500d4bb19764e82bc0,2,1,2014-10-01,2014-10-01,1,False
train,Q_8d55292f7309520083f7,2,1,2015-03-04,2015-03-04,1,False
train,Q_8d5a5dd36219011166b4,2,1,2015-09-16,2015-09-16,1,False
train,Q_8d678b4c2bead1be13a3,2,1,2013-11-27,2013-11-27,1,False
train,Q_8d8c488116fa4b33940d,2,1,2015-07-29,2015-07-29,1,False
train,Q_8d93d8e0a6c7548deae5,2,1,2013-01-16,2013-01-16,1,False
train,Q_8d9471eb3911c4d1be55,2,1,2015-10-21,2015-10-21,1,False
train,Q_8da48542a0fbf4102221,2,1,2014-05-21,2014-05-21,1,False
train,Q_8db20ededc38c0394034,2,1,2015-12-30,2015-12-30,1,False
train,Q_8db64cd35c9f177a6ebe,2,1,2012-09-26,2012-09-26,1,False
train,Q_8db8d5c8a4bcf6a91ef1,2,1,2016-06-01,2016-06-01,1,False
train,Q_8dba5c0f07e1cad97722,2,1,2014-11-26,2014-11-26,1,False
train,Q_8dbf492169977d24e90f,2,1,2015-09-09,2015-09-09,1,False
train,Q_8dbfe60b77e4a15be8ea,2,1,2012-11-28,2012-11-28,1,False
train,Q_8dca0d7b62030ff929e8,2,1,2015-04-29,2015-04-29,1,False
train,Q_8dca5522da2c303a6877,2,1,2015-12-02,2015-12-02,1,False
train,Q_8dd94d18ff7da40da93e,2,1,2013-10-16,2013-10-16,1,False
train,Q_8de278737a3e327d8a7f,2,1,2013-10-16,2013-10-16,1,False
train,Q_8ded666359ef1f4e063a,2,1,2016-01-13,2016-01-13,1,False
train,Q_8df8d103c2a71f058a25,2,1,2014-12-24,2014-12-24,1,False
train,Q_8e05fb139564095bafe0,2,1,2013-05-29,2013-05-29,1,False
train,Q_8e077064ea7e54dfc7b9,2,1,2015-03-18,2015-03-18,1,False
train,Q_8e0a10c7d6cb0a7a4900,2,1,2015-12-09,2015-12-09,1,False
train,Q_8e0e28d1d8454be58b62,2,1,2013-10-09,2013-10-09,1,False
train,Q_8e10520fb8bf999e9216,2,1,2015-02-18,2015-02-18,1,False
train,Q_8e127cf9cf9080024e70,2,1,2015-01-21,2015-01-21,1,False
train,Q_8e148b3b9e1353142045,2,1,2016-04-06,2016-04-06,1,False
train,Q_8e14e5c3c8ca258889f6,2,1,2015-02-25,2015-02-25,1,False
train,Q_8e1d29afb4cb10e13e09,2,1,2013-08-28,2013-08-28,1,False
train,Q_8e31882de162e47155a1,2,1,2012-08-01,2012-08-01,1,False
train,Q_8e353de5831e6a7d3bff,2,1,2014-12-03,2014-12-03,1,False
train,Q_8e3f697924f246479747,2,1,2012-09-05,2012-09-05,1,False
train,Q_8e45153787a0082e508a,2,1,2014-05-28,2014-05-28,1,False
train,Q_8e468dc628f168b29183,2,1,2016-01-20,2016-01-20,1,False
train,Q_8e510115819485cebffe,2,1,2016-08-03,2016-08-03,1,False
train,Q_8e52acab9ecd1598b5db,2,1,2013-05-15,2013-05-15,1,False
train,Q_8e5f769f863b414e5995,2,1,2012-10-03,2012-10-03,1,False
train,Q_8e654801f2adcc3a4812,2,1,2016-03-23,2016-03-23,1,False
train,Q_8e6c73b1e1a240fec4d6,2,1,2013-04-03,2013-04-03,1,False
train,Q_8e7ada8cd95e2c1708df,2,1,2014-09-17,2014-09-17,1,False
train,Q_8e85ef7bd0539bf1ad22,2,1,2014-09-24,2014-09-24,1,False
train,Q_8e901dc03fe481e06c12,2,1,2016-04-20,2016-04-20,1,False
train,Q_8e917fef5c958fa382f7,2,1,2016-09-14,2016-09-14,1,False
train,Q_8e98900d9279d5a61e22,2,1,2014-12-10,2014-12-10,1,False
train,Q_8ea08a4e6de66de4e0a7,2,1,2016-04-13,2016-04-13,1,False
train,Q_8ea6df2966c6d3921e4f,2,1,2015-04-15,2015-04-15,1,False
train,Q_8eaf87f71951fb83039c,2,1,2012-09-12,2012-09-12,1,False
train,Q_8eb21afdb0091a9ab5d5,2,1,2015-06-17,2015-06-17,1,False
train,Q_8eb974b3ffb66dbde49c,2,1,2014-09-17,2014-09-17,1,False
train,Q_8ebfa81f5a3b4de7fb64,2,1,2015-04-08,2015-04-08,1,False
train,Q_8ec57f6412dcf5b1c206,2,1,2013-06-26,2013-06-26,1,False
train,Q_8ec74f83efaca4d5e675,2,1,2015-07-08,2015-07-08,1,False
train,Q_8ed9652517166d7e3e56,2,1,2013-04-03,2013-04-03,1,False
train,Q_8ee408e1744ac840a0ff,2,1,2016-01-06,2016-01-06,1,False
train,Q_8ee94b29fb9e469ef08d,2,1,2016-03-23,2016-03-23,1,False
train,Q_8ef5fabd1b5e063bde62,2,1,2016-04-06,2016-04-06,1,False
train,Q_8ef6fb4a744e546e9f0d,2,1,2016-06-29,2016-06-29,1,False
train,Q_8f08e2917b4694e14715,2,1,2013-02-13,2013-02-13,1,False
train,Q_8f1867422c232ab0f3a4,2,1,2012-09-19,2012-09-19,1,False
train,Q_8f20e425cbb96bdb0946,2,1,2012-11-28,2012-11-28,1,False
train,Q_8f28a3f09fe3518ad310,2,1,2012-07-04,2012-07-04,1,False
train,Q_8f39ba7d3b57c281ccb6,2,1,2013-06-12,2013-06-12,1,False
train,Q_8f42652e3969eb0641c0,2,1,2015-07-08,2015-07-08,1,False
train,Q_8f45f0c5985cef212716,2,1,2013-07-10,2013-07-10,1,False
train,Q_8f4b38bde35fc5a90a24,2,1,2015-06-03,2015-06-03,1,False
train,Q_8f4e38244ba6e2332f14,2,1,2014-12-24,2014-12-24,1,False
train,Q_8f50092d4ebae375c818,2,1,2016-08-10,2016-08-10,1,False
train,Q_8f5f2d7d0747b9c4a761,2,1,2015-12-23,2015-12-23,1,False
train,Q_8f5f9188eef0aecda1b8,2,1,2014-06-11,2014-06-11,1,False
train,Q_8f7104adb72038789f37,2,1,2013-08-14,2013-08-14,1,False
train,Q_8f7619f5585405542645,2,1,2014-06-25,2014-06-25,1,False
train,Q_8f83082286092a884b13,2,1,2016-03-23,2016-03-23,1,False
train,Q_8f8430d87d23a1cccacf,2,1,2014-11-19,2014-11-19,1,False
train,Q_8f952dfacc1ec5951235,2,1,2012-08-29,2012-08-29,1,False
train,Q_8f96df52f13a4d11d329,2,1,2014-10-22,2014-10-22,1,False
train,Q_8fa5e8e7f158461b64bd,2,1,2013-12-18,2013-12-18,1,False
train,Q_8fa7d180b12df0c5b237,2,1,2016-04-27,2016-04-27,1,False
train,Q_8fa8b9d0d34d8dc0fc4a,2,1,2012-09-26,2012-09-26,1,False
train,Q_8fc717e2bcc051eff66b,2,1,2016-05-11,2016-05-11,1,False
train,Q_8fc7f6d73f7d65111cb3,2,1,2016-05-25,2016-05-25,1,False
train,Q_8fdbf0713b8121e5c56c,2,1,2014-04-23,2014-04-23,1,False
train,Q_8ff341588a4ba15a200e,2,1,2016-07-20,2016-07-20,1,False
train,Q_8ff80ea3a6f273f601ab,2,1,2016-02-03,2016-02-03,1,False
train,Q_9004ad9f5fa7fccc1b6f,2,1,2012-12-05,2012-12-05,1,False
train,Q_9006cd241ee0e6edb381,2,1,2015-11-25,2015-11-25,1,False
train,Q_900cfc53f7da4b2b8231,2,1,2013-03-06,2013-03-06,1,False
train,Q_900fb8de4756f5c21640,2,1,2015-03-25,2015-03-25,1,False
train,Q_901155043877d7992780,2,1,2013-08-28,2013-08-28,1,False
train,Q_90143f1d62af98de8391,2,1,2012-11-28,2012-11-28,1,False
train,Q_901816bae6b669611444,2,1,2014-07-09,2014-07-09,1,False
train,Q_903179224f245e051eb9,2,1,2014-12-10,2014-12-10,1,False
train,Q_9033013ef2053c5e88b7,2,1,2016-03-02,2016-03-02,1,False
train,Q_903c888ef98f9034c102,2,1,2012-11-28,2012-11-28,1,False
train,Q_904944abc85fe9258b65,2,1,2014-01-15,2014-01-15,1,False
train,Q_9051d66ac1f371accb79,2,1,2015-12-09,2015-12-09,1,False
train,Q_905df9a436bba5ed4f6c,2,1,2013-05-15,2013-05-15,1,False
train,Q_905f0cfb7dc2061500d9,2,1,2014-03-12,2014-03-12,1,False
train,Q_906415098aead67d5dbc,2,1,2015-11-04,2015-11-04,1,False
train,Q_906ab62cf859adebb4b0,2,1,2014-06-04,2014-06-04,1,False
train,Q_906c263272f86bbcb677,2,1,2015-12-09,2015-12-09,1,False
train,Q_9073c633e14fbed2532a,2,1,2013-11-27,2013-11-27,1,False
train,Q_907c7b8f47efb45e9df9,2,1,2014-10-08,2014-10-08,1,False
train,Q_90997f1b6202771b87ef,2,1,2013-12-11,2013-12-11,1,False
train,Q_90ba3f737474e8d1b650,2,1,2015-04-22,2015-04-22,1,False
train,Q_90bb3498b1b4835c76d7,2,1,2014-01-22,2014-01-22,1,False
train,Q_90e306338f19d379c8ee,2,1,2014-05-21,2014-05-21,1,False
train,Q_90e3d06d7594168ae010,2,1,2016-04-27,2016-04-27,1,False
train,Q_910725340296ae227b7a,2,1,2015-06-24,2015-06-24,1,False
train,Q_9107fc3c196e5e0b944e,2,1,2016-04-27,2016-04-27,1,False
train,Q_91145808c6f0a17f78bf,2,1,2012-09-26,2012-09-26,1,False
train,Q_9116c79c49a705fc5e06,2,1,2015-01-21,2015-01-21,1,False
train,Q_91202141fa38010045f6,2,1,2012-08-08,2012-08-08,1,False
train,Q_9123be6847c0184197e6,2,1,2016-06-29,2016-06-29,1,False
train,Q_9124e442ac580a3178f1,2,1,2013-06-12,2013-06-12,1,False
train,Q_912b57caf69506835ddd,2,1,2013-05-29,2013-05-29,1,False
train,Q_912c929e39f78c4c2553,2,1,2016-06-01,2016-06-01,1,False
train,Q_91307c879524cc75ce51,2,1,2013-02-06,2013-02-06,1,False
train,Q_91310bfbf3351e63f951,2,1,2015-11-25,2015-11-25,1,False
train,Q_9136cef008db53a8a2e8,2,1,2014-05-28,2014-05-28,1,False
train,Q_9139eb4c363bbd91f257,2,1,2012-09-26,2012-09-26,1,False
train,Q_914884f0f9fc4db298be,2,1,2016-07-13,2016-07-13,1,False
train,Q_914ff61eb44f8b5210dc,2,1,2016-01-13,2016-01-13,1,False
train,Q_9155df0a6ec9a93d47df,2,1,2013-06-12,2013-06-12,1,False
train,Q_915bf00a4b283523e0b0,2,1,2015-03-25,2015-03-25,1,False
train,Q_9169dcbeaf3739601ebc,2,1,2013-12-04,2013-12-04,1,False
train,Q_916d286bf60c805ed434,2,1,2015-03-04,2015-03-04,1,False
train,Q_91740e5eca0d41a47826,2,1,2014-10-01,2014-10-01,1,False
train,Q_917b554aaa548bad978c,2,1,2013-08-28,2013-08-28,1,False
train,Q_917ff81859178cb50ed8,2,1,2015-09-16,2015-09-16,1,False
train,Q_91802ddfcb0298179fe8,2,1,2014-12-03,2014-12-03,1,False
train,Q_91922a3d79d88c09cd31,2,1,2016-01-06,2016-01-06,1,False
train,Q_9193f756359e98d63830,2,1,2014-06-25,2014-06-25,1,False
train,Q_919b0f22ca6e2b7eb4b0,2,1,2013-12-18,2013-12-18,1,False
train,Q_91a605cc42c5655e45ea,2,1,2012-08-29,2012-08-29,1,False
train,Q_91ad4aa3293dfd873194,2,1,2013-03-06,2013-03-06,1,False
train,Q_91cf0639a4b6d879ff4d,2,1,2013-02-27,2013-02-27,1,False
train,Q_91cf9c4e898b1c709cbe,2,1,2015-02-25,2015-02-25,1,False
train,Q_91d6ba64edc82348218d,2,1,2016-01-27,2016-01-27,1,False
train,Q_91e3ed5ed47edb7cacdf,2,1,2013-05-29,2013-05-29,1,False
train,Q_91ebee8924074c208d92,2,1,2016-02-10,2016-02-10,1,False
train,Q_91ecd011b2e8af2a54ea,2,1,2016-03-09,2016-03-09,1,False
train,Q_91ee339e684de5a4bc18,2,1,2016-09-07,2016-09-07,1,False
train,Q_91fd6e262bc0f17a0214,2,1,2014-06-25,2014-06-25,1,False
train,Q_9203c88a1767d6a96375,2,1,2013-11-20,2013-11-20,1,False
train,Q_920b956a9585aa283ae8,2,1,2015-10-14,2015-10-14,1,False
train,Q_92159cb5ae32ecdcfa30,2,1,2016-04-27,2016-04-27,1,False
train,Q_922b612697e075198521,2,1,2014-06-04,2014-06-04,1,False
train,Q_922cab7e33c0f723cca9,4,2,2013-06-05,2014-04-16,2,True
train,Q_922ecf9f342ed43ad333,2,1,2015-04-29,2015-04-29,1,False
train,Q_9244b1f8b4dfc642aad3,2,1,2014-10-29,2014-10-29,1,False
train,Q_9247a539e4c5a4b41dff,2,1,2015-08-05,2015-08-05,1,False
train,Q_9247fb5e40f407eb4da7,2,1,2014-10-08,2014-10-08,1,False
train,Q_9258b77ce88c9b050fc9,2,1,2015-09-09,2015-09-09,1,False
train,Q_925ac9d206de6e14b22c,2,1,2014-09-17,2014-09-17,1,False
train,Q_925e4c4de247e0a641f5,2,1,2015-05-06,2015-05-06,1,False
train,Q_925e5198790991cde7f9,2,1,2013-03-06,2013-03-06,1,False
train,Q_926260dd11b252cd2304,2,1,2016-03-09,2016-03-09,1,False
train,Q_9262e47f3afd6c9679d3,2,1,2013-01-30,2013-01-30,1,False
train,Q_926377ba4518b64a3dcd,2,1,2013-10-23,2013-10-23,1,False
train,Q_92781d38e082742d1ad6,2,1,2016-06-08,2016-06-08,1,False
train,Q_928120833f4332adc8de,2,1,2012-10-03,2012-10-03,1,False
train,Q_929609bd851b701fa2d1,2,1,2014-09-10,2014-09-10,1,False
train,Q_92983975e8506f5d8c99,2,1,2013-06-12,2013-06-12,1,False
train,Q_929d17571d48a7dfecb0,2,1,2016-06-29,2016-06-29,1,False
train,Q_92a4a7d9cfff789ec692,2,1,2015-05-13,2015-05-13,1,False
train,Q_92aa2f9bfa422a3df075,2,1,2013-10-23,2013-10-23,1,False
train,Q_92b1695abee5a4462e30,2,1,2015-03-04,2015-03-04,1,False
train,Q_92c251f5941a37bf3c00,2,1,2013-05-01,2013-05-01,1,False
train,Q_92dc9e701ddb47607bf3,2,1,2015-12-09,2015-12-09,1,False
train,Q_92e33e70b9e6d07b6fdf,2,1,2016-07-20,2016-07-20,1,False
train,Q_93004e025309f3b86610,2,1,2013-07-03,2013-07-03,1,False
train,Q_93025a833d8b27a0aee1,2,1,2016-09-07,2016-09-07,1,False
train,Q_93035d4f11ca49c8fbaf,2,1,2016-08-03,2016-08-03,1,False
train,Q_93039dc45f821875faa4,2,1,2014-11-05,2014-11-05,1,False
train,Q_9307cc2b9b6ee8eae54f,2,1,2015-06-17,2015-06-17,1,False
train,Q_931679cd5e58579a0faf,2,1,2013-01-30,2013-01-30,1,False
train,Q_9322c3cdea749466287f,2,1,2014-10-29,2014-10-29,1,False
train,Q_932debf17cd40c7592e4,2,1,2016-08-10,2016-08-10,1,False
train,Q_9334720cb185af76e106,2,1,2016-05-25,2016-05-25,1,False
train,Q_9339e6c15a78542fc8c0,2,1,2016-08-17,2016-08-17,1,False
train,Q_933e06998289154a1e9e,2,1,2015-04-08,2015-04-08,1,False
train,Q_9340a4eb1dc3a0b62076,2,1,2013-01-30,2013-01-30,1,False
train,Q_93434dfeaf0d946dbe71,2,1,2015-03-25,2015-03-25,1,False
train,Q_93536149dc5da4e8e396,2,1,2015-09-30,2015-09-30,1,False
train,Q_935b95ab7ebf263c7a19,2,1,2014-06-04,2014-06-04,1,False
train,Q_935e8bd453b4ead99178,2,1,2015-11-25,2015-11-25,1,False
train,Q_93687a6e896d838759d0,2,1,2016-09-07,2016-09-07,1,False
train,Q_937fad981b365b7540da,2,1,2014-05-07,2014-05-07,1,False
train,Q_93903c46bcb448060154,2,1,2016-08-31,2016-08-31,1,False
train,Q_9399729b7891f4e5c2ae,2,1,2015-09-02,2015-09-02,1,False
train,Q_939c92b436a053d2dcd7,2,1,2014-06-11,2014-06-11,1,False
train,Q_939f71d651420d471f68,2,1,2015-03-25,2015-03-25,1,False
train,Q_93b6e65edf518e546f3e,2,1,2016-06-22,2016-06-22,1,False
train,Q_93c402061f4eb47460c2,2,1,2014-09-10,2014-09-10,1,False
train,Q_93e21a54a30e4cae9aa6,2,1,2013-07-03,2013-07-03,1,False
train,Q_93ea95b1628b478bd17e,2,1,2016-09-14,2016-09-14,1,False
train,Q_94030efb1c1b6f497d36,2,1,2016-01-20,2016-01-20,1,False
train,Q_9415227f1516170cbf58,2,1,2016-04-13,2016-04-13,1,False
train,Q_9423c9d007b0df657dd5,2,1,2012-08-08,2012-08-08,1,False
train,Q_942ac719d47a31ede7b6,2,1,2012-12-19,2012-12-19,1,False
train,Q_942adb38c56764ec8bfd,2,1,2016-03-02,2016-03-02,1,False
train,Q_9433c432da4e7deecca9,2,1,2015-08-05,2015-08-05,1,False
train,Q_943c41b88ee0577f8bf4,2,1,2014-06-11,2014-06-11,1,False
train,Q_944035109bf67196091a,2,1,2016-02-17,2016-02-17,1,False
train,Q_94496acd5bbe6a749250,2,1,2016-03-16,2016-03-16,1,False
train,Q_944cab9114416ad6e9d1,2,1,2014-06-18,2014-06-18,1,False
train,Q_9450721c36fee0228f02,2,1,2012-09-05,2012-09-05,1,False
train,Q_94583f5ae555c8ddb124,2,1,2016-01-27,2016-01-27,1,False
train,Q_9472d6d977429d8ca470,2,1,2014-01-22,2014-01-22,1,False
train,Q_94731762663fa0bb3af9,2,1,2016-08-24,2016-08-24,1,False
train,Q_947a8aec4ff1cf398d10,2,1,2015-09-30,2015-09-30,1,False
train,Q_948a40a399cb20382fe2,2,1,2014-09-10,2014-09-10,1,False
train,Q_94a5bda65292420e898e,2,1,2015-02-25,2015-02-25,1,False
train,Q_94ab4120c784a5df26a0,2,1,2014-10-15,2014-10-15,1,False
train,Q_94bac798deae4c6a20ce,2,1,2014-10-01,2014-10-01,1,False
train,Q_94bbcfc2d0da0f4929ee,2,1,2014-06-04,2014-06-04,1,False
train,Q_94c5e9c348d1e5ffc165,2,1,2015-09-30,2015-09-30,1,False
train,Q_94c80cea70b1c140ad2d,2,1,2013-01-30,2013-01-30,1,False
train,Q_94c958755718005e0557,2,1,2014-08-06,2014-08-06,1,False
train,Q_94d04c05ffcc749fb1fb,2,1,2014-10-29,2014-10-29,1,False
train,Q_94d2d1cf35e8efa3b29e,2,1,2013-02-27,2013-02-27,1,False
train,Q_94d35780ee1dc8bd0de1,2,1,2016-08-17,2016-08-17,1,False
train,Q_94e3277116e4224a4ab7,2,1,2015-12-16,2015-12-16,1,False
train,Q_94e6b61b5eba23128a2e,2,1,2015-08-05,2015-08-05,1,False
train,Q_94f0098f504002f4bdaa,2,1,2016-06-15,2016-06-15,1,False
train,Q_94f1069fbba54da9c7ed,2,1,2014-05-21,2014-05-21,1,False
train,Q_94f50710b39dea92954b,2,1,2015-09-30,2015-09-30,1,False
train,Q_950c21f1da25e3091cd0,2,1,2013-06-12,2013-06-12,1,False
train,Q_950e85ed05c199c3daef,2,1,2012-09-12,2012-09-12,1,False
train,Q_95121814fd7ba3db31d2,2,1,2012-10-03,2012-10-03,1,False
train,Q_951d4a21e0d98a9477cb,2,1,2014-08-13,2014-08-13,1,False
train,Q_95226cfbec34855dfc97,2,1,2015-06-10,2015-06-10,1,False
train,Q_9522ef296afa5c15de02,2,1,2015-10-21,2015-10-21,1,False
train,Q_9525a84bfe12d46c6943,2,1,2014-10-15,2014-10-15,1,False
train,Q_953983f9de643a991c07,2,1,2015-09-16,2015-09-16,1,False
train,Q_9543339c30725e19f578,2,1,2013-08-21,2013-08-21,1,False
train,Q_9547b1da3d4cb35c18d4,2,1,2014-09-24,2014-09-24,1,False
train,Q_9549c1cb49fe0ea25118,2,1,2014-06-04,2014-06-04,1,False
train,Q_9551b8e7cd3cac4144dc,2,1,2015-11-25,2015-11-25,1,False
train,Q_9552ea291495296149bc,2,1,2015-04-08,2015-04-08,1,False
train,Q_955b7f245be7b9ca0962,2,1,2016-05-25,2016-05-25,1,False
train,Q_955c7c0256f4d468a3f4,2,1,2013-01-30,2013-01-30,1,False
train,Q_955ff4d950aaa1955a9f,2,1,2015-12-09,2015-12-09,1,False
train,Q_95624f02e5e115c2aea6,2,1,2014-10-29,2014-10-29,1,False
train,Q_956b6d31bc71571bc213,2,1,2016-06-22,2016-06-22,1,False
train,Q_9572a866c1b2efa95a4b,2,1,2013-01-30,2013-01-30,1,False
train,Q_9572be6e6ca1b76e9343,2,1,2015-10-21,2015-10-21,1,False
train,Q_957434916f5fa4ddd5a5,2,1,2014-09-10,2014-09-10,1,False
train,Q_9583ea7553eb07123e26,2,1,2015-04-22,2015-04-22,1,False
train,Q_9585a99540fed631fa07,2,1,2016-03-23,2016-03-23,1,False
train,Q_958848d0f30c3f859e02,2,1,2013-07-24,2013-07-24,1,False
train,Q_958a75f75ced8f75c894,2,1,2013-11-27,2013-11-27,1,False
train,Q_958af542194eb3e41c0b,2,1,2014-06-25,2014-06-25,1,False
train,Q_958e37de59f2d12c623d,2,1,2015-12-02,2015-12-02,1,False
train,Q_95911999e2fed89a0ee2,2,1,2016-03-16,2016-03-16,1,False
train,Q_9594ff234c8f4a135315,2,1,2013-06-12,2013-06-12,1,False
train,Q_9599e7845dad7e5d3f61,2,1,2013-01-30,2013-01-30,1,False
train,Q_959ed0be449cb38db1dd,2,1,2013-05-22,2013-05-22,1,False
train,Q_95a36dbdbbaebe630189,2,1,2015-07-01,2015-07-01,1,False
train,Q_95a3f2983ce3139fd9af,2,1,2013-02-13,2013-02-13,1,False
train,Q_95aa5089f3a18197666e,2,1,2015-06-17,2015-06-17,1,False
train,Q_95ab660f1364fe000880,2,1,2013-02-13,2013-02-13,1,False
train,Q_95bc3d117e14ec169c56,2,1,2015-11-25,2015-11-25,1,False
train,Q_95d1608e0a56757f672a,2,1,2014-10-01,2014-10-01,1,False
train,Q_95d5c2b709aa61f73c42,2,1,2013-07-17,2013-07-17,1,False
train,Q_95dcd7eb4a53b6ea2ead,2,1,2016-07-06,2016-07-06,1,False
train,Q_95e9087318f57e884399,2,1,2014-06-04,2014-06-04,1,False
train,Q_95ef65e13d76b1c664db,2,1,2015-07-01,2015-07-01,1,False
train,Q_95f2761a53f3ca6a6060,2,1,2014-12-31,2014-12-31,1,False
train,Q_95f8e8f9f97e3f3fb0c5,2,1,2015-12-02,2015-12-02,1,False
train,Q_95f9178bf46aaa0dbefd,2,1,2015-06-10,2015-06-10,1,False
train,Q_95fa81b8de1721e068fd,2,1,2015-03-25,2015-03-25,1,False
train,Q_95fd44ba79e7a388bb5a,2,1,2013-06-12,2013-06-12,1,False
train,Q_9618e6e725ba40772a9d,2,1,2013-03-20,2013-03-20,1,False
train,Q_961b9b5cd25330302727,2,1,2014-10-29,2014-10-29,1,False
train,Q_961be4096deaa40e0c3d,2,1,2015-09-09,2015-09-09,1,False
train,Q_9625ad713e68c16d5dbd,2,1,2014-02-05,2014-02-05,1,False
train,Q_962660ed18629a3214db,2,1,2015-07-01,2015-07-01,1,False
train,Q_9630aa7dba2ff9d5753c,2,1,2015-04-29,2015-04-29,1,False
train,Q_963209a621e137e74e0e,2,1,2015-02-18,2015-02-18,1,False
train,Q_9634869d2faabf3c1c2c,2,1,2015-10-14,2015-10-14,1,False
train,Q_9634bce777c14261e552,2,1,2014-09-24,2014-09-24,1,False
train,Q_96372759bddecfc7de43,2,1,2013-10-02,2013-10-02,1,False
train,Q_96474f01351df4912560,2,1,2016-08-10,2016-08-10,1,False
train,Q_9651462069830b088d9e,2,1,2013-01-30,2013-01-30,1,False
train,Q_965c4a02a9a1bdf371c6,2,1,2015-10-07,2015-10-07,1,False
train,Q_96613bd3ca4da89e05d2,2,1,2014-10-01,2014-10-01,1,False
train,Q_9671777100ee06b9e083,2,1,2013-04-24,2013-04-24,1,False
train,Q_9679c53484e0ad460526,2,1,2013-06-12,2013-06-12,1,False
train,Q_967c0efb511e1631bf3c,2,1,2015-05-06,2015-05-06,1,False
train,Q_96871ec40b266dccc0ef,2,1,2016-04-13,2016-04-13,1,False
train,Q_9688a3230664d68a34e5,2,1,2015-07-29,2015-07-29,1,False
train,Q_969430336038deb80ada,2,1,2012-07-04,2012-07-04,1,False
train,Q_96aa4f24f38a246e5f21,2,1,2016-01-27,2016-01-27,1,False
train,Q_96ca9c427ef3a37cb95c,2,1,2012-09-19,2012-09-19,1,False
train,Q_96d627adf72b65f51d64,2,1,2013-10-23,2013-10-23,1,False
train,Q_96df291dcf4b610c174a,2,1,2015-06-24,2015-06-24,1,False
train,Q_96e5ab6383fcd7d560f1,2,1,2014-08-20,2014-08-20,1,False
train,Q_96eceab19a0b4db45b3a,2,1,2014-04-09,2014-04-09,1,False
train,Q_96ecf579a0e05b9b2ce1,2,1,2014-11-19,2014-11-19,1,False
train,Q_96f5a362763de69b9f72,2,1,2016-09-21,2016-09-21,1,False
train,Q_96f6dba87016f2f7e614,2,1,2013-11-06,2013-11-06,1,False
train,Q_96fca6082409763f9bb5,2,1,2015-04-15,2015-04-15,1,False
train,Q_970d8c4e10b54d2fcc6d,2,1,2014-10-29,2014-10-29,1,False
train,Q_97104c158fee54c3d0d5,2,1,2013-09-11,2013-09-11,1,False
train,Q_97126aa66fe685921f9a,2,1,2015-02-11,2015-02-11,1,False
train,Q_971608ac7d1519ddb911,2,1,2015-08-12,2015-08-12,1,False
train,Q_971da408624b49806bf7,2,1,2015-09-02,2015-09-02,1,False
train,Q_9730e3f1339eeff1871d,2,1,2013-12-11,2013-12-11,1,False
train,Q_9733edcec59a78660dfe,2,1,2016-04-27,2016-04-27,1,False
train,Q_973a4148165b305bb1f3,2,1,2013-07-10,2013-07-10,1,False
train,Q_973a4ffc60836cb483fa,2,1,2013-07-17,2013-07-17,1,False
train,Q_974fc1fda88c3cfbf174,2,1,2014-09-17,2014-09-17,1,False
train,Q_9750645a4e26ad6aa6cf,2,1,2012-11-28,2012-11-28,1,False
train,Q_9751b2174ed0bc1bf99b,2,1,2015-04-15,2015-04-15,1,False
train,Q_97570f0ec9c4e5b9793a,2,1,2016-06-01,2016-06-01,1,False
train,Q_97579c77df3b39a94a5b,2,1,2015-11-25,2015-11-25,1,False
train,Q_97702ef4c40575db0beb,2,1,2015-06-03,2015-06-03,1,False
train,Q_97740efb33db9e78683c,2,1,2015-02-11,2015-02-11,1,False
train,Q_9775828d4da33b77fa6d,4,2,2013-03-27,2014-01-15,2,True
train,Q_978ad5a0612d5961ddb0,2,1,2015-01-14,2015-01-14,1,False
train,Q_978bfdcf843ded716762,2,1,2013-04-17,2013-04-17,1,False
train,Q_978d02f7ef2f12f484db,2,1,2012-10-31,2012-10-31,1,False
train,Q_979c026f2583480b2671,2,1,2015-12-23,2015-12-23,1,False
train,Q_979e38cdc956b38cd724,2,1,2012-07-25,2012-07-25,1,False
train,Q_97b517710f02661caef3,2,1,2016-08-17,2016-08-17,1,False
train,Q_97b5f6a0336942de3594,2,1,2014-03-19,2014-03-19,1,False
train,Q_97dab56b26f3cfe7fe05,2,1,2012-10-31,2012-10-31,1,False
train,Q_97ddb723bd5a06b12252,2,1,2014-06-25,2014-06-25,1,False
train,Q_97e2b05411abca05ca31,2,1,2013-09-25,2013-09-25,1,False
train,Q_97f7c45ab2c1a6c9084f,2,1,2015-06-10,2015-06-10,1,False
train,Q_97f84377593057888356,2,1,2015-05-20,2015-05-20,1,False
train,Q_97fb5ac4833461d42776,2,1,2014-05-07,2014-05-07,1,False
train,Q_97ff08912427b5724874,2,1,2012-12-19,2012-12-19,1,False
train,Q_980d77dd09b330870d9d,2,1,2014-09-17,2014-09-17,1,False
train,Q_981185462763bc26687a,2,1,2013-01-02,2013-01-02,1,False
train,Q_9816789c319cb992efbb,2,1,2014-02-05,2014-02-05,1,False
train,Q_982bbac601d95aae4801,2,1,2015-06-17,2015-06-17,1,False
train,Q_984e526803e362fd68f9,2,1,2014-12-10,2014-12-10,1,False
train,Q_984f9d5c883905a7ae18,2,1,2015-11-25,2015-11-25,1,False
train,Q_985271478e92448a91f1,2,1,2013-06-12,2013-06-12,1,False
train,Q_9853b2d59cc806580303,2,1,2013-02-20,2013-02-20,1,False
train,Q_9853f6db1c5f4f6212ed,2,1,2016-03-09,2016-03-09,1,False
train,Q_9861cbc276e07325cd89,2,1,2016-01-06,2016-01-06,1,False
train,Q_9863a18959c49b18795c,2,1,2013-01-23,2013-01-23,1,False
train,Q_98669ea44a8b4f48cb4b,2,1,2014-11-26,2014-11-26,1,False
train,Q_986ff7f26026c2eee81c,2,1,2013-10-30,2013-10-30,1,False
train,Q_9875d06fecab5f422f19,2,1,2016-01-13,2016-01-13,1,False
train,Q_987b2a3458f90122ecd9,2,1,2015-09-30,2015-09-30,1,False
train,Q_98868c7c8319b5ba87a0,2,1,2015-07-15,2015-07-15,1,False
train,Q_988fc0d7be21168234d6,2,1,2014-04-23,2014-04-23,1,False
train,Q_9890913b2f73e9f7da9f,2,1,2015-08-05,2015-08-05,1,False
train,Q_9895a98a41d58432e733,2,1,2016-04-27,2016-04-27,1,False
train,Q_98a12fa9bc442df4f5a3,2,1,2015-03-04,2015-03-04,1,False
train,Q_98a2bb4927d1ec7c65f0,2,1,2015-07-29,2015-07-29,1,False
train,Q_98a423a5e8006feea4e6,2,1,2016-02-10,2016-02-10,1,False
train,Q_98a53032bc3ec4f064e9,2,1,2013-05-29,2013-05-29,1,False
train,Q_98a9fce2c95e8ded13d2,2,1,2013-10-23,2013-10-23,1,False
train,Q_98b2143cbbdd04e4332f,2,1,2012-07-11,2012-07-11,1,False
train,Q_98b57b657b15d57ed464,2,1,2016-03-02,2016-03-02,1,False
train,Q_98b861d3a3a549c9c59f,2,1,2013-03-27,2013-03-27,1,False
train,Q_98c202145c97a201ee5c,2,1,2015-12-16,2015-12-16,1,False
train,Q_98c2d5e1c8529f5e6155,2,1,2012-08-01,2012-08-01,1,False
train,Q_98d9c4007081abe20b0b,2,1,2013-01-23,2013-01-23,1,False
train,Q_98ef44729b5ad961ecc8,2,1,2013-05-01,2013-05-01,1,False
train,Q_98f6cd3d268d6c659340,2,1,2013-04-10,2013-04-10,1,False
train,Q_98ff585590f32d9334d9,2,1,2014-10-15,2014-10-15,1,False
train,Q_990ec6a59a8e27884cf4,2,1,2016-07-27,2016-07-27,1,False
train,Q_990f39ea3988b3a7d20b,2,1,2015-12-16,2015-12-16,1,False
train,Q_9913ea31378f4cb4de6e,2,1,2013-10-23,2013-10-23,1,False
train,Q_992c1ca79b1b49c130f1,2,1,2014-06-25,2014-06-25,1,False
train,Q_99305995b51b1693b5d4,2,1,2015-09-30,2015-09-30,1,False
train,Q_99353ade32d1a26abdc0,2,1,2015-10-28,2015-10-28,1,False
train,Q_9935e1d54f3aab0487fb,2,1,2016-06-01,2016-06-01,1,False
train,Q_99427bd8e669d5fdf12e,2,1,2014-05-07,2014-05-07,1,False
train,Q_9955ec1aa224424976be,2,1,2016-05-04,2016-05-04,1,False
train,Q_995641b9813015569b1d,2,1,2016-08-24,2016-08-24,1,False
train,Q_996b1a57318a4be58f73,2,1,2014-12-31,2014-12-31,1,False
train,Q_996e42bd6414decbbce2,2,1,2015-01-14,2015-01-14,1,False
train,Q_99739c62332c7f90fc83,2,1,2015-02-11,2015-02-11,1,False
train,Q_99871080a9aa13bf8854,2,1,2016-01-27,2016-01-27,1,False
train,Q_998760d64f6589520d41,2,1,2013-06-19,2013-06-19,1,False
train,Q_9992c74cf70136b0e854,2,1,2015-03-18,2015-03-18,1,False
train,Q_99995ebcd5d8e1fbcd53,2,1,2012-10-31,2012-10-31,1,False
train,Q_99a03e883d9150b6d0d3,2,1,2016-08-24,2016-08-24,1,False
train,Q_99a293cb31e042bf968b,2,1,2014-03-12,2014-03-12,1,False
train,Q_99a3d471eca4f93291fd,2,1,2014-02-19,2014-02-19,1,False
train,Q_99c002c1c43701d098c1,2,1,2015-11-18,2015-11-18,1,False
train,Q_99c7d31ce72e42c06db7,2,1,2013-09-11,2013-09-11,1,False
train,Q_99ef8eec70e525db200e,2,1,2013-03-20,2013-03-20,1,False
train,Q_99f1d3cf4be3735f0bc1,2,1,2013-12-11,2013-12-11,1,False
train,Q_99f619facb3e0c257a7f,2,1,2015-04-08,2015-04-08,1,False
train,Q_9a05b0a4fadcac9e748d,2,1,2012-08-01,2012-08-01,1,False
train,Q_9a0e342e51f85d3a2318,2,1,2013-10-23,2013-10-23,1,False
train,Q_9a11a16e9f0272223814,2,1,2016-03-09,2016-03-09,1,False
train,Q_9a251efdb66a7a21adf4,2,1,2014-06-25,2014-06-25,1,False
train,Q_9a2d3941f131c49e6256,2,1,2013-09-04,2013-09-04,1,False
train,Q_9a2f4d831c04ecd1e426,2,1,2014-03-12,2014-03-12,1,False
train,Q_9a4c621d3dcaf1a444f5,2,1,2014-12-24,2014-12-24,1,False
train,Q_9a57d1b788955efd6cdd,2,1,2016-03-02,2016-03-02,1,False
train,Q_9a59700c1abf6ff6affc,2,1,2013-01-16,2013-01-16,1,False
train,Q_9a5aa3cb822f25b40c51,2,1,2016-02-03,2016-02-03,1,False
train,Q_9a642d31ab7b2389c689,2,1,2014-04-09,2014-04-09,1,False
train,Q_9a6473b8f1f4d1f6b294,2,1,2015-11-04,2015-11-04,1,False
train,Q_9a6f635fa3a41baa34cf,2,1,2013-04-03,2013-04-03,1,False
train,Q_9a73dbcbb83799cd7889,2,1,2015-11-18,2015-11-18,1,False
train,Q_9a77eebe97e60d4dbd86,2,1,2014-10-15,2014-10-15,1,False
train,Q_9a86e6256c4b81a9592d,2,1,2015-09-30,2015-09-30,1,False
train,Q_9a94e1e34d0b06abbf80,2,1,2016-03-23,2016-03-23,1,False
train,Q_9a95ec56fc7b79e6ab8a,2,1,2014-02-05,2014-02-05,1,False
train,Q_9a99eb221c33f66a6af9,2,1,2015-10-07,2015-10-07,1,False
train,Q_9a9abdec3995126cc986,2,1,2015-04-01,2015-04-01,1,False
train,Q_9aa4166ae16bb7d12f7c,2,1,2012-08-01,2012-08-01,1,False
train,Q_9aad6c7719d9e94e5312,2,1,2016-05-18,2016-05-18,1,False
train,Q_9aae4c9f038545ffa428,2,1,2013-12-18,2013-12-18,1,False
train,Q_9ab6635d23e872f08253,2,1,2015-10-21,2015-10-21,1,False
train,Q_9abc4b17202ae9e2abc7,2,1,2013-07-10,2013-07-10,1,False
train,Q_9adb931fd73fe6289974,2,1,2015-10-14,2015-10-14,1,False
train,Q_9ae8cf8111d4d1fd5c19,2,1,2013-01-16,2013-01-16,1,False
train,Q_9af836f9ec9abe681c1e,2,1,2014-05-07,2014-05-07,1,False
train,Q_9af8bd4b23c9d273291f,2,1,2014-10-15,2014-10-15,1,False
train,Q_9afaf1d09ccff3584125,2,1,2015-10-14,2015-10-14,1,False
train,Q_9b035eafe5d817c26c45,2,1,2016-05-25,2016-05-25,1,False
train,Q_9b037cf1157d01372130,2,1,2013-05-29,2013-05-29,1,False
train,Q_9b041c2d52c3e97bc38b,2,1,2015-06-24,2015-06-24,1,False
train,Q_9b19a4305845d2e595de,2,1,2013-11-20,2013-11-20,1,False
train,Q_9b1fa213c31f9f02379a,2,1,2013-07-10,2013-07-10,1,False
train,Q_9b291ae3e88285f1d257,2,1,2016-05-04,2016-05-04,1,False
train,Q_9b2ca30865e7dcf62910,2,1,2016-03-02,2016-03-02,1,False
train,Q_9b346497adb232b32eff,2,1,2015-08-26,2015-08-26,1,False
train,Q_9b38c5532592509e9fc3,2,1,2014-02-05,2014-02-05,1,False
train,Q_9b40e73dfbd31d278ced,2,1,2014-02-19,2014-02-19,1,False
train,Q_9b439087988e1d6bf0f3,2,1,2014-03-12,2014-03-12,1,False
train,Q_9b4feeb4429d15b4647e,2,1,2014-10-01,2014-10-01,1,False
train,Q_9b5b4591c75f92e4118d,2,1,2015-10-21,2015-10-21,1,False
train,Q_9b621534e0aef2aa783a,2,1,2015-02-04,2015-02-04,1,False
train,Q_9b713df620a57afa7b23,2,1,2015-06-24,2015-06-24,1,False
train,Q_9b75fc8670a1a6436269,2,1,2016-06-22,2016-06-22,1,False
train,Q_9b77734b6ba91e114da0,2,1,2016-04-13,2016-04-13,1,False
train,Q_9b784b2eae7a66e7b010,2,1,2012-07-18,2012-07-18,1,False
train,Q_9b866366ece5e4ec9c05,2,1,2015-04-08,2015-04-08,1,False
train,Q_9b8cef439a6002a76795,2,1,2015-09-30,2015-09-30,1,False
train,Q_9b8e73279151d2686a3c,4,2,2012-07-25,2015-07-22,2,True
train,Q_9b8f4259983f23e1c424,2,1,2015-03-25,2015-03-25,1,False
train,Q_9b92b0a2feb2e387f16f,2,1,2015-07-29,2015-07-29,1,False
train,Q_9b934dca67eb756dee4f,2,1,2016-04-06,2016-04-06,1,False
train,Q_9b97b235fa91a5f1d7cc,2,1,2013-10-23,2013-10-23,1,False
train,Q_9ba4f2e66b2c75c658a4,2,1,2013-01-23,2013-01-23,1,False
train,Q_9ba894252f6a650d3d5d,2,1,2014-10-01,2014-10-01,1,False
train,Q_9bb5d7251592e0ce03ef,2,1,2013-11-06,2013-11-06,1,False
train,Q_9bb87e19cfc94d0230bd,2,1,2015-01-21,2015-01-21,1,False
train,Q_9bbc61f8722c74f0eb7c,2,1,2014-06-18,2014-06-18,1,False
train,Q_9bc48758308bfc9a7dc1,2,1,2014-03-05,2014-03-05,1,False
train,Q_9bc48d350a40189be525,2,1,2014-06-11,2014-06-11,1,False
train,Q_9bd2a32899bcf686fb47,2,1,2014-04-23,2014-04-23,1,False
train,Q_9bf51a68ad427ed769d0,2,1,2014-06-04,2014-06-04,1,False
train,Q_9c018941bdca389264b8,2,1,2012-08-08,2012-08-08,1,False
train,Q_9c01d29ef3d76744fdd3,2,1,2016-05-04,2016-05-04,1,False
train,Q_9c05a73f898a6cc81bb2,2,1,2014-11-05,2014-11-05,1,False
train,Q_9c05fcf124e6744af2f4,2,1,2016-07-20,2016-07-20,1,False
train,Q_9c061268416587535af0,2,1,2015-09-16,2015-09-16,1,False
train,Q_9c0acc7fa3991c6c97ca,2,1,2016-03-02,2016-03-02,1,False
train,Q_9c0b83ed3bc56b26d854,2,1,2014-12-31,2014-12-31,1,False
train,Q_9c0c3bac9e0f3e2a8072,2,1,2013-10-09,2013-10-09,1,False
train,Q_9c1675113edf85462b68,2,1,2014-12-24,2014-12-24,1,False
train,Q_9c17b39709743aa97b64,2,1,2015-06-03,2015-06-03,1,False
train,Q_9c1c8e0b7941e7a86b0b,2,1,2015-02-18,2015-02-18,1,False
train,Q_9c1fc7127b942237ba6d,2,1,2013-06-26,2013-06-26,1,False
train,Q_9c2715a3959f49793756,2,1,2015-09-09,2015-09-09,1,False
train,Q_9c33042960caae74e5e9,2,1,2016-06-01,2016-06-01,1,False
train,Q_9c3f74b3ea8235b65f03,2,1,2013-03-06,2013-03-06,1,False
train,Q_9c5c0d39f29cf09b2b03,2,1,2015-11-25,2015-11-25,1,False
train,Q_9c62fba43095969d6054,2,1,2015-11-04,2015-11-04,1,False
train,Q_9c6c2dceb0cafefad07c,2,1,2015-04-01,2015-04-01,1,False
train,Q_9c6e08839fa24aa5ecff,2,1,2016-07-06,2016-07-06,1,False
train,Q_9c6ef28b60ffe50af195,2,1,2015-11-25,2015-11-25,1,False
train,Q_9c7b22a12674343afee5,2,1,2016-08-03,2016-08-03,1,False
train,Q_9c7c49534ec90663d60b,2,1,2016-02-24,2016-02-24,1,False
train,Q_9c7d38cb0188849d44cf,2,1,2015-11-25,2015-11-25,1,False
train,Q_9c830697415a644458cd,2,1,2016-05-04,2016-05-04,1,False
train,Q_9c855d0a6a895ff11ae8,2,1,2016-03-23,2016-03-23,1,False
train,Q_9c87da8ba547e0f96f45,2,1,2016-02-24,2016-02-24,1,False
train,Q_9c89b78b2edec4a2c19b,2,1,2012-10-03,2012-10-03,1,False
train,Q_9ca3b3e74a08aecd2d8f,2,1,2013-01-30,2013-01-30,1,False
train,Q_9ca4796b722c04eda5ce,2,1,2016-01-20,2016-01-20,1,False
train,Q_9ca6bfa745bcd7f1aee9,2,1,2014-04-09,2014-04-09,1,False
train,Q_9caf0e6698f26cdcd305,2,1,2013-08-28,2013-08-28,1,False
train,Q_9cb5527fe8a4d3c923fd,2,1,2016-06-08,2016-06-08,1,False
train,Q_9cbab9be69952c798140,2,1,2014-10-22,2014-10-22,1,False
train,Q_9cbb46636a795731dbf8,2,1,2016-06-29,2016-06-29,1,False
train,Q_9cc1eb26a6ed4afd20aa,2,1,2013-02-13,2013-02-13,1,False
train,Q_9cc29d0f9f9588a47f00,2,1,2015-03-18,2015-03-18,1,False
train,Q_9cc5e49b393b849eab34,2,1,2013-06-12,2013-06-12,1,False
train,Q_9cd0b2b2edf067480200,2,1,2015-04-01,2015-04-01,1,False
train,Q_9cd0eccb19d2930cd22e,2,1,2015-04-29,2015-04-29,1,False
train,Q_9cd796ffd95da210d5e7,2,1,2016-02-24,2016-02-24,1,False
train,Q_9cfe73995583193d6dc1,2,1,2015-03-04,2015-03-04,1,False
train,Q_9d068bc99f4f9cc8ef33,2,1,2013-11-13,2013-11-13,1,False
train,Q_9d14ff08eee5ad92f2f4,2,1,2014-03-05,2014-03-05,1,False
train,Q_9d186a08a625ba0b481a,2,1,2014-01-15,2014-01-15,1,False
train,Q_9d23df486e2aad834aea,2,1,2016-08-03,2016-08-03,1,False
train,Q_9d39fbd5094d563efa39,2,1,2014-12-10,2014-12-10,1,False
train,Q_9d47fab5c1ddc3f4ae07,2,1,2015-11-18,2015-11-18,1,False
train,Q_9d49602de5e2ea1bdc1c,2,1,2013-03-13,2013-03-13,1,False
train,Q_9d519366db57683aa4d7,2,1,2016-09-21,2016-09-21,1,False
train,Q_9d563eef26a9d2bb7f0a,2,1,2015-11-18,2015-11-18,1,False
train,Q_9d70914d7bb097c76c38,2,1,2016-04-13,2016-04-13,1,False
train,Q_9d7a766b2ac83b3c58c8,2,1,2014-10-01,2014-10-01,1,False
train,Q_9d7fdd59f34e809304c7,2,1,2015-02-04,2015-02-04,1,False
train,Q_9d820bff715c5cf27219,2,1,2013-01-30,2013-01-30,1,False
train,Q_9d82a3fdee78ab47f28f,2,1,2014-06-18,2014-06-18,1,False
train,Q_9d83e9069e554d324f7c,2,1,2016-08-24,2016-08-24,1,False
train,Q_9d8528ee4ff44f9e4dbb,2,1,2014-04-16,2014-04-16,1,False
train,Q_9d891ca51fdac7be14a1,2,1,2013-08-28,2013-08-28,1,False
train,Q_9d9a10217856c64dd3c4,2,1,2016-03-02,2016-03-02,1,False
train,Q_9dba74d0389d15d29a6e,2,1,2015-09-16,2015-09-16,1,False
train,Q_9dc3822902e4007349f3,2,1,2013-08-07,2013-08-07,1,False
train,Q_9dd26338e010613ec3b8,2,1,2015-03-25,2015-03-25,1,False
train,Q_9dd4dd9b486c0d004b3f,2,1,2014-05-21,2014-05-21,1,False
train,Q_9dd67bcbaedf2dd32848,2,1,2016-06-01,2016-06-01,1,False
train,Q_9ddcd7b9e88e051b4c13,2,1,2016-06-15,2016-06-15,1,False
train,Q_9df4b42af47a085fb552,2,1,2014-12-24,2014-12-24,1,False
train,Q_9e087aa1961c48e4569b,2,1,2013-09-04,2013-09-04,1,False
train,Q_9e1b8dfa3328a64ad94d,2,1,2012-12-12,2012-12-12,1,False
train,Q_9e1e62688ebfd0cb3561,2,1,2012-11-21,2012-11-21,1,False
train,Q_9e1fa92fc0b6fda97cf5,2,1,2013-04-24,2013-04-24,1,False
train,Q_9e256b15c290e3c991a3,2,1,2016-01-20,2016-01-20,1,False
train,Q_9e2c02185d0fe1680254,2,1,2013-03-20,2013-03-20,1,False
train,Q_9e51fcd785f9128c1836,2,1,2016-07-27,2016-07-27,1,False
train,Q_9e649e1f91127321f34d,2,1,2014-02-12,2014-02-12,1,False
train,Q_9e6885b9201b1bb5a6e1,2,1,2015-06-24,2015-06-24,1,False
train,Q_9e8eb6bcec77656ca879,2,1,2016-04-06,2016-04-06,1,False
train,Q_9e90664e2f5f4288af06,2,1,2016-08-03,2016-08-03,1,False
train,Q_9e9993dddde44a0d8dc6,2,1,2014-11-26,2014-11-26,1,False
train,Q_9ec3b743007778d85d21,2,1,2015-08-05,2015-08-05,1,False
train,Q_9ec5cae7c007504140d9,2,1,2015-04-29,2015-04-29,1,False
train,Q_9ecda4595bf01189ef43,2,1,2016-09-21,2016-09-21,1,False
train,Q_9eea70426776b4c81825,2,1,2012-08-29,2012-08-29,1,False
train,Q_9efc62eccd7408c38aef,2,1,2016-01-20,2016-01-20,1,False
train,Q_9f0ee7643a0a582cc73a,2,1,2013-11-20,2013-11-20,1,False
train,Q_9f11abfed8af8551feac,2,1,2012-09-19,2012-09-19,1,False
train,Q_9f16fe52a8b7c64e50eb,2,1,2015-09-16,2015-09-16,1,False
train,Q_9f218cb25e5ee35aac6d,2,1,2014-05-28,2014-05-28,1,False
train,Q_9f275da4d046ef9b8b5c,2,1,2013-07-03,2013-07-03,1,False
train,Q_9f27a2e196408c13d704,2,1,2013-03-13,2013-03-13,1,False
train,Q_9f44eec3f6deb16403d7,2,1,2015-04-08,2015-04-08,1,False
train,Q_9f49a6d6988ffc9327b6,2,1,2014-10-01,2014-10-01,1,False
train,Q_9f4d9ebddbf89c1126b1,2,1,2013-11-27,2013-11-27,1,False
train,Q_9f5304d6fe30838e861f,2,1,2014-07-30,2014-07-30,1,False
train,Q_9f54d0609f4253c1d610,2,1,2016-03-30,2016-03-30,1,False
train,Q_9f5dba3ae9aea869f8c6,2,1,2013-12-18,2013-12-18,1,False
train,Q_9f6f26024f57afd5aa95,2,1,2014-12-03,2014-12-03,1,False
train,Q_9f7b31bfa97ee5036980,2,1,2015-07-29,2015-07-29,1,False
train,Q_9f87b36c787a4f6308f9,2,1,2014-04-16,2014-04-16,1,False
train,Q_9f8b8917d5d93b74d388,2,1,2013-01-02,2013-01-02,1,False
train,Q_9f935663d1756b5da748,2,1,2015-06-17,2015-06-17,1,False
train,Q_9f976d0ae7d14f4aa8d6,2,1,2013-01-30,2013-01-30,1,False
train,Q_9f98c357fd91dec7b0a4,2,1,2013-06-26,2013-06-26,1,False
train,Q_9f9b1696091e19c93c0c,2,1,2014-04-09,2014-04-09,1,False
train,Q_9fa373c48860359d18a0,2,1,2013-02-13,2013-02-13,1,False
train,Q_9fa94c700f08151f7225,2,1,2012-08-01,2012-08-01,1,False
train,Q_9faed81bbdf1d99897b1,2,1,2012-08-01,2012-08-01,1,False
train,Q_9fb0a456b22f08b30ba3,2,1,2013-04-17,2013-04-17,1,False
train,Q_9fb8c8ade6a1d9211536,2,1,2015-04-15,2015-04-15,1,False
train,Q_9fc367cf6bc53f46384a,2,1,2012-08-01,2012-08-01,1,False
train,Q_9fc9cce780cda692abdc,2,1,2015-07-29,2015-07-29,1,False
train,Q_9fcd75ec0f236aff4f3d,2,1,2013-05-29,2013-05-29,1,False
train,Q_9fd022f7530294e8cf91,2,1,2012-09-05,2012-09-05,1,False
train,Q_9fd5e0668458916efd22,2,1,2013-02-13,2013-02-13,1,False
train,Q_9fe4ce1dccf979710c60,2,1,2014-11-26,2014-11-26,1,False
train,Q_9fe50ec15693c773fd0c,2,1,2012-08-01,2012-08-01,1,False
train,Q_9ff7992fc7530cd2e5c1,2,1,2015-02-04,2015-02-04,1,False
train,Q_a00a6e962454524c63a9,2,1,2013-05-15,2013-05-15,1,False
train,Q_a01278c21262c1a39de2,2,1,2015-11-25,2015-11-25,1,False
train,Q_a025a9373a9d48280bc9,2,1,2013-04-24,2013-04-24,1,False
train,Q_a02eeff38f1ea0417e51,2,1,2013-06-26,2013-06-26,1,False
train,Q_a0350e0656720cfaf91c,2,1,2012-08-01,2012-08-01,1,False
train,Q_a0357b1a716c406dc051,2,1,2015-07-29,2015-07-29,1,False
train,Q_a04202c1cf4e50928818,2,1,2015-04-22,2015-04-22,1,False
train,Q_a044f40d4fbdb1e31812,2,1,2015-03-18,2015-03-18,1,False
train,Q_a045dd32bb7ef505bf6d,2,1,2013-08-07,2013-08-07,1,False
train,Q_a0687b0f5fd93ea934d9,2,1,2015-02-25,2015-02-25,1,False
train,Q_a079c0ea69680c2dcf9f,2,1,2014-12-31,2014-12-31,1,False
train,Q_a07b242cbc7b0950d624,2,1,2014-12-24,2014-12-24,1,False
train,Q_a0851679fded9b648d8b,2,1,2016-08-03,2016-08-03,1,False
train,Q_a0906ab9b8df83895fd6,2,1,2015-01-21,2015-01-21,1,False
train,Q_a09ffcaaad015c680e06,2,1,2015-01-21,2015-01-21,1,False
train,Q_a0a5b17afdd2640001d3,2,1,2013-10-02,2013-10-02,1,False
train,Q_a0aa9dc66df576b0a2ac,2,1,2012-09-19,2012-09-19,1,False
train,Q_a0b7109aca4218d95970,2,1,2016-03-30,2016-03-30,1,False
train,Q_a0bf1442bfe05e15e175,2,1,2013-01-30,2013-01-30,1,False
train,Q_a0bf6d5f8661dc79f80e,2,1,2013-03-06,2013-03-06,1,False
train,Q_a0bfaa5850be560904de,2,1,2015-06-24,2015-06-24,1,False
train,Q_a0c10c86a85379411a60,2,1,2013-03-06,2013-03-06,1,False
train,Q_a0cecf768d3b4063f521,2,1,2016-03-23,2016-03-23,1,False
train,Q_a0ed49d8fa6af738df51,2,1,2014-09-10,2014-09-10,1,False
train,Q_a0fa6904da707a0fbc71,2,1,2015-12-23,2015-12-23,1,False
train,Q_a1011f479cab92be25a3,2,1,2014-05-21,2014-05-21,1,False
train,Q_a10b1343a1ea3eb24e2f,2,1,2015-12-23,2015-12-23,1,False
train,Q_a123060fda8e0f9b90d8,2,1,2016-04-27,2016-04-27,1,False
train,Q_a125ee360722837e7767,2,1,2016-04-06,2016-04-06,1,False
train,Q_a133656ddc7a4b807214,2,1,2015-12-09,2015-12-09,1,False
train,Q_a13a0d982ba390cde269,2,1,2015-11-25,2015-11-25,1,False
train,Q_a13aaab921c703529f15,2,1,2015-12-30,2015-12-30,1,False
train,Q_a13ae6bda52ad5dbd4b2,2,1,2014-10-01,2014-10-01,1,False
train,Q_a13b8a5397e2c8d88fd9,2,1,2014-11-19,2014-11-19,1,False
train,Q_a13ef5483a6c36af55d3,2,1,2016-03-23,2016-03-23,1,False
train,Q_a14c701555e13fa24564,2,1,2015-07-29,2015-07-29,1,False
train,Q_a1527c14e4f1f7d7f5f6,2,1,2014-04-09,2014-04-09,1,False
train,Q_a152f5c6633cc253dfd0,2,1,2015-04-08,2015-04-08,1,False
train,Q_a15708ec6ce365e5bb45,2,1,2013-05-29,2013-05-29,1,False
train,Q_a158a1faee074e4c2a7e,2,1,2015-01-28,2015-01-28,1,False
train,Q_a1686166ca8db8de4b3a,2,1,2015-04-08,2015-04-08,1,False
train,Q_a16a8410bb6580cf8b2f,2,1,2012-07-04,2012-07-04,1,False
train,Q_a17123d570b7a08fb7b3,2,1,2013-05-29,2013-05-29,1,False
train,Q_a17ea5ac9638e57af813,2,1,2015-07-29,2015-07-29,1,False
train,Q_a18365c1d450d9430c4d,2,1,2015-06-17,2015-06-17,1,False
train,Q_a191f6355104f9b9d628,2,1,2014-05-07,2014-05-07,1,False
train,Q_a1988fca8785469ac4eb,2,1,2012-08-01,2012-08-01,1,False
train,Q_a198ce28dc6816be4741,2,1,2012-11-28,2012-11-28,1,False
train,Q_a198e2155e2da49069b0,2,1,2016-08-03,2016-08-03,1,False
train,Q_a19d01637b60fa979e03,2,1,2016-06-01,2016-06-01,1,False
train,Q_a1a09e2a3065ac0e7e4e,2,1,2015-02-11,2015-02-11,1,False
train,Q_a1a178aee86e893c9c50,2,1,2016-07-06,2016-07-06,1,False
train,Q_a1a434d753e603e5c187,2,1,2015-03-04,2015-03-04,1,False
train,Q_a1a573f9e55aed09117b,2,1,2014-11-12,2014-11-12,1,False
train,Q_a1ae3b670a0862c8e65d,2,1,2016-03-02,2016-03-02,1,False
train,Q_a1b066205afffcfc0716,2,1,2015-07-01,2015-07-01,1,False
train,Q_a1b455b5715c79f0a8e2,2,1,2012-08-22,2012-08-22,1,False
train,Q_a1b62c9e40f0c4563346,2,1,2016-09-14,2016-09-14,1,False
train,Q_a1bb3a554660fd8f5541,2,1,2012-07-04,2012-07-04,1,False
train,Q_a1bc5be82959e2a6bc13,2,1,2015-07-29,2015-07-29,1,False
train,Q_a1c573692a4ebfe3dee2,2,1,2015-09-02,2015-09-02,1,False
train,Q_a1cb752d99fc80da3d84,2,1,2015-05-13,2015-05-13,1,False
train,Q_a1d6a4bc866fa2ec9610,2,1,2014-11-19,2014-11-19,1,False
train,Q_a1db7cec0023073bf91b,2,1,2013-09-18,2013-09-18,1,False
train,Q_a1e0a77c5f9b22ff5e79,2,1,2012-09-19,2012-09-19,1,False
train,Q_a1e9c3addf08d73b56f5,2,1,2016-02-17,2016-02-17,1,False
train,Q_a1ef8aebe713ba3fe327,2,1,2012-09-12,2012-09-12,1,False
train,Q_a1f3579fc1e6477307c2,2,1,2014-08-27,2014-08-27,1,False
train,Q_a1f9a35833ec146ed1d8,2,1,2012-07-04,2012-07-04,1,False
train,Q_a1fa9c8100acc3dcfae3,2,1,2014-12-24,2014-12-24,1,False
train,Q_a205819cd1a7d2d16d81,2,1,2013-12-04,2013-12-04,1,False
train,Q_a205ec811d424e486528,2,1,2015-01-14,2015-01-14,1,False
train,Q_a210eae8cd81d22400cc,2,1,2013-02-13,2013-02-13,1,False
train,Q_a21695ccb6a334a3d8f4,2,1,2015-12-02,2015-12-02,1,False
train,Q_a2174c5bede6fced154f,2,1,2015-06-03,2015-06-03,1,False
train,Q_a218779a0b9f56079b60,2,1,2015-06-24,2015-06-24,1,False
train,Q_a21bae6e3ba116b1a609,2,1,2014-02-05,2014-02-05,1,False
train,Q_a21c6899a4c872f45213,2,1,2014-10-15,2014-10-15,1,False
train,Q_a21e4043ab7e80bb76eb,2,1,2015-07-01,2015-07-01,1,False
train,Q_a22e6dba7d1eb327ec67,2,1,2015-11-18,2015-11-18,1,False
train,Q_a23003787f3ddc35ba70,2,1,2013-10-23,2013-10-23,1,False
train,Q_a2309384dc458b05424d,2,1,2015-07-08,2015-07-08,1,False
train,Q_a2313b328e6a23dec260,2,1,2015-11-25,2015-11-25,1,False
train,Q_a2350cb92348fec49672,2,1,2015-07-08,2015-07-08,1,False
train,Q_a24257ef085136c0ebf0,2,1,2015-01-21,2015-01-21,1,False
train,Q_a24553441934d6fb26f3,2,1,2015-10-28,2015-10-28,1,False
train,Q_a25708cb29b8974d2312,2,1,2014-07-23,2014-07-23,1,False
train,Q_a25de164161060d1b571,2,1,2013-05-29,2013-05-29,1,False
train,Q_a25f7d69bf4c6d73a7bd,2,1,2013-04-10,2013-04-10,1,False
train,Q_a26096b0f130b22b5050,2,1,2015-05-13,2015-05-13,1,False
train,Q_a2678f429592197ededa,2,1,2014-05-07,2014-05-07,1,False
train,Q_a26aaf4334ad2388e891,2,1,2012-12-19,2012-12-19,1,False
train,Q_a27df3f024ebce734788,2,1,2013-11-13,2013-11-13,1,False
train,Q_a28794cfe9fece4efd94,2,1,2014-02-05,2014-02-05,1,False
train,Q_a289aa72140861ed77d0,2,1,2013-09-11,2013-09-11,1,False
train,Q_a28bc1b9b2d2d5920d0e,2,1,2014-10-01,2014-10-01,1,False
train,Q_a29369c35920912333cc,2,1,2014-04-09,2014-04-09,1,False
train,Q_a298527be4c66e79b050,2,1,2015-04-15,2015-04-15,1,False
train,Q_a298c8d08612471e586e,2,1,2015-02-04,2015-02-04,1,False
train,Q_a2a4f9deae21ecf20b95,2,1,2015-05-06,2015-05-06,1,False
train,Q_a2aa8f2a4448a840f36a,2,1,2015-04-15,2015-04-15,1,False
train,Q_a2ac7e11af8f518fda2a,2,1,2012-07-25,2012-07-25,1,False
train,Q_a2afaa1eb6177ecdbb5f,2,1,2013-02-13,2013-02-13,1,False
train,Q_a2b6101a4bbc0c3c73d2,2,1,2016-06-08,2016-06-08,1,False
train,Q_a2bad3bc3963058f47d1,2,1,2014-08-27,2014-08-27,1,False
train,Q_a2c2ab8eab5bf7dca75a,2,1,2014-12-24,2014-12-24,1,False
train,Q_a2c5b5d053434d1df573,2,1,2016-01-27,2016-01-27,1,False
train,Q_a2c70e20f4767622d73d,2,1,2015-06-24,2015-06-24,1,False
train,Q_a2cb768e438e2d6542f5,2,1,2013-02-20,2013-02-20,1,False
train,Q_a2d1efdb3fd67bd9cbfe,2,1,2014-07-09,2014-07-09,1,False
train,Q_a2d4c2559fbc561aeb8a,2,1,2014-01-15,2014-01-15,1,False
train,Q_a3032c843081c753aa26,2,1,2014-12-03,2014-12-03,1,False
train,Q_a30a0bb54d36a133f252,2,1,2015-05-06,2015-05-06,1,False
train,Q_a310aafef4a6c95ee7bf,2,1,2013-11-06,2013-11-06,1,False
train,Q_a3202b927c111aa0d750,2,1,2012-12-12,2012-12-12,1,False
train,Q_a32e3b795158c47d751b,2,1,2016-06-22,2016-06-22,1,False
train,Q_a32f5da1fba7f85de1af,2,1,2013-12-04,2013-12-04,1,False
train,Q_a334f4c67230653b20db,2,1,2014-04-16,2014-04-16,1,False
train,Q_a3373cf89a526da9eb57,2,1,2016-03-23,2016-03-23,1,False
train,Q_a3393d70f1d4ebace20e,2,1,2013-01-16,2013-01-16,1,False
train,Q_a33f8ddfc79d234454a1,2,1,2016-01-27,2016-01-27,1,False
train,Q_a34acbfece0b5ba04602,2,1,2013-12-11,2013-12-11,1,False
train,Q_a35152ba5e412bbc3b57,2,1,2014-12-10,2014-12-10,1,False
train,Q_a359ddab1afdb2f3ba5a,2,1,2015-06-24,2015-06-24,1,False
train,Q_a35b41430ecb6d055fe7,2,1,2015-01-07,2015-01-07,1,False
train,Q_a35e7ee03b0a77364963,2,1,2015-09-16,2015-09-16,1,False
train,Q_a35eef488c5b9796a444,2,1,2016-04-13,2016-04-13,1,False
train,Q_a36ec94b4b21ad2d52fb,2,1,2012-12-19,2012-12-19,1,False
train,Q_a3860e7d66dc2370f62b,2,1,2015-07-08,2015-07-08,1,False
train,Q_a38a882a41e1b33c6623,2,1,2014-10-22,2014-10-22,1,False
train,Q_a392b1154d453ea88e01,2,1,2012-09-26,2012-09-26,1,False
train,Q_a3952d00e07dd034f08c,2,1,2015-10-14,2015-10-14,1,False
train,Q_a3954e157aa45f0d5dc5,2,1,2014-10-01,2014-10-01,1,False
train,Q_a39f4a08bc8c1b752b8d,2,1,2013-06-05,2013-06-05,1,False
train,Q_a3a52cc0a3efdf9ee403,2,1,2015-02-25,2015-02-25,1,False
train,Q_a3b598fe707c21c1f559,2,1,2014-02-05,2014-02-05,1,False
train,Q_a3c02b539e42b22211e7,2,1,2013-03-27,2013-03-27,1,False
train,Q_a3c5d0c4e38408829351,2,1,2016-03-23,2016-03-23,1,False
train,Q_a3cdba6aa4f97725a565,2,1,2016-05-04,2016-05-04,1,False
train,Q_a3d39071455adad7d2a6,2,1,2016-01-20,2016-01-20,1,False
train,Q_a3d58b4d5cd71b44bb35,2,1,2015-08-05,2015-08-05,1,False
train,Q_a3ddf66a84445b5b8633,2,1,2013-01-02,2013-01-02,1,False
train,Q_a3e49526eb2c735b281c,2,1,2014-06-04,2014-06-04,1,False
train,Q_a3e4cdfac701be6d0247,2,1,2014-07-09,2014-07-09,1,False
train,Q_a3f36db90b817d9ea95b,2,1,2013-05-29,2013-05-29,1,False
train,Q_a3f7570aa017893b6e9f,2,1,2015-09-02,2015-09-02,1,False
train,Q_a3fbb420e85d4c892ecd,2,1,2016-07-13,2016-07-13,1,False
train,Q_a400f71e8fe913a6256e,2,1,2016-05-25,2016-05-25,1,False
train,Q_a40536fecddf46af0866,2,1,2014-06-04,2014-06-04,1,False
train,Q_a4079671154543ebbc3a,2,1,2013-10-02,2013-10-02,1,False
train,Q_a4289060a6515350c4b2,2,1,2016-06-22,2016-06-22,1,False
train,Q_a4292066ca6040fc5814,2,1,2016-09-07,2016-09-07,1,False
train,Q_a4346ec194e0482eb72b,2,1,2016-01-27,2016-01-27,1,False
train,Q_a435ae5ba20550e2d46b,2,1,2015-07-29,2015-07-29,1,False
train,Q_a437d2e814385910ecf1,2,1,2016-08-10,2016-08-10,1,False
train,Q_a439f376fe665ecca754,2,1,2016-06-01,2016-06-01,1,False
train,Q_a43d442b0228e51e84e6,2,1,2015-04-08,2015-04-08,1,False
train,Q_a4547fb890d287644c3e,2,1,2014-11-19,2014-11-19,1,False
train,Q_a459986f6e99ec7d0471,2,1,2016-01-06,2016-01-06,1,False
train,Q_a45f223dcf561da8f107,2,1,2016-03-16,2016-03-16,1,False
train,Q_a462d35fb9ca863370de,2,1,2016-04-13,2016-04-13,1,False
train,Q_a466c3d84c1c0da010cb,2,1,2012-09-19,2012-09-19,1,False
train,Q_a473924381da28b4a246,2,1,2012-11-14,2012-11-14,1,False
train,Q_a4772a9b8271456beb70,2,1,2015-12-09,2015-12-09,1,False
train,Q_a47878ccc5a8b94d9bcc,2,1,2014-12-03,2014-12-03,1,False
train,Q_a47dd354e5c286da0fe9,2,1,2013-10-23,2013-10-23,1,False
train,Q_a482e68f9d5e279c1f5d,2,1,2016-04-27,2016-04-27,1,False
train,Q_a48620e8962fd00630af,2,1,2012-11-14,2012-11-14,1,False
train,Q_a495f24c826f654182d6,2,1,2016-03-09,2016-03-09,1,False
train,Q_a4b09703f299276f65f8,2,1,2013-01-16,2013-01-16,1,False
train,Q_a4c79426d27d7b648e01,2,1,2016-03-23,2016-03-23,1,False
train,Q_a4d4a2733ddd7bfb1001,2,1,2014-12-31,2014-12-31,1,False
train,Q_a4defd938bda135141a3,2,1,2014-06-11,2014-06-11,1,False
train,Q_a4f35c669010ec851092,2,1,2014-01-22,2014-01-22,1,False
train,Q_a510d40f32d3777a6541,2,1,2014-06-11,2014-06-11,1,False
train,Q_a51ebc510a85f9f597af,2,1,2012-09-05,2012-09-05,1,False
train,Q_a53792b7f14fceedc804,2,1,2014-09-10,2014-09-10,1,False
train,Q_a545cd040aaca5e5053e,2,1,2016-04-13,2016-04-13,1,False
train,Q_a547f623543c433b7624,2,1,2012-07-04,2012-07-04,1,False
train,Q_a5486fee0054458db921,2,1,2015-09-02,2015-09-02,1,False
train,Q_a550bddf1ca8306b6bc0,2,1,2015-04-08,2015-04-08,1,False
train,Q_a554e6aa23f39e4578dc,2,1,2014-07-23,2014-07-23,1,False
train,Q_a55c78ac246819817171,2,1,2016-03-02,2016-03-02,1,False
train,Q_a56f20288dda885448d5,4,2,2013-09-18,2013-11-27,2,True
train,Q_a57470f23cd68917dffc,2,1,2014-02-19,2014-02-19,1,False
train,Q_a57c093ea1f37398ce8c,2,1,2013-02-20,2013-02-20,1,False
train,Q_a585a6631963c41068a4,2,1,2016-01-20,2016-01-20,1,False
train,Q_a58710e4126940080462,2,1,2013-05-01,2013-05-01,1,False
train,Q_a59878981c9e28ae15d9,2,1,2013-06-19,2013-06-19,1,False
train,Q_a59cb72fe84a3ddbaaf7,2,1,2014-09-10,2014-09-10,1,False
train,Q_a5a3064b240bef77dd38,2,1,2014-12-03,2014-12-03,1,False
train,Q_a5a9b24a2d9b622bfe3d,2,1,2015-09-16,2015-09-16,1,False
train,Q_a5aec3cfcb964f36992a,2,1,2015-12-23,2015-12-23,1,False
train,Q_a5bebb1bb6431bb8d920,2,1,2014-10-01,2014-10-01,1,False
train,Q_a5c4626f1a82106a184c,2,1,2015-09-30,2015-09-30,1,False
train,Q_a5d18630a2d8e74d7297,2,1,2016-05-18,2016-05-18,1,False
train,Q_a5eb2ddd53ac3b76c9f3,2,1,2014-11-19,2014-11-19,1,False
train,Q_a5f31e6f1a450979fcb7,2,1,2016-03-23,2016-03-23,1,False
train,Q_a5f3f534d16ab99e230d,2,1,2014-08-06,2014-08-06,1,False
train,Q_a605ae25f915fca4d8e9,2,1,2014-12-10,2014-12-10,1,False
train,Q_a626537026961fc8558d,2,1,2013-05-29,2013-05-29,1,False
train,Q_a63585a6e3f1e6cd4b25,2,1,2012-09-05,2012-09-05,1,False
train,Q_a63737891c7be29dab3c,2,1,2014-05-21,2014-05-21,1,False
train,Q_a637c63a0c1594bd5789,2,1,2014-04-09,2014-04-09,1,False
train,Q_a638013713c272d2f07d,2,1,2014-10-01,2014-10-01,1,False
train,Q_a64223b52f247f266afc,2,1,2014-09-17,2014-09-17,1,False
train,Q_a64589dfdb126e50ef88,2,1,2013-11-20,2013-11-20,1,False
train,Q_a6524224e5be63e13111,2,1,2012-07-25,2012-07-25,1,False
train,Q_a660ac7ab206ba90a110,2,1,2016-02-10,2016-02-10,1,False
train,Q_a66bf582fdf1518adf50,2,1,2014-08-13,2014-08-13,1,False
train,Q_a6839785a02d739db586,2,1,2014-07-30,2014-07-30,1,False
train,Q_a68414c1c67339b871ef,2,1,2016-08-03,2016-08-03,1,False
train,Q_a6850f4b2efdfe31d6a9,2,1,2013-03-06,2013-03-06,1,False
train,Q_a687aff7261de3c85d6a,2,1,2014-10-01,2014-10-01,1,False
train,Q_a68e2d4a254ed0902b03,2,1,2012-09-19,2012-09-19,1,False
train,Q_a68fb274968b2f8a5055,2,1,2016-09-21,2016-09-21,1,False
train,Q_a69225ee9fc446ff9a56,2,1,2013-12-25,2013-12-25,1,False
train,Q_a699c3ed79cb1071adb9,2,1,2016-01-13,2016-01-13,1,False
train,Q_a6a45c7905f294d0e2ab,2,1,2015-04-08,2015-04-08,1,False
train,Q_a6a559c74dacb1a0aba1,3,2,2013-03-27,2014-01-15,2,True
train,Q_a6af3ed39a1ebf8c2a01,2,1,2016-03-02,2016-03-02,1,False
train,Q_a6b14796be619d976511,2,1,2014-07-23,2014-07-23,1,False
train,Q_a6c6f22cbc051a788d33,2,1,2014-10-01,2014-10-01,1,False
train,Q_a6d4ff31c53b9b67b246,2,1,2015-04-15,2015-04-15,1,False
train,Q_a6d896ed94e89b25490e,2,1,2014-04-30,2014-04-30,1,False
train,Q_a6dc25d70f970b6fdce1,2,1,2016-09-07,2016-09-07,1,False
train,Q_a6e27e4201b468577ac8,2,1,2015-09-16,2015-09-16,1,False
train,Q_a6e420835523327bc68a,2,1,2012-12-05,2012-12-05,1,False
train,Q_a6e4f9408257e87d4f96,2,1,2015-10-07,2015-10-07,1,False
train,Q_a6e8c0dff213c073d7e4,2,1,2014-05-07,2014-05-07,1,False
train,Q_a6eb56ecfd4474752079,2,1,2016-04-06,2016-04-06,1,False
train,Q_a6eb76187c2fd5681583,2,1,2014-12-31,2014-12-31,1,False
train,Q_a6f417e064554df46a97,2,1,2016-01-27,2016-01-27,1,False
train,Q_a6f4d80dd0092a996ae8,2,1,2014-06-25,2014-06-25,1,False
train,Q_a6fb4617e481f2aa9ce1,2,1,2013-12-04,2013-12-04,1,False
train,Q_a701fda902ab73244aa1,2,1,2016-01-13,2016-01-13,1,False
train,Q_a709b0117c249243c181,2,1,2014-07-09,2014-07-09,1,False
train,Q_a71624adda3e983deb33,2,1,2014-09-10,2014-09-10,1,False
train,Q_a717dd47012e3061338b,2,1,2014-10-08,2014-10-08,1,False
train,Q_a7185af3c2d0c8cffa85,2,1,2012-08-15,2012-08-15,1,False
train,Q_a71ec1b482d3f2dc2428,2,1,2015-04-08,2015-04-08,1,False
train,Q_a7275727f0943a72fa38,2,1,2014-03-12,2014-03-12,1,False
train,Q_a72d6e31f216da3677c4,2,1,2012-08-22,2012-08-22,1,False
train,Q_a72d93b9808f9acfd849,2,1,2015-07-29,2015-07-29,1,False
train,Q_a732298be7583ab76efb,2,1,2015-02-25,2015-02-25,1,False
train,Q_a73952ad4620cca7e88c,2,1,2015-08-05,2015-08-05,1,False
train,Q_a73b3282030a87a87853,2,1,2015-09-16,2015-09-16,1,False
train,Q_a743458d2b814172247a,2,1,2014-03-05,2014-03-05,1,False
train,Q_a7436a385b13d779178a,2,1,2016-06-01,2016-06-01,1,False
train,Q_a7557cc81f12eaa9fe3e,2,1,2013-02-13,2013-02-13,1,False
train,Q_a7584d35a5eab1113bc6,2,1,2013-03-20,2013-03-20,1,False
train,Q_a75b053baca4db21886c,2,1,2012-09-12,2012-09-12,1,False
train,Q_a765613bf3a5b4e4135a,2,1,2015-10-14,2015-10-14,1,False
train,Q_a766fd07cca019664620,2,1,2015-09-09,2015-09-09,1,False
train,Q_a779aee8ae551540832f,2,1,2016-05-25,2016-05-25,1,False
train,Q_a77ae7f584ef958a7cfd,2,1,2014-10-29,2014-10-29,1,False
train,Q_a77fc0a7d192209d8cf3,2,1,2015-01-14,2015-01-14,1,False
train,Q_a789c5daf51954fae0b5,2,1,2013-03-13,2013-03-13,1,False
train,Q_a79f39648f46fcff1063,2,1,2015-09-09,2015-09-09,1,False
train,Q_a7afb5ee0c2aa124f5c6,2,1,2013-11-06,2013-11-06,1,False
train,Q_a7b0b3c4dd6fbc52c7e4,2,1,2013-12-04,2013-12-04,1,False
train,Q_a7bb000072ee0c7fcef7,2,1,2013-10-09,2013-10-09,1,False
train,Q_a7c8bee11a4849aa3368,2,1,2013-01-16,2013-01-16,1,False
train,Q_a7c9c056f345b723fa23,2,1,2016-06-22,2016-06-22,1,False
train,Q_a7cbda904a959cec9585,2,1,2014-10-22,2014-10-22,1,False
train,Q_a7cda9cf1bc743fd8c6a,2,1,2016-07-27,2016-07-27,1,False
train,Q_a7d6a32b89ad230ba1f6,2,1,2013-12-04,2013-12-04,1,False
train,Q_a7f0cc4d7fc2525abb6a,2,1,2015-12-16,2015-12-16,1,False
train,Q_a7f1e43103a1b9629a12,2,1,2012-10-03,2012-10-03,1,False
train,Q_a7ffbf152180750182f7,2,1,2016-09-07,2016-09-07,1,False
train,Q_a80686da3b7301695143,2,1,2014-03-19,2014-03-19,1,False
train,Q_a82b2cb943174324668d,2,1,2014-04-09,2014-04-09,1,False
train,Q_a836cfe204dbc071c12a,3,1,2014-10-15,2014-10-15,2,False
train,Q_a83ad62aad26137a278f,2,1,2014-10-01,2014-10-01,1,False
train,Q_a83fc7d66b7383dca270,2,1,2016-01-27,2016-01-27,1,False
train,Q_a8403025ba0c2a019d67,2,1,2016-03-30,2016-03-30,1,False
train,Q_a85000e2a5e9e970a236,2,1,2016-07-20,2016-07-20,1,False
train,Q_a86e4313b262ba45d81a,2,1,2013-04-03,2013-04-03,1,False
train,Q_a87a5db35b900450e24d,2,1,2013-06-12,2013-06-12,1,False
train,Q_a87b23288ca56c45d4cb,2,1,2014-10-29,2014-10-29,1,False
train,Q_a881ccc54d00c495fe46,2,1,2015-04-29,2015-04-29,1,False
train,Q_a888fb5f3079ff7d9a2b,2,1,2013-10-23,2013-10-23,1,False
train,Q_a8905dc2c825117361c1,2,1,2016-06-01,2016-06-01,1,False
train,Q_a891ac69026ec0683400,2,1,2014-11-12,2014-11-12,1,False
train,Q_a8a01c79214cadbf0260,2,1,2013-05-08,2013-05-08,1,False
train,Q_a8a07f9ca880b7a1d596,2,1,2013-06-12,2013-06-12,1,False
train,Q_a8a3f041b54360dbb22d,2,1,2012-09-19,2012-09-19,1,False
train,Q_a8be6d9fd35076b63e5d,2,1,2015-12-02,2015-12-02,1,False
train,Q_a8bee3e96c80b730450a,2,1,2015-07-29,2015-07-29,1,False
train,Q_a8d54fd8f40591f2042f,2,1,2014-12-10,2014-12-10,1,False
train,Q_a8f57f16c1049c2d0c41,2,1,2015-12-16,2015-12-16,1,False
train,Q_a8f7e1547a9ec88803b8,2,1,2014-12-31,2014-12-31,1,False
train,Q_a9046886e2b022973e9d,2,1,2015-01-21,2015-01-21,1,False
train,Q_a914750d60755e873754,2,1,2016-03-23,2016-03-23,1,False
train,Q_a91776d7d1ed0641edd1,2,1,2016-06-29,2016-06-29,1,False
train,Q_a926ed8a34dd15ea7855,2,1,2016-04-27,2016-04-27,1,False
train,Q_a955c08ba506d41de09e,2,1,2014-10-22,2014-10-22,1,False
train,Q_a95862dd95c32784328d,2,1,2012-08-29,2012-08-29,1,False
train,Q_a95d0e67a030a63481d9,2,1,2016-05-18,2016-05-18,1,False
train,Q_a96693e70feea09d2487,2,1,2015-09-02,2015-09-02,1,False
train,Q_a968158d4a86230035bb,2,1,2016-03-16,2016-03-16,1,False
train,Q_a975aae39cc684a80ce8,2,1,2015-03-18,2015-03-18,1,False
train,Q_a9858b42bd7d9aa9b4f2,2,1,2016-01-27,2016-01-27,1,False
train,Q_a98f012537cedde1de36,2,1,2013-03-06,2013-03-06,1,False
train,Q_a99417a9cb5bfb90ad94,2,1,2013-05-01,2013-05-01,1,False
train,Q_a99762c413079a14b4d4,2,1,2016-07-20,2016-07-20,1,False
train,Q_a99a6e3f89377fd30d68,2,1,2013-10-02,2013-10-02,1,False
train,Q_a99b4c5adbd79da41723,2,1,2013-04-24,2013-04-24,1,False
train,Q_a9a24e2b1040a200bd54,2,1,2016-09-14,2016-09-14,1,False
train,Q_a9a4075ccde800b93204,2,1,2014-10-01,2014-10-01,1,False
train,Q_a9c133b7a0ab596fa8b0,2,1,2016-05-04,2016-05-04,1,False
train,Q_a9c511ef3a066049ce1d,2,1,2012-09-19,2012-09-19,1,False
train,Q_a9d1b5e293edcf72d932,2,1,2012-12-05,2012-12-05,1,False
train,Q_a9d557c1f03c49e046c5,2,1,2016-02-17,2016-02-17,1,False
train,Q_a9d812c3e386acb6282c,2,1,2013-12-04,2013-12-04,1,False
train,Q_a9d8cd0306c7eb855d70,2,1,2016-01-13,2016-01-13,1,False
train,Q_a9e2c68fd2fa9568c6b1,2,1,2014-12-17,2014-12-17,1,False
train,Q_a9ea5cb3aab770b4ca88,2,1,2013-02-20,2013-02-20,1,False
train,Q_a9f42855908f9abbb16f,2,1,2015-11-25,2015-11-25,1,False
train,Q_a9f9541c5230cb77f8c6,2,1,2016-01-20,2016-01-20,1,False
train,Q_a9ffc6c0d5f926ab471c,2,1,2014-04-09,2014-04-09,1,False
train,Q_aa03c68f8655d69b96ae,2,1,2015-12-16,2015-12-16,1,False
train,Q_aa06b4b359364c7b5d35,2,1,2015-10-14,2015-10-14,1,False
train,Q_aa2d6ff60db071277302,2,1,2013-03-20,2013-03-20,1,False
train,Q_aa33f00ad2f5b644be9c,2,1,2016-07-06,2016-07-06,1,False
train,Q_aa3677840ed89f529dde,2,1,2012-08-01,2012-08-01,1,False
train,Q_aa5227534c14d591ae76,2,1,2015-12-30,2015-12-30,1,False
train,Q_aa5ae37859e47ff1b7b1,2,1,2016-04-06,2016-04-06,1,False
train,Q_aa5b513bd35194bafff0,2,1,2015-11-11,2015-11-11,1,False
train,Q_aa63feb2d5bce84d2f75,2,1,2014-02-05,2014-02-05,1,False
train,Q_aa6d000694d7a3644f2b,2,1,2016-07-13,2016-07-13,1,False
train,Q_aa711751456eb79ec9cd,2,1,2012-09-19,2012-09-19,1,False
train,Q_aa78bc56510f82a1c7be,2,1,2015-09-23,2015-09-23,1,False
train,Q_aa803aa521489bc371ec,2,1,2014-03-19,2014-03-19,1,False
train,Q_aa820bd6d2aa7093c803,2,1,2015-03-25,2015-03-25,1,False
train,Q_aa823df91f9c95523c41,2,1,2013-03-20,2013-03-20,1,False
train,Q_aa850ddd2e29628d1c8b,2,1,2015-04-15,2015-04-15,1,False
train,Q_aa858d65ee904c0d829f,2,1,2013-02-13,2013-02-13,1,False
train,Q_aa89fc301167fe728168,2,1,2016-03-23,2016-03-23,1,False
train,Q_aa8b94bb620bf8e675b4,2,1,2015-06-17,2015-06-17,1,False
train,Q_aa8bb13de550fdf13d49,2,1,2013-12-11,2013-12-11,1,False
train,Q_aa91a47391f410a38ef1,2,1,2015-07-29,2015-07-29,1,False
train,Q_aaa84e551a8d359a30c0,2,1,2016-03-23,2016-03-23,1,False
train,Q_aac1946d48cd68b2c9f9,2,1,2014-08-27,2014-08-27,1,False
train,Q_aac3c7a0162b64d48db2,2,1,2014-08-06,2014-08-06,1,False
train,Q_aac7304247948aaed121,2,1,2012-07-25,2012-07-25,1,False
train,Q_aada7dce67ceaa45ea6b,2,1,2014-08-20,2014-08-20,1,False
train,Q_aadc2a2c4b6ed5518349,2,1,2013-05-01,2013-05-01,1,False
train,Q_aadf7a3b93f7c7005a97,2,1,2014-07-09,2014-07-09,1,False
train,Q_aae1737c06d6bab5dd3b,4,2,2013-09-18,2013-11-27,2,True
train,Q_aae23bd641d3107c5293,2,1,2015-09-30,2015-09-30,1,False
train,Q_aae3b0887f3c9183dfd2,2,1,2013-11-13,2013-11-13,1,False
train,Q_aaf88c6596812d86da6e,2,1,2013-05-29,2013-05-29,1,False
train,Q_ab00dca89f9a41d29dbf,2,1,2015-04-29,2015-04-29,1,False
train,Q_ab01833df556e5e0ce68,2,1,2014-12-10,2014-12-10,1,False
train,Q_ab1a25abcb0e146c1fd2,2,1,2013-12-04,2013-12-04,1,False
train,Q_ab2896788bc0cde79164,2,1,2015-11-04,2015-11-04,1,False
train,Q_ab2c926cc18c3e0badff,2,1,2016-03-02,2016-03-02,1,False
train,Q_ab2e78729ea4dd4d23e3,2,1,2016-04-06,2016-04-06,1,False
train,Q_ab38bf8303a15bdddeba,2,1,2016-02-03,2016-02-03,1,False
train,Q_ab3d4a3bab1d26bd8cc1,2,1,2013-11-20,2013-11-20,1,False
train,Q_ab4cc92f1cb464c6eed6,2,1,2012-07-11,2012-07-11,1,False
train,Q_ab576ee3f872db93c846,2,1,2014-03-19,2014-03-19,1,False
train,Q_ab5a60343e49cf5320c3,2,1,2012-11-28,2012-11-28,1,False
train,Q_ab5d45827bd5db211d35,2,1,2014-11-12,2014-11-12,1,False
train,Q_ab6499b0559aff49a1b9,2,1,2013-08-07,2013-08-07,1,False
train,Q_ab72458a583d15a3228e,2,1,2016-02-03,2016-02-03,1,False
train,Q_ab7b246e3ec9a34eb26c,2,1,2015-12-30,2015-12-30,1,False
train,Q_ab7f0ec90df28f29de07,2,1,2013-10-02,2013-10-02,1,False
train,Q_ab855f02cf4c461c3f01,2,1,2012-09-26,2012-09-26,1,False
train,Q_ab86fbed47d47b3b060f,2,1,2013-03-20,2013-03-20,1,False
train,Q_ab8d5591206adacb2916,2,1,2013-02-06,2013-02-06,1,False
train,Q_ab98270da8dc9696ae39,2,1,2015-12-02,2015-12-02,1,False
train,Q_ab99c7ea06f9c4c54165,2,1,2015-12-02,2015-12-02,1,False
train,Q_aba4558307d062fea7b2,2,1,2013-01-23,2013-01-23,1,False
train,Q_aba62bdc0b8460c7179d,2,1,2012-11-14,2012-11-14,1,False
train,Q_abaa505f0f7122999110,2,1,2013-12-04,2013-12-04,1,False
train,Q_abae14c8df2a2065f341,2,1,2014-06-25,2014-06-25,1,False
train,Q_abb9246ca80f922cf87f,2,1,2013-08-28,2013-08-28,1,False
train,Q_abbd12b76c04c0d50ba2,2,1,2012-12-05,2012-12-05,1,False
train,Q_abd0cc0cd7e892793813,2,1,2014-03-12,2014-03-12,1,False
train,Q_abd3e7573a408bbdbc02,2,1,2014-06-25,2014-06-25,1,False
train,Q_abd9bfcda3218014dc57,2,1,2013-12-18,2013-12-18,1,False
train,Q_abdde5dccc85f1c9f464,2,1,2013-05-01,2013-05-01,1,False
train,Q_abf034fa479050245aea,2,1,2016-01-20,2016-01-20,1,False
train,Q_abfd39f1eaff0397a4e8,2,1,2015-09-30,2015-09-30,1,False
train,Q_ac0341da0159996a5598,2,1,2016-09-14,2016-09-14,1,False
train,Q_ac037a20f94abfd55c27,2,1,2014-11-05,2014-11-05,1,False
train,Q_ac0c8f720d956f8f9f73,2,1,2015-08-12,2015-08-12,1,False
train,Q_ac0f4b552ed2edd4ced3,2,1,2012-11-14,2012-11-14,1,False
train,Q_ac262121d705d9304bcb,2,1,2015-11-18,2015-11-18,1,False
train,Q_ac27316106b46c83513a,2,1,2014-06-18,2014-06-18,1,False
train,Q_ac2a7b5ab3abf1cf0824,2,1,2014-10-01,2014-10-01,1,False
train,Q_ac310ee40c3c35d91301,2,1,2013-03-20,2013-03-20,1,False
train,Q_ac346ddca1a1cf0f88aa,2,1,2016-02-03,2016-02-03,1,False
train,Q_ac3a155e4bcc736974e0,2,1,2013-11-20,2013-11-20,1,False
train,Q_ac3c308698fe4ff10ef7,2,1,2015-12-16,2015-12-16,1,False
train,Q_ac4356cfbc757133ae67,2,1,2015-10-07,2015-10-07,1,False
train,Q_ac564b84bf1a5954fd16,2,1,2013-06-19,2013-06-19,1,False
train,Q_ac5661947c5dfc3cf074,2,1,2012-09-26,2012-09-26,1,False
train,Q_ac5f7df23d35acd0d837,2,1,2014-11-19,2014-11-19,1,False
train,Q_ac62a33a994d8bdf21a7,2,1,2013-11-20,2013-11-20,1,False
train,Q_ac650c588e475e888c2d,2,1,2013-06-19,2013-06-19,1,False
train,Q_ac6bd556f70460342263,2,1,2015-11-25,2015-11-25,1,False
train,Q_ac6eb235e354fcf37859,2,1,2016-06-08,2016-06-08,1,False
train,Q_ac6ed0aead2a67e3f467,2,1,2015-04-15,2015-04-15,1,False
train,Q_ac74d92e25462250ad0b,2,1,2013-11-13,2013-11-13,1,False
train,Q_ac83243a0a52f661554e,2,1,2015-09-23,2015-09-23,1,False
train,Q_ac8ccbabb52089b69ea9,2,1,2016-04-06,2016-04-06,1,False
train,Q_ac956efdcb390851a22f,2,1,2016-01-20,2016-01-20,1,False
train,Q_acaab86a31a93f31056b,2,1,2012-10-31,2012-10-31,1,False
train,Q_acdbe69a804f726b249c,2,1,2013-05-01,2013-05-01,1,False
train,Q_ace2229dccf677f6db14,2,1,2014-11-19,2014-11-19,1,False
train,Q_ace54393d10afb104110,2,1,2014-10-29,2014-10-29,1,False
train,Q_ace5f1b2e635b5ea9c26,2,1,2013-10-02,2013-10-02,1,False
train,Q_ace7f8ed1a2446e1fa0e,2,1,2015-03-04,2015-03-04,1,False
train,Q_aceec03b4231bb895042,2,1,2014-12-24,2014-12-24,1,False
train,Q_aceeffbdfbdc936feebf,2,1,2012-09-05,2012-09-05,1,False
train,Q_acf658cc1548c1faf454,2,1,2013-08-07,2013-08-07,1,False
train,Q_acfc13d5578e5cf3aede,2,1,2014-07-16,2014-07-16,1,False
train,Q_acfcbe78a94bec38c4a4,2,1,2015-04-29,2015-04-29,1,False
train,Q_acfda262fc68e9947446,2,1,2016-08-03,2016-08-03,1,False
train,Q_ad03c9d4fd8df624c8c4,2,1,2016-04-06,2016-04-06,1,False
train,Q_ad05b498d2922f5a99bf,2,1,2014-11-19,2014-11-19,1,False
train,Q_ad0e38255aab467c88a1,2,1,2015-11-25,2015-11-25,1,False
train,Q_ad1361d0586899c0d3aa,2,1,2016-04-20,2016-04-20,1,False
train,Q_ad1e27e9c0f14fffc9a0,2,1,2013-06-12,2013-06-12,1,False
train,Q_ad303216b4aaa1e1333a,2,1,2013-05-29,2013-05-29,1,False
train,Q_ad30587d5badef0cc334,2,1,2014-05-21,2014-05-21,1,False
train,Q_ad3249dfdc09acad15c8,2,1,2014-04-16,2014-04-16,1,False
train,Q_ad35b4ce7e38ea8078d4,2,1,2014-08-06,2014-08-06,1,False
train,Q_ad361ee560b48430bf07,2,1,2013-10-02,2013-10-02,1,False
train,Q_ad3c2f8660864f9261c7,2,1,2013-12-11,2013-12-11,1,False
train,Q_ad41ee8a94541127fc26,2,1,2013-01-16,2013-01-16,1,False
train,Q_ad481111a4a3551bbbc7,2,1,2012-11-28,2012-11-28,1,False
train,Q_ad562c1b6f8b17eb7031,2,1,2016-03-23,2016-03-23,1,False
train,Q_ad706bee8c0ccbffdf54,2,1,2016-06-15,2016-06-15,1,False
train,Q_ad79018717283b13bd5a,2,1,2015-07-15,2015-07-15,1,False
train,Q_ad8702f5bbeeebb91f0b,2,1,2016-08-10,2016-08-10,1,False
train,Q_ad89ec212e04aded58e8,2,1,2016-07-06,2016-07-06,1,False
train,Q_ad8e4be31389fbf766c0,2,1,2015-01-07,2015-01-07,1,False
train,Q_ad9d355c3d57a6bc899e,2,1,2014-10-15,2014-10-15,1,False
train,Q_ada552da87a2fccc38ed,2,1,2014-04-09,2014-04-09,1,False
train,Q_ada83cdef3e5f3e67044,2,1,2015-02-04,2015-02-04,1,False
train,Q_ada9061e2bf86dd70035,2,1,2014-06-11,2014-06-11,1,False
train,Q_add57fb6097f1094bf9a,2,1,2012-10-31,2012-10-31,1,False
train,Q_adebdd543738400e4964,2,1,2013-10-16,2013-10-16,1,False
train,Q_adf170599b41d162b9db,2,1,2015-07-22,2015-07-22,1,False
train,Q_adfd3acd0901ba940e72,2,1,2015-07-08,2015-07-08,1,False
train,Q_ae043b90c284a09a43fd,2,1,2014-02-19,2014-02-19,1,False
train,Q_ae095025ce0591e6f08a,2,1,2015-12-16,2015-12-16,1,False
train,Q_ae191f98c588a19f15b8,2,1,2013-06-26,2013-06-26,1,False
train,Q_ae1ce73b95999cc019b3,2,1,2013-04-24,2013-04-24,1,False
train,Q_ae27d4b186be9856eb83,2,1,2016-06-22,2016-06-22,1,False
train,Q_ae2f2af3406e318b332f,2,1,2016-05-04,2016-05-04,1,False
train,Q_ae3942b2468b99fef890,2,1,2014-10-08,2014-10-08,1,False
train,Q_ae39f989734d6397ed7e,2,1,2015-05-20,2015-05-20,1,False
train,Q_ae3ddc3328d65a037688,2,1,2012-10-24,2012-10-24,1,False
train,Q_ae75ee49d589b1a6a244,2,1,2014-05-14,2014-05-14,1,False
train,Q_ae7b8edbbff44cbddddb,2,1,2014-10-29,2014-10-29,1,False
train,Q_ae80a3ee297664c48216,2,1,2014-03-12,2014-03-12,1,False
train,Q_ae86262db0ba34652a39,2,1,2016-09-07,2016-09-07,1,False
train,Q_ae89df071ed26563950d,2,1,2014-10-22,2014-10-22,1,False
train,Q_ae8c83307ee13b52d01d,2,1,2015-05-20,2015-05-20,1,False
train,Q_ae935dd7f2e6ff5f8dc1,2,1,2014-04-30,2014-04-30,1,False
train,Q_ae993e397d6803d1bb19,2,1,2013-08-28,2013-08-28,1,False
train,Q_aeaa418a43426ffefe78,2,1,2013-02-13,2013-02-13,1,False
train,Q_aeabd10a87753386cc47,2,1,2013-11-13,2013-11-13,1,False
train,Q_aeacf28c27f2304b5353,4,1,2014-10-15,2014-10-15,2,False
train,Q_aeb8ee0ca128779226ce,2,1,2016-03-23,2016-03-23,1,False
train,Q_aec6d839a9f728e18c3f,2,1,2013-01-30,2013-01-30,1,False
train,Q_aed305a733ec49d8423d,2,1,2015-04-08,2015-04-08,1,False
train,Q_aed9245870e4717a1569,2,1,2015-04-08,2015-04-08,1,False
train,Q_aee7f59f6e8c8a40d9ac,2,1,2016-07-27,2016-07-27,1,False
train,Q_aef8c0f7076bccacdc84,2,1,2012-09-05,2012-09-05,1,False
train,Q_af0152f2693bdcd3bad5,2,1,2015-09-23,2015-09-23,1,False
train,Q_af03bc0b2885ee6f92f1,2,1,2012-12-19,2012-12-19,1,False
train,Q_af04123cc6700e0214ed,2,1,2014-03-12,2014-03-12,1,False
train,Q_af077618f6ceb55f1046,2,1,2013-03-20,2013-03-20,1,False
train,Q_af136cf6cf9dc5ebf019,2,1,2016-09-14,2016-09-14,1,False
train,Q_af15834ffbc2b70ea3a3,2,1,2012-10-03,2012-10-03,1,False
train,Q_af2789b074bb0114f980,2,1,2015-06-24,2015-06-24,1,False
train,Q_af29d04dc1f4b5279c04,2,1,2014-11-19,2014-11-19,1,False
train,Q_af36674b417200b3fa7b,2,1,2016-01-27,2016-01-27,1,False
train,Q_af36e1c85773a348de81,2,1,2015-05-20,2015-05-20,1,False
train,Q_af4096eb4bdfda9a37e6,2,1,2014-12-10,2014-12-10,1,False
train,Q_af4a3fa44ab768047622,2,1,2015-06-24,2015-06-24,1,False
train,Q_af4b7eac71268f816ba9,2,1,2015-05-13,2015-05-13,1,False
train,Q_af4e3a3d41609c7ab845,2,1,2015-10-07,2015-10-07,1,False
train,Q_af53392f3dca39474ded,2,1,2016-04-20,2016-04-20,1,False
train,Q_af53a78805af3c340ef3,2,1,2016-06-29,2016-06-29,1,False
train,Q_af6cbda2a86f8d4acc09,2,1,2015-06-24,2015-06-24,1,False
train,Q_af74006b3df3159ca1fc,2,1,2014-12-24,2014-12-24,1,False
train,Q_af760e8608b3797c8a62,2,1,2014-04-23,2014-04-23,1,False
train,Q_af7a93e02e117304bf76,2,1,2013-06-05,2013-06-05,1,False
train,Q_af800f358c9816f60a06,2,1,2014-04-09,2014-04-09,1,False
train,Q_af8383d65655e23ea0f6,2,1,2014-11-19,2014-11-19,1,False
train,Q_af91de833f79b7c2980d,2,1,2013-12-04,2013-12-04,1,False
train,Q_af9be3c60896aa49805a,2,1,2016-07-20,2016-07-20,1,False
train,Q_af9df0bec55c9be4977f,2,1,2015-02-25,2015-02-25,1,False
train,Q_af9e5a7c38a8df227517,2,1,2015-11-18,2015-11-18,1,False
train,Q_af9ec77bcde7aa4e12a0,2,1,2013-03-06,2013-03-06,1,False
train,Q_afaad5aadb7615690862,2,1,2012-09-19,2012-09-19,1,False
train,Q_afb1067ee3a2270ffafe,2,1,2014-01-01,2014-01-01,1,False
train,Q_afb992af5ccd87ed2b5f,2,1,2014-06-18,2014-06-18,1,False
train,Q_afba3e6c2eab601f96cf,2,1,2014-04-23,2014-04-23,1,False
train,Q_afc47dfbbf298c9f0c7e,2,1,2015-05-20,2015-05-20,1,False
train,Q_afcf69634749afe29641,2,1,2016-06-29,2016-06-29,1,False
train,Q_aff2c8906ac776d1af11,2,1,2016-06-08,2016-06-08,1,False
train,Q_aff5353a957f27ae6405,2,1,2014-10-15,2014-10-15,1,False
train,Q_affeacc03ed0b5113c6a,2,1,2016-01-20,2016-01-20,1,False
train,Q_b00a6a8ad6089a445f8f,2,1,2014-04-09,2014-04-09,1,False
train,Q_b00cf683d6c87655f9d5,2,1,2015-05-20,2015-05-20,1,False
train,Q_b0114672dc6ad584affd,2,1,2013-05-01,2013-05-01,1,False
train,Q_b0188588672c9e68071c,2,1,2013-01-16,2013-01-16,1,False
train,Q_b01d6058c58ab0a07c64,2,1,2014-07-30,2014-07-30,1,False
train,Q_b03452aac822abb78e64,2,1,2013-03-27,2013-03-27,1,False
train,Q_b036185cf94f0efe399d,2,1,2012-09-05,2012-09-05,1,False
train,Q_b04208099e8d015d1193,2,1,2014-01-15,2014-01-15,1,False
train,Q_b043fca567a129de768e,2,1,2012-07-25,2012-07-25,1,False
train,Q_b04d24033fad95106b62,2,1,2014-02-12,2014-02-12,1,False
train,Q_b04dac3a3caeac29c3cc,2,1,2014-02-05,2014-02-05,1,False
train,Q_b0521312732a23f1cc75,2,1,2014-06-04,2014-06-04,1,False
train,Q_b0613e7c8b492da994e5,2,1,2015-12-23,2015-12-23,1,False
train,Q_b0653e2c5bfd4101e8d4,2,1,2015-06-24,2015-06-24,1,False
train,Q_b0745054a6741c272df8,2,1,2015-12-02,2015-12-02,1,False
train,Q_b077fa5a6f67233df806,2,1,2014-02-05,2014-02-05,1,False
train,Q_b07db592ca632291b66c,2,1,2016-05-11,2016-05-11,1,False
train,Q_b07e74f1d94842f78af7,2,1,2015-11-18,2015-11-18,1,False
train,Q_b07f9b044099edd70ca2,2,1,2016-06-29,2016-06-29,1,False
train,Q_b0814fbe378ae95760ef,2,1,2015-09-09,2015-09-09,1,False
train,Q_b09030ede10dd7d58dfb,2,1,2013-04-10,2013-04-10,1,False
train,Q_b0921f510081556c86d0,2,1,2013-07-10,2013-07-10,1,False
train,Q_b0a79f293c42f82da91f,2,1,2014-05-28,2014-05-28,1,False
train,Q_b0bd46ade17ea1fd9ba5,2,1,2012-12-19,2012-12-19,1,False
train,Q_b0c1a863c3904ad20165,2,1,2012-08-01,2012-08-01,1,False
train,Q_b0c8f2f2e2b97a95253d,2,1,2015-10-14,2015-10-14,1,False
train,Q_b0ce59d69f31ffeb10c6,2,1,2015-08-12,2015-08-12,1,False
train,Q_b0d4d3c1408dfa63776b,2,1,2016-07-27,2016-07-27,1,False
train,Q_b0da9ef49c0032c33e85,2,1,2015-09-02,2015-09-02,1,False
train,Q_b0df7fb030d506e0dc9d,2,1,2016-06-29,2016-06-29,1,False
train,Q_b0e10bb89241ab436ba2,2,1,2013-07-17,2013-07-17,1,False
train,Q_b0e4afc6d3017cc29fa0,2,1,2014-02-05,2014-02-05,1,False
train,Q_b0f7b8c94741c0623eb9,2,1,2013-06-26,2013-06-26,1,False
train,Q_b12c376b374640b2738a,2,1,2014-06-04,2014-06-04,1,False
train,Q_b12d1f35d4cd0985382c,2,1,2014-10-15,2014-10-15,1,False
train,Q_b133d624f366496eeb8d,2,1,2014-05-28,2014-05-28,1,False
train,Q_b1375924606a626d9453,2,1,2015-10-28,2015-10-28,1,False
train,Q_b13d7883a6cfa75bba48,2,1,2015-08-05,2015-08-05,1,False
train,Q_b14037b580d548ac0ed9,2,1,2013-06-12,2013-06-12,1,False
train,Q_b14af9c7649981f6d78f,2,1,2015-12-23,2015-12-23,1,False
train,Q_b14d2696c747d4d2eaed,2,1,2015-10-14,2015-10-14,1,False
train,Q_b15881133fa4535386f5,2,1,2014-10-08,2014-10-08,1,False
train,Q_b168fb87de42547a893a,4,2,2013-03-27,2014-01-15,2,True
train,Q_b17dfeeedd6a26ceba4d,2,1,2015-04-29,2015-04-29,1,False
train,Q_b18211e67c69ef3e04ca,2,1,2015-06-03,2015-06-03,1,False
train,Q_b185cd6edad144f5d0ec,2,1,2016-08-17,2016-08-17,1,False
train,Q_b187aa257448d4aad516,2,1,2013-10-30,2013-10-30,1,False
train,Q_b18eda33609d378955bc,2,1,2013-06-19,2013-06-19,1,False
train,Q_b192e08d3d64e21cc3e8,2,1,2013-07-10,2013-07-10,1,False
train,Q_b19adab83b16c58f6c93,2,1,2015-10-07,2015-10-07,1,False
train,Q_b19f3af097f07bf6bdad,2,1,2015-05-06,2015-05-06,1,False
train,Q_b1a81305414a5dfe7ccb,2,1,2013-02-06,2013-02-06,1,False
train,Q_b1a9b24421303d5e73f2,2,1,2012-09-26,2012-09-26,1,False
train,Q_b1ba54c1022d3f1713d9,2,1,2013-08-14,2013-08-14,1,False
train,Q_b1c32cb1aed5d9db6e1e,2,1,2013-01-30,2013-01-30,1,False
train,Q_b1cc43dc20c8990cfd92,2,1,2016-04-06,2016-04-06,1,False
train,Q_b1ce9990f266b51e4035,2,1,2014-01-15,2014-01-15,1,False
train,Q_b1d5b67a7cf61114f2c0,2,1,2012-11-28,2012-11-28,1,False
train,Q_b1e5fb861d691c5dc466,2,1,2016-08-10,2016-08-10,1,False
train,Q_b1e68f517f9db414236f,2,1,2016-08-24,2016-08-24,1,False
train,Q_b1e7ce790cbb2893ff27,2,1,2015-10-21,2015-10-21,1,False
train,Q_b1f2d79ca448297f05bc,2,1,2015-09-16,2015-09-16,1,False
train,Q_b1f759fa25f5a33bb47d,2,1,2014-11-05,2014-11-05,1,False
train,Q_b1fac7621ca5bb04de20,2,1,2014-04-30,2014-04-30,1,False
train,Q_b1fb547354192ec21ff8,2,1,2015-03-04,2015-03-04,1,False
train,Q_b208525fd1a9070b5223,2,1,2016-05-25,2016-05-25,1,False
train,Q_b20d9e8568ce8969165e,2,1,2014-06-04,2014-06-04,1,False
train,Q_b213b47191b5156f5302,2,1,2013-06-19,2013-06-19,1,False
train,Q_b213b8b756369338824a,2,1,2015-01-14,2015-01-14,1,False
train,Q_b2152be5187e451cf551,2,1,2015-04-15,2015-04-15,1,False
train,Q_b22a0b6737951de3b599,2,1,2016-01-20,2016-01-20,1,False
train,Q_b230ff35c0e596643a3c,2,1,2014-05-07,2014-05-07,1,False
train,Q_b239a470d0b515410138,2,1,2015-03-25,2015-03-25,1,False
train,Q_b23fc5eb1f8ce9225c5f,2,1,2013-12-11,2013-12-11,1,False
train,Q_b258f2c2e5cb8d5ea108,2,1,2015-09-16,2015-09-16,1,False
train,Q_b25ba5923b350952ad3f,2,1,2013-04-24,2013-04-24,1,False
train,Q_b26349f4d576e310bcf3,2,1,2014-08-13,2014-08-13,1,False
train,Q_b26a5636a239a6cd3371,2,1,2015-09-23,2015-09-23,1,False
train,Q_b26ff3e284d8a857fbae,2,1,2014-12-10,2014-12-10,1,False
train,Q_b272fd876fdc424cf944,2,1,2014-06-11,2014-06-11,1,False
train,Q_b2770a9f93f107ed0e73,2,1,2013-10-30,2013-10-30,1,False
train,Q_b277b90e1513032f3fe0,2,1,2012-07-04,2012-07-04,1,False
train,Q_b288c796993064bcb500,2,1,2015-09-30,2015-09-30,1,False
train,Q_b28bc44f927c3f3b251e,2,1,2013-09-11,2013-09-11,1,False
train,Q_b28c0f17b29f6fc2a201,2,1,2016-04-13,2016-04-13,1,False
train,Q_b28fbf670d1e3e3493a8,2,1,2013-03-06,2013-03-06,1,False
train,Q_b29ee7d58d5e1ae6bea7,2,1,2012-08-01,2012-08-01,1,False
train,Q_b2ab338a4c9e328fbe42,2,1,2016-01-20,2016-01-20,1,False
train,Q_b2af46d1f5f65434e7f4,2,1,2013-02-20,2013-02-20,1,False
train,Q_b2b3107e126fa51090a4,2,1,2016-05-25,2016-05-25,1,False
train,Q_b2bb6fa84f39db22bdc4,2,1,2016-01-27,2016-01-27,1,False
train,Q_b2c68d670f4a7f86928e,2,1,2015-02-11,2015-02-11,1,False
train,Q_b2ccccb48ce031d9e06d,2,1,2014-04-09,2014-04-09,1,False
train,Q_b2d149fa786a56e2e8dd,2,1,2015-06-17,2015-06-17,1,False
train,Q_b2e2ded2eccc9a4860b8,2,1,2014-08-06,2014-08-06,1,False
train,Q_b2ea0dedd1ef603c7146,2,1,2014-04-16,2014-04-16,1,False
train,Q_b2ea882c2e8309e2d570,2,1,2014-05-14,2014-05-14,1,False
train,Q_b2f9e9252fd359a18c49,2,1,2015-06-17,2015-06-17,1,False
train,Q_b303a00ba6db70c5aea4,2,1,2012-08-29,2012-08-29,1,False
train,Q_b3104a91a1b91beb32ea,2,1,2013-05-29,2013-05-29,1,False
train,Q_b313a6e3b19611610b00,2,1,2013-06-12,2013-06-12,1,False
train,Q_b31aab10ad23a9ee40c0,2,1,2013-10-02,2013-10-02,1,False
train,Q_b31b88157716ba579bd4,2,1,2013-11-27,2013-11-27,1,False
train,Q_b31ca6ac4740b1e17d3b,3,2,2014-07-09,2014-09-03,2,True
train,Q_b32228c6d32d5622bed1,2,1,2014-06-25,2014-06-25,1,False
train,Q_b325b14136b7cc838673,2,1,2013-06-05,2013-06-05,1,False
train,Q_b326455c3ca833252f8e,2,1,2016-05-04,2016-05-04,1,False
train,Q_b32eb82db0321e794561,2,1,2013-04-10,2013-04-10,1,False
train,Q_b332dec90180c60d11e7,2,1,2014-09-24,2014-09-24,1,False
train,Q_b3385c9a0ba54861d879,2,1,2013-07-10,2013-07-10,1,False
train,Q_b33d1775bfd976241494,2,1,2014-06-04,2014-06-04,1,False
train,Q_b3427c7fe6fd75120b0d,2,1,2012-09-05,2012-09-05,1,False
train,Q_b3449d5ca7480f48b665,2,1,2014-04-16,2014-04-16,1,False
train,Q_b353f201844e9f7b3c05,2,1,2014-03-12,2014-03-12,1,False
train,Q_b35b7749dcf4c0dc823d,2,1,2015-11-25,2015-11-25,1,False
train,Q_b35bb17eefe5e4bb1ca8,2,1,2016-06-22,2016-06-22,1,False
train,Q_b35fd25de20b8c72b9b6,2,1,2015-06-03,2015-06-03,1,False
train,Q_b3605a4bb90bcec41382,2,1,2016-04-27,2016-04-27,1,False
train,Q_b36ad31da65a3d150129,2,1,2014-10-15,2014-10-15,1,False
train,Q_b37523dacffd0037f565,2,1,2014-08-27,2014-08-27,1,False
train,Q_b376e801c53e0deedbd7,2,1,2016-02-24,2016-02-24,1,False
train,Q_b39a6d3af945cca720d0,2,1,2014-02-05,2014-02-05,1,False
train,Q_b3a265b614b062647e75,2,1,2015-11-25,2015-11-25,1,False
train,Q_b3a28a419fd28801dd5e,2,1,2016-08-03,2016-08-03,1,False
train,Q_b3a56d637f303e501094,2,1,2014-06-18,2014-06-18,1,False
train,Q_b3b1ec97f7fa85a100ee,2,1,2013-01-30,2013-01-30,1,False
train,Q_b3b801a92ced7e1e00d5,2,1,2013-10-16,2013-10-16,1,False
train,Q_b3c38d0f0875ae17eac8,2,1,2016-08-17,2016-08-17,1,False
train,Q_b3d7dbda8a3e433778ef,2,1,2015-09-02,2015-09-02,1,False
train,Q_b3db057ee3572f2b2b80,2,1,2014-09-24,2014-09-24,1,False
train,Q_b3e3adf4d314dc87dfdf,2,1,2012-09-05,2012-09-05,1,False
train,Q_b3e67d9c1b94679e7037,2,1,2014-12-24,2014-12-24,1,False
train,Q_b3f34b99e908c6e5c06b,2,1,2014-01-01,2014-01-01,1,False
train,Q_b40036b5a474d9947d5d,2,1,2016-04-06,2016-04-06,1,False
train,Q_b40037c1e3ced70edb25,2,1,2016-06-01,2016-06-01,1,False
train,Q_b4010b04f229c1d03642,2,1,2014-10-01,2014-10-01,1,False
train,Q_b40c19acb3072e843b60,2,1,2013-03-27,2013-03-27,1,False
train,Q_b40e690026a82124706b,2,1,2015-04-29,2015-04-29,1,False
train,Q_b41b27554d827641f226,2,1,2015-05-27,2015-05-27,1,False
train,Q_b41ca95057aea91b161c,2,1,2016-09-14,2016-09-14,1,False
train,Q_b422c1bf0e0bf0f89c04,2,1,2013-07-31,2013-07-31,1,False
train,Q_b42abc290ce789831672,2,1,2016-04-27,2016-04-27,1,False
train,Q_b45103cde85e18139068,2,1,2014-01-01,2014-01-01,1,False
train,Q_b4524ed459f5dca23141,2,1,2015-07-08,2015-07-08,1,False
train,Q_b462433a87e6b9a5d91c,2,1,2013-01-02,2013-01-02,1,False
train,Q_b465a36b828c7aa9ce29,2,1,2013-05-01,2013-05-01,1,False
train,Q_b46ad6be7e7e331bc2b2,2,1,2014-06-25,2014-06-25,1,False
train,Q_b46ec57c7b14918be7c1,2,1,2016-02-17,2016-02-17,1,False
train,Q_b477a1f82bc81dc7bc50,2,1,2012-09-26,2012-09-26,1,False
train,Q_b479fb63f701879595d9,2,1,2016-06-08,2016-06-08,1,False
train,Q_b4861610c02651bbec39,2,1,2013-01-16,2013-01-16,1,False
train,Q_b488693bc7253b160e1c,2,1,2015-09-02,2015-09-02,1,False
train,Q_b49718a0f61a1a713d48,2,1,2012-09-12,2012-09-12,1,False
train,Q_b498bdb1d11b5423231f,2,1,2013-03-20,2013-03-20,1,False
train,Q_b4a390c9458e9366e929,2,1,2014-11-19,2014-11-19,1,False
train,Q_b4acb2b5761f96257007,2,1,2013-10-23,2013-10-23,1,False
train,Q_b4b078c1793f83163dd3,2,1,2014-03-05,2014-03-05,1,False
train,Q_b4c1a81c1ff09d64b11e,2,1,2016-02-24,2016-02-24,1,False
train,Q_b4c34a07408f03f9c88b,2,1,2014-04-16,2014-04-16,1,False
train,Q_b4ca6893ff2df150c238,2,1,2014-10-22,2014-10-22,1,False
train,Q_b4cbb46f1b7418a8d55a,2,1,2015-05-27,2015-05-27,1,False
train,Q_b4d476f66dc1a8dd7ab9,2,1,2014-02-12,2014-02-12,1,False
train,Q_b4dde5f37af4a5a6373d,2,1,2013-06-26,2013-06-26,1,False
train,Q_b4e32fde9dcb8fbff3ba,2,1,2014-04-23,2014-04-23,1,False
train,Q_b4ecad10eff74e124d1c,2,1,2014-12-10,2014-12-10,1,False
train,Q_b4ed0a35c7201f67bec6,2,1,2012-12-19,2012-12-19,1,False
train,Q_b4efe65499cf008b9ba8,2,1,2014-01-29,2014-01-29,1,False
train,Q_b4f178e8ff0ad780b624,2,1,2014-07-02,2014-07-02,1,False
train,Q_b4f780d1ebee94010771,2,1,2016-04-13,2016-04-13,1,False
train,Q_b4f8af52b51708e8e3fd,2,1,2013-05-29,2013-05-29,1,False
train,Q_b50ec7d90a89c87c76e9,2,1,2013-06-12,2013-06-12,1,False
train,Q_b50fe4166fe9b54ff34d,2,1,2013-03-20,2013-03-20,1,False
train,Q_b5103d3f365492cdf6e7,2,1,2016-04-27,2016-04-27,1,False
train,Q_b517816bc0ba68eac5de,2,1,2016-06-22,2016-06-22,1,False
train,Q_b52bc9ec647b02a5139b,2,1,2012-08-01,2012-08-01,1,False
train,Q_b53fbb7cbd6aff53eb81,2,1,2012-07-25,2012-07-25,1,False
train,Q_b545346cfa7072042aba,2,1,2015-11-18,2015-11-18,1,False
train,Q_b54c37ae079c3ef61977,2,1,2015-03-25,2015-03-25,1,False
train,Q_b54d60ecde6eb4a8b13b,2,1,2015-12-02,2015-12-02,1,False
train,Q_b55c32166d2ca09f20a1,2,1,2016-05-25,2016-05-25,1,False
train,Q_b55d27c3eda3f77de04c,2,1,2014-06-25,2014-06-25,1,False
train,Q_b56bac400a97010b0f23,2,1,2016-06-29,2016-06-29,1,False
train,Q_b56cc2966eea8f32f958,2,1,2015-08-05,2015-08-05,1,False
train,Q_b583e94baccc47cd4064,2,1,2012-09-26,2012-09-26,1,False
train,Q_b58a01bda6a2d2ab0fba,2,1,2013-07-31,2013-07-31,1,False
train,Q_b59a6d4f1b0369877857,2,1,2012-08-15,2012-08-15,1,False
train,Q_b5a228b64250c502fb0f,2,1,2014-02-05,2014-02-05,1,False
train,Q_b5aad121b5094cc65eea,2,1,2015-11-25,2015-11-25,1,False
train,Q_b5ad87bf78ba62c8c550,2,1,2013-03-20,2013-03-20,1,False
train,Q_b5b314b7b673a8fa33ae,2,1,2012-09-19,2012-09-19,1,False
train,Q_b5b83b9967b424eea105,2,1,2014-10-29,2014-10-29,1,False
train,Q_b5c6c906ac1917c48b16,2,1,2014-04-23,2014-04-23,1,False
train,Q_b5c70da355e8adceb411,2,1,2013-03-27,2013-03-27,1,False
train,Q_b5d05780a348527680ce,2,1,2012-10-03,2012-10-03,1,False
train,Q_b5d6baeade6a93c1ecfe,2,1,2015-03-04,2015-03-04,1,False
train,Q_b5dd0c624f5ad773e4e3,2,1,2013-07-17,2013-07-17,1,False
train,Q_b5e10b8732df45acf23d,2,1,2014-08-13,2014-08-13,1,False
train,Q_b5e51bfcc79ed7070f28,2,1,2013-06-19,2013-06-19,1,False
train,Q_b5e6f1db8c2545c57de9,2,1,2015-09-30,2015-09-30,1,False
train,Q_b5ed10f6c326949921d3,2,1,2016-06-22,2016-06-22,1,False
train,Q_b5ef5a1c76baaf461ac7,2,1,2013-09-11,2013-09-11,1,False
train,Q_b5f63a7ab27479dcdbbd,2,1,2013-05-08,2013-05-08,1,False
train,Q_b5fd80c522a5e8a3c7c8,2,1,2016-06-01,2016-06-01,1,False
train,Q_b5fe6dadd7f64770b3a8,2,1,2016-08-03,2016-08-03,1,False
train,Q_b6172ef9fca15671f03d,2,1,2016-01-13,2016-01-13,1,False
train,Q_b61e54d0794fcba1ac9a,2,1,2015-04-15,2015-04-15,1,False
train,Q_b61ffcf85bfd7f33f25b,2,1,2012-07-25,2012-07-25,1,False
train,Q_b64f54cc669fd8b28d5d,2,1,2013-03-20,2013-03-20,1,False
train,Q_b65289381b8af3085f58,2,1,2016-01-27,2016-01-27,1,False
train,Q_b6536a8903fb668114ef,2,1,2015-12-23,2015-12-23,1,False
train,Q_b658411bea237acf6591,2,1,2013-01-23,2013-01-23,1,False
train,Q_b659965d825f33cd0f19,2,1,2014-07-23,2014-07-23,1,False
train,Q_b65b0c2b943c56062421,2,1,2016-05-18,2016-05-18,1,False
train,Q_b665bd77eb93a0676b7c,2,1,2014-12-31,2014-12-31,1,False
train,Q_b6690b3c75c572a02f9c,2,1,2016-05-04,2016-05-04,1,False
train,Q_b6808c9b53ce9ee3af78,2,1,2013-11-06,2013-11-06,1,False
train,Q_b68b6b7a6cf7fcf55f5c,2,1,2014-07-23,2014-07-23,1,False
train,Q_b68c0154b63c750cd2c7,2,1,2013-03-06,2013-03-06,1,False
train,Q_b692c5f4361b4e0bbbd8,2,1,2012-07-25,2012-07-25,1,False
train,Q_b69522948566a6413675,2,1,2015-03-25,2015-03-25,1,False
train,Q_b699284a65ccfd3e95c2,2,1,2016-06-22,2016-06-22,1,False
train,Q_b6aad7426a092b9df6eb,2,1,2015-10-07,2015-10-07,1,False
train,Q_b6b8d606be83d03bdfc1,2,1,2016-01-27,2016-01-27,1,False
train,Q_b6b9bf2bf98b6316846c,2,1,2015-05-20,2015-05-20,1,False
train,Q_b6c30a9cc94752afec62,2,1,2016-05-25,2016-05-25,1,False
train,Q_b6c4b50c086d165435d4,2,1,2014-10-01,2014-10-01,1,False
train,Q_b6c9198ebc8fc5ff0272,2,1,2012-12-05,2012-12-05,1,False
train,Q_b6c9b47b543ff489ab28,2,1,2014-10-15,2014-10-15,1,False
train,Q_b6cd777be4d74dc035a5,2,1,2014-02-05,2014-02-05,1,False
train,Q_b6cd8d5d2fc3de549803,2,1,2013-10-23,2013-10-23,1,False
train,Q_b6dc36f285541bb0e5d9,2,1,2012-12-19,2012-12-19,1,False
train,Q_b6e1404f1ff78fa1553b,2,1,2016-07-27,2016-07-27,1,False
train,Q_b6e634a0a59701ff0940,2,1,2012-08-01,2012-08-01,1,False
train,Q_b6edd104ede1b1023ea8,2,1,2014-10-15,2014-10-15,1,False
train,Q_b6edf6d0a382480f628b,2,1,2012-11-28,2012-11-28,1,False
train,Q_b6eebd4366066488f0d9,2,1,2014-12-31,2014-12-31,1,False
train,Q_b6f6cf52480f8bce51d8,2,1,2016-03-30,2016-03-30,1,False
train,Q_b70c15d61d46e78710e2,2,1,2014-11-19,2014-11-19,1,False
train,Q_b7102fb3f0509d02d473,2,1,2015-06-10,2015-06-10,1,False
train,Q_b7118698e73ab67e6c5b,2,1,2015-12-02,2015-12-02,1,False
train,Q_b71d9caab6557ec1dd8b,2,1,2014-12-24,2014-12-24,1,False
train,Q_b7257d1f7ddce41f26b9,2,1,2015-05-27,2015-05-27,1,False
train,Q_b725c52960600f95f70b,2,1,2013-05-29,2013-05-29,1,False
train,Q_b726a02503d10445788f,2,1,2015-05-20,2015-05-20,1,False
train,Q_b73b24f853a3574c9beb,2,1,2015-09-16,2015-09-16,1,False
train,Q_b73b8bb6e63eeb39fa51,2,1,2015-03-25,2015-03-25,1,False
train,Q_b740936d17b0d4f7415e,2,1,2015-07-01,2015-07-01,1,False
train,Q_b747b757a17493b4c9a6,2,1,2015-10-28,2015-10-28,1,False
train,Q_b74c810c3b5b3a3e1af6,2,1,2013-07-17,2013-07-17,1,False
train,Q_b74dc02d8e76312b60e0,2,1,2015-02-25,2015-02-25,1,False
train,Q_b74dec98e99ca6f0e92c,2,1,2016-05-18,2016-05-18,1,False
train,Q_b74f6bb73a715812dcb1,2,1,2016-01-13,2016-01-13,1,False
train,Q_b75394ef07eb9f2dd310,2,1,2013-01-30,2013-01-30,1,False
train,Q_b77b383400215a9e83cd,2,1,2016-01-06,2016-01-06,1,False
train,Q_b77c929d2d2849b0b7c1,2,1,2014-04-09,2014-04-09,1,False
train,Q_b77ea9da9bf96734f1da,2,1,2016-06-08,2016-06-08,1,False
train,Q_b780411bed16fdfa0f5f,2,1,2013-08-21,2013-08-21,1,False
train,Q_b78f115e73fe397e9d80,2,1,2015-12-16,2015-12-16,1,False
train,Q_b79212e543eb7e6fd5e5,2,1,2015-09-09,2015-09-09,1,False
train,Q_b7a733f7d3f06b2897ae,2,1,2014-05-07,2014-05-07,1,False
train,Q_b7b9956ca493f756e4b4,2,1,2015-01-21,2015-01-21,1,False
train,Q_b7ba65b93605a8c23664,2,1,2016-08-17,2016-08-17,1,False
train,Q_b7cb70da643d4797daf6,2,1,2016-05-25,2016-05-25,1,False
train,Q_b7df487b50303822e996,2,1,2014-08-13,2014-08-13,1,False
train,Q_b7e76b9e2f5b51b98b11,2,1,2016-08-03,2016-08-03,1,False
train,Q_b7ea0eaf3bd7953b7085,2,1,2013-08-07,2013-08-07,1,False
train,Q_b7ecf605a289ec7bf786,2,1,2012-07-04,2012-07-04,1,False
train,Q_b7edb894a223b4122f06,2,1,2016-01-27,2016-01-27,1,False
train,Q_b7f1e992de0d6ab6f980,2,1,2015-10-21,2015-10-21,1,False
train,Q_b7f22dff341791428db9,2,1,2015-08-12,2015-08-12,1,False
train,Q_b7f2e8c8c6190ee7eed5,2,1,2014-04-09,2014-04-09,1,False
train,Q_b7f35d89601695f39b8d,2,1,2015-10-28,2015-10-28,1,False
train,Q_b7fa738482d223b49d84,2,1,2014-05-28,2014-05-28,1,False
train,Q_b7faf2cb4d2d296cb47a,2,1,2015-03-25,2015-03-25,1,False
train,Q_b8005837be39bf6c1581,2,1,2015-12-09,2015-12-09,1,False
train,Q_b8035cf4138befd6c5a7,2,1,2015-09-02,2015-09-02,1,False
train,Q_b804ded8c467a5f48752,2,1,2015-09-09,2015-09-09,1,False
train,Q_b80e6c61a7741ebd653c,2,1,2012-07-04,2012-07-04,1,False
train,Q_b811964b124a62318707,2,1,2014-12-17,2014-12-17,1,False
train,Q_b83230da476b552865f2,2,1,2012-07-25,2012-07-25,1,False
train,Q_b833065c88da1fa1fa71,2,1,2014-06-18,2014-06-18,1,False
train,Q_b83acc2d56effbed847b,2,1,2015-10-28,2015-10-28,1,False
train,Q_b83f5111f6fc0b1d5aae,2,1,2016-02-24,2016-02-24,1,False
train,Q_b842e8a19e019618024f,2,1,2014-08-06,2014-08-06,1,False
train,Q_b843e3489bacad96e2cd,2,1,2016-04-06,2016-04-06,1,False
train,Q_b84668d6e5e3dc4c8991,2,1,2016-01-06,2016-01-06,1,False
train,Q_b85d566e1e3d17be34c6,2,1,2015-12-30,2015-12-30,1,False
train,Q_b85e52921ece1e7dcdc5,2,1,2015-09-16,2015-09-16,1,False
train,Q_b8625eb8ecd6792cd59c,2,1,2013-04-10,2013-04-10,1,False
train,Q_b86d55f1e9039af8f08c,2,1,2013-08-07,2013-08-07,1,False
train,Q_b8721c23d0d203674e3f,2,1,2014-06-18,2014-06-18,1,False
train,Q_b877f0a3a4556b2a5c43,2,1,2014-10-15,2014-10-15,1,False
train,Q_b87ab7104e3cc6eba8ce,2,1,2012-09-19,2012-09-19,1,False
train,Q_b87d407b30e4706a0c7e,2,1,2014-12-10,2014-12-10,1,False
train,Q_b888fd044549d43eff26,2,1,2016-01-27,2016-01-27,1,False
train,Q_b88b7095e2806f87b594,2,1,2016-08-24,2016-08-24,1,False
train,Q_b88bc880387a1b963985,2,1,2012-12-26,2012-12-26,1,False
train,Q_b890e711f8ac96e4266f,2,1,2016-01-06,2016-01-06,1,False
train,Q_b89441b08dfcd400b4a2,2,1,2014-12-10,2014-12-10,1,False
train,Q_b896e722f4da0b7472d1,2,1,2015-04-29,2015-04-29,1,False
train,Q_b8a8b158370a0a3cda1a,2,1,2015-05-06,2015-05-06,1,False
train,Q_b8a9a93a5ca930307b1c,2,1,2013-08-21,2013-08-21,1,False
train,Q_b8ae5f54a4b05079ada1,2,1,2013-05-29,2013-05-29,1,False
train,Q_b8aecea377c82045de1e,2,1,2016-04-20,2016-04-20,1,False
train,Q_b8b02acb4a1c60b4dfe4,2,1,2014-03-12,2014-03-12,1,False
train,Q_b8b4791944208b86b0b3,2,1,2014-07-23,2014-07-23,1,False
train,Q_b8b7b9418ffb98d5a8f2,2,1,2015-07-01,2015-07-01,1,False
train,Q_b8ce8fa284602dc0f2e7,2,1,2012-09-19,2012-09-19,1,False
train,Q_b8d3782ff91dfc506aea,2,1,2012-10-24,2012-10-24,1,False
train,Q_b8e14fdd07c479f0724f,2,1,2014-06-25,2014-06-25,1,False
train,Q_b8e3794254dca9e9528d,2,1,2014-05-07,2014-05-07,1,False
train,Q_b8ec7da31c8f30a4b9cc,2,1,2015-06-24,2015-06-24,1,False
train,Q_b8f15353f54231846861,2,1,2012-08-22,2012-08-22,1,False
train,Q_b8f2364fa3724cc11c47,2,1,2016-01-27,2016-01-27,1,False
train,Q_b90108b3bafb8718f7ff,2,1,2015-07-29,2015-07-29,1,False
train,Q_b9175173a74cce7d78db,2,1,2013-04-17,2013-04-17,1,False
train,Q_b91ec39d4ad40bc0dd94,2,1,2016-01-27,2016-01-27,1,False
train,Q_b92754b1ed7d2bd51bcd,2,1,2012-12-05,2012-12-05,1,False
train,Q_b92df3f87df8ca87886a,2,1,2012-11-28,2012-11-28,1,False
train,Q_b936b1e00fe0f5fcb808,2,1,2015-09-30,2015-09-30,1,False
train,Q_b9408a5296072a8f3a0e,2,1,2013-09-11,2013-09-11,1,False
train,Q_b94679c6ddacba3a2fb7,2,1,2013-08-28,2013-08-28,1,False
train,Q_b955a656b4337fe06f55,2,1,2016-04-13,2016-04-13,1,False
train,Q_b955c68b52410585e1f0,2,1,2013-10-09,2013-10-09,1,False
train,Q_b959eefa7cf209e79506,2,1,2013-11-13,2013-11-13,1,False
train,Q_b95f3a06393091b4a4bc,2,1,2012-12-12,2012-12-12,1,False
train,Q_b964dd26234ef2382b8e,2,1,2015-09-16,2015-09-16,1,False
train,Q_b973ef318efd55a5428d,2,1,2012-08-29,2012-08-29,1,False
train,Q_b97a8418cdb10c2c4d80,2,1,2016-06-08,2016-06-08,1,False
train,Q_b9875b14c3b811fd7ba2,2,1,2015-09-23,2015-09-23,1,False
train,Q_b9880354cb1816210b27,2,1,2013-06-05,2013-06-05,1,False
train,Q_b99901933d64efc6f754,2,1,2012-07-04,2012-07-04,1,False
train,Q_b99d1af22299160b878f,2,1,2013-04-10,2013-04-10,1,False
train,Q_b9a1c9adce7ab63380c3,2,1,2016-09-07,2016-09-07,1,False
train,Q_b9abfb03bec7ea5cf1be,2,1,2014-06-18,2014-06-18,1,False
train,Q_b9b40978c40f7dd9ce01,2,1,2013-11-20,2013-11-20,1,False
train,Q_b9bc7614d3857d4ed5c3,2,1,2015-04-08,2015-04-08,1,False
train,Q_b9c14818b895209eaadf,2,1,2015-05-20,2015-05-20,1,False
train,Q_b9c929d6d7afae1432e7,2,1,2016-09-14,2016-09-14,1,False
train,Q_b9ca953efd4e6dae7416,2,1,2014-10-15,2014-10-15,1,False
train,Q_b9cb79f1452618fb0ecb,2,1,2015-02-11,2015-02-11,1,False
train,Q_b9cddac3287753744452,2,1,2014-02-12,2014-02-12,1,False
train,Q_b9dab2331015a4d6a076,2,1,2015-03-04,2015-03-04,1,False
train,Q_b9ddd4c2c0da0bb3f51f,2,1,2014-12-31,2014-12-31,1,False
train,Q_b9e24537665f9b6cb232,2,1,2016-04-13,2016-04-13,1,False
train,Q_b9e39c9e654ce6f41bb2,2,1,2013-12-04,2013-12-04,1,False
train,Q_b9e5c051343112725c21,2,1,2015-11-04,2015-11-04,1,False
train,Q_b9e9ff0484775d5b9f09,2,1,2015-02-25,2015-02-25,1,False
train,Q_ba024fec0da34f9b550e,2,1,2013-12-04,2013-12-04,1,False
train,Q_ba1208ae401a66ab43d5,2,1,2013-09-11,2013-09-11,1,False
train,Q_ba1497e44b88bad59775,2,1,2014-02-12,2014-02-12,1,False
train,Q_ba15b0514421e225ca7f,2,1,2014-10-15,2014-10-15,1,False
train,Q_ba1b338e833434bc601f,2,1,2013-05-29,2013-05-29,1,False
train,Q_ba28b427c26f7beeae79,2,1,2015-11-18,2015-11-18,1,False
train,Q_ba29bd3bcc5ebbdaade4,2,1,2014-09-17,2014-09-17,1,False
train,Q_ba2c911c408db10488c9,2,1,2014-02-05,2014-02-05,1,False
train,Q_ba3b44de053dfd3bf2b6,2,1,2014-12-10,2014-12-10,1,False
train,Q_ba411c4ff9c703d5e6ae,2,1,2013-07-31,2013-07-31,1,False
train,Q_ba44b6540ce927475cb8,2,1,2015-03-18,2015-03-18,1,False
train,Q_ba4e2a2bea6201e4b696,2,1,2016-04-27,2016-04-27,1,False
train,Q_ba65a8121a609c91c77b,2,1,2013-03-27,2013-03-27,1,False
train,Q_ba8574bc9b83e125ec4f,2,1,2013-07-24,2013-07-24,1,False
train,Q_ba92f0396cac33772d4c,2,1,2016-05-04,2016-05-04,1,False
train,Q_ba979b848398bfc13486,2,1,2015-09-09,2015-09-09,1,False
train,Q_ba993907702c379cfd7a,2,1,2016-08-03,2016-08-03,1,False
train,Q_bac6128f5d9329b8b049,2,1,2013-08-28,2013-08-28,1,False
train,Q_baca913dc7a93112f4f4,2,1,2014-06-18,2014-06-18,1,False
train,Q_bad0087a1c739b8f2aad,2,1,2015-12-16,2015-12-16,1,False
train,Q_bad28b5ada59c02dd16f,2,1,2016-03-02,2016-03-02,1,False
train,Q_bad49ffffffcc675a3c6,2,1,2013-12-18,2013-12-18,1,False
train,Q_bae624885ad1b5f509eb,2,1,2013-10-09,2013-10-09,1,False
train,Q_baed8ee4cab525a2e27c,2,1,2012-08-08,2012-08-08,1,False
train,Q_baee5cb6935cc2a4f489,2,1,2012-08-08,2012-08-08,1,False
train,Q_baf137f663fa9e934006,2,1,2015-04-15,2015-04-15,1,False
train,Q_baf4599ee97109a37194,2,1,2016-01-13,2016-01-13,1,False
train,Q_baf5290e165a77ab2ba3,2,1,2015-02-18,2015-02-18,1,False
train,Q_bafbab357852f958fccc,2,1,2013-06-05,2013-06-05,1,False
train,Q_bafc7956a58d3ff3f0ed,2,1,2015-06-17,2015-06-17,1,False
train,Q_bb0990a7895e77a60d38,2,1,2013-06-19,2013-06-19,1,False
train,Q_bb0b9dadf1c554f9bd53,2,1,2014-04-16,2014-04-16,1,False
train,Q_bb191ba9381166b2c46a,2,1,2013-10-30,2013-10-30,1,False
train,Q_bb1e5ce1449981962a07,2,2,2013-03-27,2014-01-15,2,True
train,Q_bb2428ec1e786ebe70bd,2,1,2013-03-20,2013-03-20,1,False
train,Q_bb2f5ac053d169df51f3,2,1,2015-09-30,2015-09-30,1,False
train,Q_bb2fceedf43f182b33a2,2,1,2015-12-30,2015-12-30,1,False
train,Q_bb32ba7206d67b8ee474,2,1,2013-05-01,2013-05-01,1,False
train,Q_bb36cfc9c817e72fa3fb,2,1,2013-01-02,2013-01-02,1,False
train,Q_bb3c7754145463f9b51e,2,1,2015-11-25,2015-11-25,1,False
train,Q_bb3f213132dac567d1dc,2,1,2015-09-23,2015-09-23,1,False
train,Q_bb47b488b18d71c2fa65,2,1,2015-04-29,2015-04-29,1,False
train,Q_bb4c70c7bdfcfa8457c5,2,1,2015-04-15,2015-04-15,1,False
train,Q_bb50509ac93dfe540d60,2,1,2015-04-22,2015-04-22,1,False
train,Q_bb5dc73f54033249d330,2,1,2015-10-07,2015-10-07,1,False
train,Q_bb690f26575d9aa629e5,2,1,2013-03-20,2013-03-20,1,False
train,Q_bb6f4fb61d6dcb3fb717,2,1,2015-06-10,2015-06-10,1,False
train,Q_bb7a1c073f26cbecae1d,2,1,2015-05-06,2015-05-06,1,False
train,Q_bb82e6b4eb90629052ed,2,1,2014-11-12,2014-11-12,1,False
train,Q_bb8c2a61b06de3673b6c,2,1,2016-08-17,2016-08-17,1,False
train,Q_bb9215946427926b69d0,2,1,2015-03-25,2015-03-25,1,False
train,Q_bb976a22d043aaaa68bd,2,1,2016-05-25,2016-05-25,1,False
train,Q_bb9b55c2bb0c580640f3,2,1,2016-06-22,2016-06-22,1,False
train,Q_bb9e3090f1359a22169c,2,1,2014-12-17,2014-12-17,1,False
train,Q_bba4087c13a21f2ab2bf,2,1,2016-09-21,2016-09-21,1,False
train,Q_bba5d36bb24788260cdd,2,1,2016-07-20,2016-07-20,1,False
train,Q_bba7fc1579e2238bdab0,2,1,2015-02-04,2015-02-04,1,False
train,Q_bbba4c2b789bb3c33d10,2,1,2013-01-02,2013-01-02,1,False
train,Q_bbbbc6c541749c7427c1,2,1,2013-11-13,2013-11-13,1,False
train,Q_bbc4f797be8ad08c652f,2,1,2015-02-11,2015-02-11,1,False
train,Q_bbcf30c17cb94b064fad,2,1,2013-11-20,2013-11-20,1,False
train,Q_bbd48351a34f1a0c8daa,2,1,2013-01-02,2013-01-02,1,False
train,Q_bbd7bc21776d7485bf66,2,1,2016-02-17,2016-02-17,1,False
train,Q_bbdf9a44c174f111744b,2,1,2016-03-09,2016-03-09,1,False
train,Q_bbe4c8a1f63fbda19f0a,2,1,2012-11-14,2012-11-14,1,False
train,Q_bbff1a5cd66b84591bd1,2,1,2014-04-23,2014-04-23,1,False
train,Q_bbff67ab66ccc8d6cfb9,2,1,2014-05-21,2014-05-21,1,False
train,Q_bc2a3103f0ec4a509525,2,1,2016-02-17,2016-02-17,1,False
train,Q_bc47d479b7b03fc67e5b,2,1,2014-06-04,2014-06-04,1,False
train,Q_bc47eacfb1e35b2f407d,2,1,2016-08-31,2016-08-31,1,False
train,Q_bc4a0c94b0d6db5053fe,2,1,2015-12-16,2015-12-16,1,False
train,Q_bc6a0a1b4beac73244a0,2,1,2013-05-29,2013-05-29,1,False
train,Q_bc7c176b4cfb077055cd,2,1,2015-06-24,2015-06-24,1,False
train,Q_bc7e75fc6507345ad6de,2,1,2016-01-13,2016-01-13,1,False
train,Q_bc841084c0e2fbd14bbb,2,1,2014-04-23,2014-04-23,1,False
train,Q_bc8b224704f7af837f82,2,1,2015-04-08,2015-04-08,1,False
train,Q_bc9ca964f555e91c0caa,2,1,2013-09-25,2013-09-25,1,False
train,Q_bc9f2724a358af94df8a,2,1,2015-03-25,2015-03-25,1,False
train,Q_bca440811928b9d3d84c,2,1,2014-06-11,2014-06-11,1,False
train,Q_bcb03582eaa65b73fb2f,2,1,2015-10-07,2015-10-07,1,False
train,Q_bcb26db937b150a7f81b,2,1,2014-04-30,2014-04-30,1,False
train,Q_bcbc44949939d8c8425f,2,1,2015-12-02,2015-12-02,1,False
train,Q_bcbd3688ddfed651778d,2,1,2014-04-23,2014-04-23,1,False
train,Q_bcc4835f10092a3fba6a,2,1,2014-08-20,2014-08-20,1,False
train,Q_bcc4a1300819abf99d58,2,1,2016-06-01,2016-06-01,1,False
train,Q_bcca63f04059face1696,2,1,2013-06-26,2013-06-26,1,False
train,Q_bcde1f05753478f1a5ce,2,1,2012-07-25,2012-07-25,1,False
train,Q_bce314dc740aac93f5d4,2,1,2013-08-21,2013-08-21,1,False
train,Q_bce858f985b24115371a,2,1,2012-08-29,2012-08-29,1,False
train,Q_bce85ffff4302d15c6d3,2,1,2015-02-11,2015-02-11,1,False
train,Q_bcef694c7e7519a52be0,2,1,2015-06-17,2015-06-17,1,False
train,Q_bcf1b7a2ed1fe3f4dc6e,2,1,2013-08-07,2013-08-07,1,False
train,Q_bd10ded028d76fefb92a,2,1,2013-08-21,2013-08-21,1,False
train,Q_bd15237a0b44a52a48ba,2,1,2014-10-15,2014-10-15,1,False
train,Q_bd1a4dc7716814c8ee9a,2,1,2013-10-23,2013-10-23,1,False
train,Q_bd29bb935c87507037f3,2,1,2016-06-29,2016-06-29,1,False
train,Q_bd2a5279b32eb2e8d62c,2,1,2014-11-12,2014-11-12,1,False
train,Q_bd307b2cf88c74384f43,3,1,2016-06-29,2016-06-29,2,False
train,Q_bd6295390b7b856530d5,2,1,2014-06-04,2014-06-04,1,False
train,Q_bd67b9a570b25b779321,2,1,2015-09-16,2015-09-16,1,False
train,Q_bd69c75b31c71f4738b8,2,1,2014-05-07,2014-05-07,1,False
train,Q_bd6af786de6db645fa62,2,1,2014-02-05,2014-02-05,1,False
train,Q_bd6efbb4170c536b0f06,2,1,2013-06-26,2013-06-26,1,False
train,Q_bd756dfdd938f61e8735,2,1,2015-11-25,2015-11-25,1,False
train,Q_bd7790bdecf150d24af2,2,1,2014-04-23,2014-04-23,1,False
train,Q_bd7d770fda167c89e0eb,2,1,2014-04-09,2014-04-09,1,False
train,Q_bda616ccdb5df9362b9a,2,1,2012-12-12,2012-12-12,1,False
train,Q_bdb496211ac875b34679,2,1,2016-05-11,2016-05-11,1,False
train,Q_bdc1b6783a1475cd557c,2,1,2014-05-07,2014-05-07,1,False
train,Q_bdd6f0384cd8d61f805d,2,1,2014-06-18,2014-06-18,1,False
train,Q_bddd493260d41e8df4a4,2,1,2015-07-29,2015-07-29,1,False
train,Q_bde21939cb2e0c6244ae,2,1,2012-07-04,2012-07-04,1,False
train,Q_bde9c1f0be4adcb08abe,2,1,2016-04-06,2016-04-06,1,False
train,Q_bdee765946e133ef3e48,2,1,2014-06-04,2014-06-04,1,False
train,Q_bdf8f804a38cc545ccc7,2,1,2013-09-04,2013-09-04,1,False
train,Q_bdfa23713f5e647fc589,2,1,2014-02-05,2014-02-05,1,False
train,Q_bdff9a354b008e30050c,2,1,2015-05-20,2015-05-20,1,False
train,Q_be0dd41cf889855a20ba,2,1,2014-11-26,2014-11-26,1,False
train,Q_be10c4d5585df4db33ab,2,1,2014-02-12,2014-02-12,1,False
train,Q_be25cebcec1b02d6a5d3,2,1,2015-07-15,2015-07-15,1,False
train,Q_be2a375335aa8cf7801b,2,1,2013-04-03,2013-04-03,1,False
train,Q_be3348dc572fc8cb9bd3,2,1,2013-03-06,2013-03-06,1,False
train,Q_be3bcce78e58d30cd2fc,2,1,2016-02-24,2016-02-24,1,False
train,Q_be43851e9851d2415807,2,1,2015-09-16,2015-09-16,1,False
train,Q_be4c3dee63549c2ec54c,2,1,2016-02-10,2016-02-10,1,False
train,Q_be514411b63d679db6e1,2,1,2014-10-01,2014-10-01,1,False
train,Q_be5a327c1b3aeb0f4841,2,1,2014-10-29,2014-10-29,1,False
train,Q_be5d8d13ce2c7cc04cc9,2,1,2013-09-11,2013-09-11,1,False
train,Q_be6f229bd7e80058a34b,2,1,2013-11-20,2013-11-20,1,False
train,Q_be84db524deac9597744,2,1,2015-08-05,2015-08-05,1,False
train,Q_be84f5e0762b5dcb03f6,2,1,2013-12-25,2013-12-25,1,False
train,Q_be8fdeb31b0172970e3f,2,1,2015-07-08,2015-07-08,1,False
train,Q_be8ff986c462bd717e76,1,1,2012-11-28,2012-11-28,1,False
train,Q_bea0ab741dd47d4ce540,2,1,2016-06-01,2016-06-01,1,False
train,Q_bea2a52551d6cc7ae272,2,1,2015-10-21,2015-10-21,1,False
train,Q_bea8b41a1268b0472721,2,1,2015-02-25,2015-02-25,1,False
train,Q_bead52e53f740180acf0,2,1,2016-08-03,2016-08-03,1,False
train,Q_beadf5941c5893f07503,2,1,2015-09-30,2015-09-30,1,False
train,Q_beafc5f81a6846479664,2,1,2015-05-27,2015-05-27,1,False
train,Q_beb4d2591963315ce6e6,2,1,2013-02-13,2013-02-13,1,False
train,Q_beb746e283d9b24a8992,2,1,2013-09-11,2013-09-11,1,False
train,Q_bebd81733fea7a6ffbf6,2,1,2016-06-01,2016-06-01,1,False
train,Q_bee1d8ccfb52bfa98d6e,2,1,2014-09-24,2014-09-24,1,False
train,Q_bef5f33695327403efdd,2,1,2014-02-12,2014-02-12,1,False
train,Q_befe522d4f5822d717f8,2,1,2014-04-16,2014-04-16,1,False
train,Q_bf0048f77ea9227c1189,2,1,2016-09-14,2016-09-14,1,False
train,Q_bf0531779b1e1350b2e1,2,1,2012-12-19,2012-12-19,1,False
train,Q_bf1670c9b5cbd8b6e5c6,2,1,2014-02-05,2014-02-05,1,False
train,Q_bf17da0359cf7ae648bf,2,1,2013-12-18,2013-12-18,1,False
train,Q_bf18e879a7e38fc1898e,2,1,2013-06-26,2013-06-26,1,False
train,Q_bf1d5e241311133a9e65,2,1,2013-08-07,2013-08-07,1,False
train,Q_bf2d54ae4c60e02078b4,2,1,2014-08-20,2014-08-20,1,False
train,Q_bf308e496619a428faeb,2,1,2016-01-13,2016-01-13,1,False
train,Q_bf3c04421bec62aa1d18,2,1,2014-06-18,2014-06-18,1,False
train,Q_bf3c4397b58c7a3693f0,2,1,2015-09-16,2015-09-16,1,False
train,Q_bf4933e72d0e95e41f1d,2,1,2012-08-01,2012-08-01,1,False
train,Q_bf5197d40479ed11cc0a,2,1,2012-11-28,2012-11-28,1,False
train,Q_bf5bf2f24e8bb92f4041,2,1,2016-05-04,2016-05-04,1,False
train,Q_bf666884ef4fbc2ccb35,2,1,2015-12-16,2015-12-16,1,False
train,Q_bf71da9064ae0774539c,2,1,2013-11-20,2013-11-20,1,False
train,Q_bf7233b8c3fd340587fa,2,1,2013-06-26,2013-06-26,1,False
train,Q_bf7a19066e6722e7ffbb,2,1,2016-04-13,2016-04-13,1,False
train,Q_bf7f8af61471d7ddfef5,2,1,2014-01-15,2014-01-15,1,False
train,Q_bf818709c677bf5b3a8f,2,1,2016-05-04,2016-05-04,1,False
train,Q_bf8246577df23183f6cf,2,1,2012-12-12,2012-12-12,1,False
train,Q_bf9dc51b9b745744d878,2,1,2015-02-18,2015-02-18,1,False
train,Q_bfacf59ece7514b89fdd,2,1,2013-10-02,2013-10-02,1,False
train,Q_bfb2026c6b753b79c9b6,2,1,2012-11-14,2012-11-14,1,False
train,Q_bfba86fd3f53a43badf7,2,1,2016-06-01,2016-06-01,1,False
train,Q_bfbb52e51f7ca680d82a,2,1,2016-04-06,2016-04-06,1,False
train,Q_bfbd654728fedc12609f,2,1,2013-05-29,2013-05-29,1,False
train,Q_bfc3770ea26494d633bb,2,1,2014-04-09,2014-04-09,1,False
train,Q_bfc88e635a3729406d21,2,1,2012-09-05,2012-09-05,1,False
train,Q_bfd484b35f28b517cb5e,2,1,2015-06-17,2015-06-17,1,False
train,Q_bfd684131acbd806fe23,2,1,2015-11-18,2015-11-18,1,False
train,Q_bfdd3c5c0a3cd0a0713d,4,2,2014-01-15,2014-04-16,2,True
train,Q_bfe390911db99ab5012c,2,1,2016-01-27,2016-01-27,1,False
train,Q_bfe5cbf4f086b92f7552,2,1,2014-08-27,2014-08-27,1,False
train,Q_bfeb11535b348eb7743f,2,1,2014-02-05,2014-02-05,1,False
train,Q_bfec4174c7b1a57b04e3,2,1,2014-08-06,2014-08-06,1,False
train,Q_bfee425415d9cca93bc8,2,1,2014-01-01,2014-01-01,1,False
train,Q_bff06e49b573ec9e0489,2,1,2014-07-23,2014-07-23,1,False
train,Q_bff9551af78beb60cf7e,2,1,2014-04-23,2014-04-23,1,False
train,Q_bffbb714786adab198d4,2,1,2012-07-25,2012-07-25,1,False
train,Q_bffdb42155da2531aacf,2,1,2016-01-13,2016-01-13,1,False
train,Q_c00932497a70dd536be7,2,1,2014-02-05,2014-02-05,1,False
train,Q_c00a6b7ba3a2aa9ee058,4,2,2014-07-09,2014-09-03,2,True
train,Q_c028eea13455c62b8bb8,2,1,2015-07-15,2015-07-15,1,False
train,Q_c03ce28a1d3c3b569880,2,1,2015-07-15,2015-07-15,1,False
train,Q_c04b1c113c7e9c1b0755,2,1,2012-08-08,2012-08-08,1,False
train,Q_c04bddd14483a5a8e5a3,2,1,2013-05-01,2013-05-01,1,False
train,Q_c04f3f4cb2b159ef7f43,2,1,2015-09-16,2015-09-16,1,False
train,Q_c05150b9979badc5e5eb,2,1,2016-07-06,2016-07-06,1,False
train,Q_c053beb7bcd395372f34,2,1,2016-08-03,2016-08-03,1,False
train,Q_c054bca3c780c2cb5771,2,1,2014-01-15,2014-01-15,1,False
train,Q_c05c0c4aa1d3aae4e451,2,1,2014-07-30,2014-07-30,1,False
train,Q_c05e7e324e582a6ea5aa,2,1,2015-05-06,2015-05-06,1,False
train,Q_c07ab1ec10b0cdda3e92,2,1,2013-01-30,2013-01-30,1,False
train,Q_c08d58a9b01da9e8c7ff,2,1,2016-03-30,2016-03-30,1,False
train,Q_c090452a6b7741df3009,2,1,2016-08-10,2016-08-10,1,False
train,Q_c09496cf0e21b3f12b00,2,1,2015-02-11,2015-02-11,1,False
train,Q_c0965967cfe817c9dfb2,2,1,2016-03-02,2016-03-02,1,False
train,Q_c09772a9b6388c15630a,2,1,2013-11-27,2013-11-27,1,False
train,Q_c097af7980c1fb593d24,2,1,2015-12-23,2015-12-23,1,False
train,Q_c0a05b4382d9ec45ee15,2,1,2014-03-19,2014-03-19,1,False
train,Q_c0a10363eddc3f9be6fc,2,1,2016-02-24,2016-02-24,1,False
train,Q_c0bc3f2475740a272b45,2,1,2016-03-23,2016-03-23,1,False
train,Q_c0c64f6be6df36a0559d,2,1,2016-08-17,2016-08-17,1,False
train,Q_c0c9f78dbed471914f4a,2,1,2016-09-14,2016-09-14,1,False
train,Q_c0d151a0a9b173285fa4,2,1,2013-07-24,2013-07-24,1,False
train,Q_c0d54b0e0f4d4a6e6679,2,1,2014-05-21,2014-05-21,1,False
train,Q_c0d555fae7e966530c2c,2,1,2015-10-21,2015-10-21,1,False
train,Q_c0dff9360f3caf564834,2,1,2016-01-27,2016-01-27,1,False
train,Q_c0e22917f88fcdf3be33,2,1,2016-09-07,2016-09-07,1,False
train,Q_c0e993eebb3c98e8fe34,2,1,2014-06-11,2014-06-11,1,False
train,Q_c0fc01e9f75670e3e8de,4,2,2013-03-27,2014-01-15,2,True
train,Q_c0fda028a06946ee7165,2,1,2016-05-25,2016-05-25,1,False
train,Q_c0ffd68ea1932fac8b8b,2,1,2013-03-20,2013-03-20,1,False
train,Q_c10abc193281d3395ece,2,1,2013-09-04,2013-09-04,1,False
train,Q_c113e774b7e6a1891b17,2,1,2014-01-15,2014-01-15,1,False
train,Q_c114f7dc9e718c0e7f67,2,1,2016-07-13,2016-07-13,1,False
train,Q_c125c1ea563f5ef51f3a,2,1,2016-03-16,2016-03-16,1,False
train,Q_c128c59e863750dd4699,2,1,2016-07-13,2016-07-13,1,False
train,Q_c135aa0522f3baf61056,2,1,2015-11-25,2015-11-25,1,False
train,Q_c137d7aed258eb892c0f,3,1,2016-06-29,2016-06-29,2,False
train,Q_c13cfb7cf9e316579108,2,1,2015-09-16,2015-09-16,1,False
train,Q_c1404dc6cbe8650168d3,2,1,2014-01-29,2014-01-29,1,False
train,Q_c14a856faaffe00c0252,2,1,2014-05-21,2014-05-21,1,False
train,Q_c14d68aa5c792e29bde5,2,1,2012-08-08,2012-08-08,1,False
train,Q_c15bfba2fb3044d2be2d,2,1,2012-09-12,2012-09-12,1,False
train,Q_c15f99cf7b6f08256ddf,2,1,2015-02-11,2015-02-11,1,False
train,Q_c164cb8c658d0cf547f5,2,1,2016-06-01,2016-06-01,1,False
train,Q_c16640b9dea660f02eff,2,1,2015-04-01,2015-04-01,1,False
train,Q_c16940c217feb773c535,2,1,2015-11-25,2015-11-25,1,False
train,Q_c172c11c4c9a804030ec,2,1,2016-05-04,2016-05-04,1,False
train,Q_c173afbf7ab882053445,2,1,2015-09-16,2015-09-16,1,False
train,Q_c177747e5f8601d2ce02,2,1,2012-09-05,2012-09-05,1,False
train,Q_c1975715d9c153de97da,2,1,2015-06-10,2015-06-10,1,False
train,Q_c19c910d32e482e9a1e1,4,2,2013-03-27,2014-01-15,2,True
train,Q_c1a0dd4a011b22019700,2,1,2016-01-20,2016-01-20,1,False
train,Q_c1a8b62097842d6d5f54,2,1,2012-08-29,2012-08-29,1,False
train,Q_c1ab08d33eabf7fbf5cc,2,1,2016-07-20,2016-07-20,1,False
train,Q_c1c3320e8505cce50def,2,1,2014-04-23,2014-04-23,1,False
train,Q_c1c545e348f64b381386,2,1,2013-06-05,2013-06-05,1,False
train,Q_c1c646cb382830b8460e,2,1,2012-08-01,2012-08-01,1,False
train,Q_c1f19a8dbd08dee2cac2,2,1,2012-09-05,2012-09-05,1,False
train,Q_c1f61e95c262ee4d59ba,2,1,2014-07-09,2014-07-09,1,False
train,Q_c1f7bd7013ab7713be47,2,1,2014-05-07,2014-05-07,1,False
train,Q_c1f910aba4042c38e9ac,2,1,2012-12-05,2012-12-05,1,False
train,Q_c1f9d31482bcfd936bbb,2,1,2016-03-23,2016-03-23,1,False
train,Q_c1fab95700108c6602b0,2,1,2012-10-03,2012-10-03,1,False
train,Q_c1fce5b651d4b18940bc,2,1,2015-07-08,2015-07-08,1,False
train,Q_c2046e3e325495a30804,2,1,2016-07-27,2016-07-27,1,False
train,Q_c2092b3f35675f90a5f8,2,1,2016-04-06,2016-04-06,1,False
train,Q_c20eaa1a2990c4751d07,2,1,2016-08-03,2016-08-03,1,False
train,Q_c2141e99657fea07f107,2,1,2015-05-06,2015-05-06,1,False
train,Q_c21e65acc6afa049032f,2,1,2014-12-17,2014-12-17,1,False
train,Q_c22b28b02a677c51de1f,2,1,2013-07-31,2013-07-31,1,False
train,Q_c230288b257ad83cdb13,2,1,2014-02-19,2014-02-19,1,False
train,Q_c2316f85ad33f2af0cf3,2,1,2014-12-17,2014-12-17,1,False
train,Q_c231e067a99f04ddc3d4,2,1,2014-07-30,2014-07-30,1,False
train,Q_c231f6698622a9145a94,4,1,2016-06-29,2016-06-29,2,False
train,Q_c234b54993ece9711dcd,2,1,2012-11-21,2012-11-21,1,False
train,Q_c2370c4760ddb64c9b90,2,1,2015-06-03,2015-06-03,1,False
train,Q_c23907628242caac34f7,2,1,2014-03-05,2014-03-05,1,False
train,Q_c239293272a4d755ea89,2,1,2013-02-06,2013-02-06,1,False
train,Q_c244f5f3b71c3b2f3e24,2,1,2013-11-20,2013-11-20,1,False
train,Q_c248c5e524378bb2d2d3,2,1,2016-09-21,2016-09-21,1,False
train,Q_c26901bb2c6036c894d3,2,1,2014-06-04,2014-06-04,1,False
train,Q_c26c4882a07f68ebcf3c,2,1,2013-02-13,2013-02-13,1,False
train,Q_c278726e1c46e9fe105f,2,1,2014-03-19,2014-03-19,1,False
train,Q_c27f25b35c5a960c601f,2,1,2014-06-04,2014-06-04,1,False
train,Q_c29c53f2100a6377d539,2,1,2014-08-20,2014-08-20,1,False
train,Q_c29d967ad0334897e229,2,1,2015-02-25,2015-02-25,1,False
train,Q_c2a078c7fd67bdbcad44,2,1,2014-12-31,2014-12-31,1,False
train,Q_c2aa4c1a63f4b18507bd,2,1,2013-09-11,2013-09-11,1,False
train,Q_c2bab6442711d9fc3e3f,2,1,2015-09-16,2015-09-16,1,False
train,Q_c2bd53e5656c9ae71998,2,1,2014-11-19,2014-11-19,1,False
train,Q_c2c2a8124a4b66445b07,2,1,2013-07-03,2013-07-03,1,False
train,Q_c2c4b770f4c1d02a9363,2,1,2013-10-02,2013-10-02,1,False
train,Q_c2d63b806cd69a2050d4,2,1,2015-02-11,2015-02-11,1,False
train,Q_c2eebb67f2d933c07b17,2,1,2015-12-16,2015-12-16,1,False
train,Q_c2f5afe929fae3a02dc5,2,1,2013-08-07,2013-08-07,1,False
train,Q_c2f7ac1e50c58393058f,2,1,2015-05-27,2015-05-27,1,False
train,Q_c30fcc7d9897d5d98a82,2,1,2014-12-10,2014-12-10,1,False
train,Q_c319dd77d09035b49a09,2,1,2014-09-17,2014-09-17,1,False
train,Q_c31a6cd63bd0ac684073,2,1,2016-08-17,2016-08-17,1,False
train,Q_c3286a0d87b5b5ca3395,2,1,2015-06-17,2015-06-17,1,False
train,Q_c32c5a5ad03527e2cde9,2,1,2014-05-21,2014-05-21,1,False
train,Q_c34116600ef0384e5ccc,2,1,2013-04-10,2013-04-10,1,False
train,Q_c35390987c9dd4e7f2ec,2,1,2016-05-18,2016-05-18,1,False
train,Q_c354726cb322c790635a,2,1,2013-01-30,2013-01-30,1,False
train,Q_c36044bd287d0a4c2912,2,1,2013-11-27,2013-11-27,1,False
train,Q_c3654e6b7f6c76b4c3ba,2,1,2013-06-19,2013-06-19,1,False
train,Q_c369fe32f76d76954446,2,1,2013-01-02,2013-01-02,1,False
train,Q_c371984875ec19713bc3,2,1,2014-09-10,2014-09-10,1,False
train,Q_c37faf23c8c55ff61aca,2,1,2014-10-15,2014-10-15,1,False
train,Q_c383b169d19f12ce4b6d,2,1,2016-01-27,2016-01-27,1,False
train,Q_c388c7d2141c110f9008,2,1,2016-03-23,2016-03-23,1,False
train,Q_c38c6ec2ce1f6ec3a3ca,2,1,2013-12-04,2013-12-04,1,False
train,Q_c39c4fa16826d9310dd4,2,1,2013-09-18,2013-09-18,1,False
train,Q_c39ce3827ac9df2fd735,2,1,2015-12-02,2015-12-02,1,False
train,Q_c3ab03875b2a6a3daa9d,2,1,2013-03-06,2013-03-06,1,False
train,Q_c3b168a496ec3548a9c4,2,1,2015-09-02,2015-09-02,1,False
train,Q_c3b27f9d8f4f552fba7f,2,1,2016-09-21,2016-09-21,1,False
train,Q_c3b49b41c1cb0a9ee877,2,1,2012-07-11,2012-07-11,1,False
train,Q_c3bbc325f347137145c0,2,1,2015-02-04,2015-02-04,1,False
train,Q_c3bc7ac59c8213b4581b,2,1,2014-04-23,2014-04-23,1,False
train,Q_c3c12167d3a6f7a9a393,2,1,2016-07-27,2016-07-27,1,False
train,Q_c3c359b6f6c44fb82425,2,1,2015-09-23,2015-09-23,1,False
train,Q_c3c63f9a02034a2ee190,2,1,2016-01-20,2016-01-20,1,False
train,Q_c3ce1b331e01e798a508,2,1,2014-10-15,2014-10-15,1,False
train,Q_c3d8d2f8dc3da3823a60,2,1,2015-11-25,2015-11-25,1,False
train,Q_c3deb0fc14b1dd3b6f92,2,1,2014-12-31,2014-12-31,1,False
train,Q_c3e208a9f1159d77562a,2,1,2014-05-21,2014-05-21,1,False
train,Q_c3eff1dea92b57fb9b58,2,1,2016-03-23,2016-03-23,1,False
train,Q_c3fc0b57ca90b576ea83,2,1,2014-12-17,2014-12-17,1,False
train,Q_c403ce9499c951a626e8,2,1,2015-10-14,2015-10-14,1,False
train,Q_c41053ccc1dd06c297c1,2,1,2015-09-30,2015-09-30,1,False
train,Q_c414bb1db2460242ec7f,2,1,2013-07-24,2013-07-24,1,False
train,Q_c41a336c4db8bf859f09,2,1,2014-10-01,2014-10-01,1,False
train,Q_c41b1cf53bbece982771,2,1,2014-10-15,2014-10-15,1,False
train,Q_c41fbcceaddfb2fd066c,2,1,2015-09-23,2015-09-23,1,False
train,Q_c42428e9a4925316863b,2,1,2016-06-01,2016-06-01,1,False
train,Q_c42781524e248108611a,2,1,2015-03-25,2015-03-25,1,False
train,Q_c42de7f31512ecaaac6a,2,1,2015-06-24,2015-06-24,1,False
train,Q_c435d2b5042d0e54d11f,2,1,2015-09-02,2015-09-02,1,False
train,Q_c43e4236776c32be72f9,2,1,2012-12-12,2012-12-12,1,False
train,Q_c43e4c0afbd4d10aa209,2,1,2015-05-27,2015-05-27,1,False
train,Q_c4438f68234711bce558,2,1,2015-04-29,2015-04-29,1,False
train,Q_c453e303c0a1e8d6319c,2,1,2013-03-06,2013-03-06,1,False
train,Q_c460d5ed9b53c1aa9d67,2,1,2016-05-25,2016-05-25,1,False
train,Q_c4654dbb7dae756d593d,2,1,2014-12-17,2014-12-17,1,False
train,Q_c475c71740e7229769db,2,1,2015-11-04,2015-11-04,1,False
train,Q_c47a3c1c4a7607f25414,2,1,2013-05-15,2013-05-15,1,False
train,Q_c4836f0252c810a2208e,2,1,2013-05-29,2013-05-29,1,False
train,Q_c486e4daef25d7c5bb9f,2,1,2015-04-15,2015-04-15,1,False
train,Q_c48819fa394fe17bf01c,2,1,2016-03-09,2016-03-09,1,False
train,Q_c490289cd8cb52216149,2,1,2013-06-26,2013-06-26,1,False
train,Q_c49ad9e48685559520bc,2,1,2013-05-29,2013-05-29,1,False
train,Q_c4a53f13231784705fa3,2,1,2013-01-23,2013-01-23,1,False
train,Q_c4a85670e3979fa8478e,2,1,2015-08-05,2015-08-05,1,False
train,Q_c4af00c2097a92ce12cf,2,1,2013-04-17,2013-04-17,1,False
train,Q_c4c88b2a42f4644e6446,2,1,2016-06-22,2016-06-22,1,False
train,Q_c4d295d39a38fd71f296,2,1,2014-10-01,2014-10-01,1,False
train,Q_c4d5f4fbbd7f1164725b,2,1,2016-02-03,2016-02-03,1,False
train,Q_c4d622770ef97e28d1ba,2,1,2013-08-07,2013-08-07,1,False
train,Q_c4da60598d79f062c9e7,2,1,2015-12-30,2015-12-30,1,False
train,Q_c4e0b02b74907242219c,2,1,2015-12-23,2015-12-23,1,False
train,Q_c4e67fbdcd8f963dd691,2,1,2015-11-25,2015-11-25,1,False
train,Q_c4e9f1355e0fd5179f41,2,1,2015-10-07,2015-10-07,1,False
train,Q_c4eb2c439aa48559f724,2,1,2014-02-12,2014-02-12,1,False
train,Q_c4fc37122bd52c639a51,2,1,2015-03-04,2015-03-04,1,False
train,Q_c4fda9987617fe2dd00f,2,1,2013-05-08,2013-05-08,1,False
train,Q_c51046e3c0eeb005ae1f,2,1,2013-05-22,2013-05-22,1,False
train,Q_c51047a54aeaf43a0656,2,1,2013-09-25,2013-09-25,1,False
train,Q_c513b10b7a4898802bbb,2,1,2015-09-30,2015-09-30,1,False
train,Q_c517186e3dac9c4b0130,2,1,2014-10-01,2014-10-01,1,False
train,Q_c517434efb4c9ce704bf,2,1,2014-04-02,2014-04-02,1,False
train,Q_c51ba6fc139f385d6f8d,2,1,2012-11-07,2012-11-07,1,False
train,Q_c51f220af6663983ab45,2,1,2013-02-13,2013-02-13,1,False
train,Q_c52c8e32bb551385ae32,2,1,2016-03-16,2016-03-16,1,False
train,Q_c531416331224237f5f8,2,1,2012-09-12,2012-09-12,1,False
train,Q_c537dc9ecaa4288449a8,2,1,2013-11-20,2013-11-20,1,False
train,Q_c53aaf120782c93b8562,2,1,2013-04-24,2013-04-24,1,False
train,Q_c55417a31826f0a7f73f,2,1,2015-03-25,2015-03-25,1,False
train,Q_c56243b48b1b47afc35f,2,1,2015-06-24,2015-06-24,1,False
train,Q_c56476fe50b121b07694,2,1,2015-02-25,2015-02-25,1,False
train,Q_c57363e4e614c740ee8b,2,1,2015-08-12,2015-08-12,1,False
train,Q_c573dcad005dda3ec1ce,2,1,2016-03-02,2016-03-02,1,False
train,Q_c5795c51c26ef73d0b5e,2,1,2016-08-10,2016-08-10,1,False
train,Q_c57a1db1df1c6c20cb8b,2,1,2016-01-13,2016-01-13,1,False
train,Q_c59047badbd4f6538f44,2,1,2016-03-23,2016-03-23,1,False
train,Q_c590fdfa5775cd4690a1,2,1,2016-07-06,2016-07-06,1,False
train,Q_c5aded58d3adcc89afbf,2,1,2014-08-27,2014-08-27,1,False
train,Q_c5b5a3b6a22dde2e94e1,2,1,2016-04-13,2016-04-13,1,False
train,Q_c5b9e4ba1e781073b82e,2,1,2013-02-13,2013-02-13,1,False
train,Q_c5bf923ab3dc6af692d2,2,1,2012-11-14,2012-11-14,1,False
train,Q_c5c212afb89979be3e7c,2,1,2012-12-19,2012-12-19,1,False
train,Q_c5c55836fb70d706f0b6,2,1,2013-05-29,2013-05-29,1,False
train,Q_c5c672ff7f30f527f196,2,1,2014-06-25,2014-06-25,1,False
train,Q_c5d964ea505b1e0f840e,2,1,2016-08-10,2016-08-10,1,False
train,Q_c5da83ea6107c9946119,2,1,2015-12-30,2015-12-30,1,False
train,Q_c5dbaa96f039c1caaf1d,2,1,2015-01-14,2015-01-14,1,False
train,Q_c5df69921a9d68a1b038,2,1,2014-05-07,2014-05-07,1,False
train,Q_c5f51b2c3512ba55e7c1,2,1,2016-05-18,2016-05-18,1,False
train,Q_c5fb3281ed79f4eac050,2,1,2016-02-03,2016-02-03,1,False
train,Q_c5fdbfa245ea89d01975,2,1,2014-11-19,2014-11-19,1,False
train,Q_c6042f0e0b74dcc88c89,2,1,2012-10-03,2012-10-03,1,False
train,Q_c612dbd3d52ae8a122b9,2,1,2012-08-08,2012-08-08,1,False
train,Q_c615eb822e0adc513d3b,2,1,2013-11-06,2013-11-06,1,False
train,Q_c617f128f061a8b4f8c5,2,1,2013-08-07,2013-08-07,1,False
train,Q_c6231196ee7b221247d5,2,1,2015-06-24,2015-06-24,1,False
train,Q_c6252c5a2919246db2ee,2,1,2015-01-21,2015-01-21,1,False
train,Q_c626d32545d321a69545,2,1,2015-11-25,2015-11-25,1,False
train,Q_c62968e78b08b30d1431,2,1,2013-05-29,2013-05-29,1,False
train,Q_c62ba49b43f0f4d938d4,2,1,2013-12-04,2013-12-04,1,False
train,Q_c63d255cf698b7c0e84f,2,1,2015-06-03,2015-06-03,1,False
train,Q_c648489ad48a6346b392,2,1,2014-05-07,2014-05-07,1,False
train,Q_c6565cb6ca8e4f425589,2,1,2013-08-07,2013-08-07,1,False
train,Q_c6641c11ec09ab7871fd,2,1,2016-04-27,2016-04-27,1,False
train,Q_c6696e74c21c329d3766,2,1,2015-04-29,2015-04-29,1,False
train,Q_c676de91195e1027373c,2,1,2014-02-12,2014-02-12,1,False
train,Q_c67881e5f4deca1fdc54,2,1,2012-07-04,2012-07-04,1,False
train,Q_c67a9f564e00f29def66,2,1,2015-12-23,2015-12-23,1,False
train,Q_c6897db109f64a3a3708,2,1,2016-02-24,2016-02-24,1,False
train,Q_c68fccb51c6a8455895f,2,1,2013-01-30,2013-01-30,1,False
train,Q_c69b80bae4004eb4589d,2,1,2015-03-25,2015-03-25,1,False
train,Q_c69d23f064d8e16ba6e7,2,1,2016-06-29,2016-06-29,1,False
train,Q_c69d5b6464273842c6c0,2,1,2016-02-24,2016-02-24,1,False
train,Q_c6ab5d2a0ff8ffbe84c9,2,1,2015-06-17,2015-06-17,1,False
train,Q_c6b69a5d9846b79d6fa0,2,1,2016-02-10,2016-02-10,1,False
train,Q_c6be2f83e9f4ea913b96,2,1,2014-10-01,2014-10-01,1,False
train,Q_c6c11ce9c49b28e7b136,2,1,2016-01-13,2016-01-13,1,False
train,Q_c6c1de8629723c0e7964,2,1,2014-12-17,2014-12-17,1,False
train,Q_c6c39905ecc28f51e904,2,1,2013-01-02,2013-01-02,1,False
train,Q_c6c582ca0aca8dc39e8b,2,1,2015-09-16,2015-09-16,1,False
train,Q_c6d36fd6c688f01f1539,2,1,2014-05-28,2014-05-28,1,False
train,Q_c6d7926ab8da5817cf14,2,1,2016-08-10,2016-08-10,1,False
train,Q_c6d7aed143b856a1bafc,2,1,2015-09-16,2015-09-16,1,False
train,Q_c6dc22395c3cfc8251ce,2,1,2014-07-09,2014-07-09,1,False
train,Q_c6e64926d497892bead1,2,1,2014-10-29,2014-10-29,1,False
train,Q_c6e6cd7594d1fa33b6d5,2,1,2013-09-04,2013-09-04,1,False
train,Q_c6fba005334339c9c5ca,4,1,2013-03-27,2013-03-27,2,False
train,Q_c70dfbd4238b049205b8,2,1,2013-02-06,2013-02-06,1,False
train,Q_c7147972f1d53359214a,2,1,2012-09-05,2012-09-05,1,False
train,Q_c721962c5ae0470288ca,2,1,2016-02-10,2016-02-10,1,False
train,Q_c729f4d37fb97ff64cb3,2,1,2015-02-25,2015-02-25,1,False
train,Q_c72e52c9685c8b198643,2,1,2013-06-05,2013-06-05,1,False
train,Q_c736d3eb500ada20b7b7,2,1,2015-03-11,2015-03-11,1,False
train,Q_c73a513d21fb87130f06,2,1,2013-10-30,2013-10-30,1,False
train,Q_c73cbbf96e3eed71d22f,2,1,2012-12-05,2012-12-05,1,False
train,Q_c74553621f5e14a50091,2,1,2016-05-18,2016-05-18,1,False
train,Q_c7510a4eca8fd396fb87,2,1,2013-06-26,2013-06-26,1,False
train,Q_c75114f46a24a2e46e99,2,1,2015-06-24,2015-06-24,1,False
train,Q_c769fdc94f5b0c93690c,2,1,2013-12-04,2013-12-04,1,False
train,Q_c76b23b0087d5ada7e67,2,1,2013-10-02,2013-10-02,1,False
train,Q_c76f58deb2318e459135,2,1,2014-02-05,2014-02-05,1,False
train,Q_c76ffbf7868d0e2f4600,2,1,2015-03-25,2015-03-25,1,False
train,Q_c771b1d9281efe4153b5,2,1,2015-03-04,2015-03-04,1,False
train,Q_c7771eb79204a6ea743c,2,1,2015-02-25,2015-02-25,1,False
train,Q_c7778cd5cd2876073009,2,1,2013-08-07,2013-08-07,1,False
train,Q_c77f0dc29828936b1205,2,1,2013-06-26,2013-06-26,1,False
train,Q_c77fa31e2bb3166c2a42,2,1,2014-06-18,2014-06-18,1,False
train,Q_c790217838ad6934c17b,2,1,2013-05-08,2013-05-08,1,False
train,Q_c790a91132cdcc278026,2,1,2014-11-12,2014-11-12,1,False
train,Q_c790c288b370b1e72bbf,2,1,2016-02-03,2016-02-03,1,False
train,Q_c794e4eeae49bf08d4da,2,1,2016-08-03,2016-08-03,1,False
train,Q_c7980a51e6c281579624,2,1,2013-01-23,2013-01-23,1,False
train,Q_c7a4de5e7f5f7c382ba1,2,1,2012-11-21,2012-11-21,1,False
train,Q_c7a791e2cde09c69cae8,2,1,2013-12-18,2013-12-18,1,False
train,Q_c7a912464cf11c3edd5c,2,1,2014-10-15,2014-10-15,1,False
train,Q_c7b11e1554cac6a1692d,2,1,2014-04-09,2014-04-09,1,False
train,Q_c7b62371f5e5a4b9512f,2,1,2012-08-01,2012-08-01,1,False
train,Q_c7bce93f516575f6d7ae,2,1,2014-04-30,2014-04-30,1,False
train,Q_c7ce5ab991214e42b00f,2,1,2012-12-19,2012-12-19,1,False
train,Q_c7da4a8ddda822bdf712,2,1,2016-04-27,2016-04-27,1,False
train,Q_c7e795f5ab7dfe0c1032,2,1,2015-03-04,2015-03-04,1,False
train,Q_c7edf429595312f99c10,2,1,2014-06-25,2014-06-25,1,False
train,Q_c802e927acbd23f9be43,2,1,2014-07-02,2014-07-02,1,False
train,Q_c8088afc9fac4f4bb0b3,2,1,2012-10-17,2012-10-17,1,False
train,Q_c80e902b5932f7285765,2,1,2014-04-23,2014-04-23,1,False
train,Q_c80f9b08aa7db736443b,2,1,2014-06-25,2014-06-25,1,False
train,Q_c811e4c93a413aa0e3ad,2,1,2012-07-04,2012-07-04,1,False
train,Q_c814f015a122c5685c26,2,1,2013-04-24,2013-04-24,1,False
train,Q_c82225ae11d2a32d67cd,2,1,2016-03-23,2016-03-23,1,False
train,Q_c829df3ec45dc0cefe64,2,1,2015-03-25,2015-03-25,1,False
train,Q_c82b8c390840fd6e16fa,2,1,2015-12-30,2015-12-30,1,False
train,Q_c8323e54a41145a27d9f,2,1,2015-09-30,2015-09-30,1,False
train,Q_c8366f7ef89cec1154be,2,1,2012-10-03,2012-10-03,1,False
train,Q_c837b2d9d4f8bae0ba69,2,1,2016-02-24,2016-02-24,1,False
train,Q_c83a18aa963d69463d0f,2,1,2012-08-08,2012-08-08,1,False
train,Q_c83c178b47eb56f2c6fc,2,1,2015-08-05,2015-08-05,1,False
train,Q_c83cb67cad7911337bdd,2,1,2016-01-27,2016-01-27,1,False
train,Q_c842bea9ccfa3fb07768,2,1,2014-04-02,2014-04-02,1,False
train,Q_c842f4814fb0c9fc2543,2,1,2015-02-18,2015-02-18,1,False
train,Q_c84a621d7e3c0a18c64c,2,1,2013-05-29,2013-05-29,1,False
train,Q_c84ce682e3c58f2c0c9e,2,1,2013-11-06,2013-11-06,1,False
train,Q_c857c24fee5e8e36d6aa,2,1,2013-06-19,2013-06-19,1,False
train,Q_c859a54ff52af54573cd,2,1,2015-07-01,2015-07-01,1,False
train,Q_c85f3efa95440d8a01be,2,1,2014-09-24,2014-09-24,1,False
train,Q_c8624e317e65f7cda013,2,1,2014-10-15,2014-10-15,1,False
train,Q_c863bbc4dc217486cb48,2,1,2016-03-16,2016-03-16,1,False
train,Q_c868622ccf69c7793915,2,1,2016-08-17,2016-08-17,1,False
train,Q_c87087603e25a64d25b1,2,1,2015-10-14,2015-10-14,1,False
train,Q_c875eecd72b02b372a08,2,1,2013-12-04,2013-12-04,1,False
train,Q_c881a92e3fc32838e114,2,1,2014-04-23,2014-04-23,1,False
train,Q_c8875d9e6bdea3ff0383,2,1,2012-07-11,2012-07-11,1,False
train,Q_c88937d0ffb399467e5a,2,1,2012-08-08,2012-08-08,1,False
train,Q_c889edf6a22a4bb4ad25,2,1,2016-03-23,2016-03-23,1,False
train,Q_c88b043738fc71940e5f,2,1,2016-06-01,2016-06-01,1,False
train,Q_c89cf201d84f752b7bdd,2,1,2015-07-29,2015-07-29,1,False
train,Q_c8a73fc0cdecdb51cb87,2,1,2013-09-18,2013-09-18,1,False
train,Q_c8a91412f2c704a4b597,2,1,2015-04-01,2015-04-01,1,False
train,Q_c8bf2d03ba1f997dbafc,2,1,2013-11-20,2013-11-20,1,False
train,Q_c8c6d141a5ea68108535,2,1,2014-12-24,2014-12-24,1,False
train,Q_c8cb36df62dc940511d4,2,1,2014-03-26,2014-03-26,1,False
train,Q_c8ddc5e21a5ac7aee2b2,2,1,2015-10-21,2015-10-21,1,False
train,Q_c8ebe2f878f97d63313b,2,1,2015-11-04,2015-11-04,1,False
train,Q_c8ed23c3917dc7b032fd,2,1,2015-04-29,2015-04-29,1,False
train,Q_c8f3d40038893923d69e,2,1,2014-05-21,2014-05-21,1,False
train,Q_c8f9aa44081e8504bba8,2,1,2016-05-04,2016-05-04,1,False
train,Q_c902763648b6d60a084b,2,1,2014-06-18,2014-06-18,1,False
train,Q_c9041aaa2b86fc201756,2,1,2014-02-12,2014-02-12,1,False
train,Q_c9151702a32ffc030b10,2,1,2013-07-10,2013-07-10,1,False
train,Q_c9182845b12f58a4bda9,2,1,2016-02-10,2016-02-10,1,False
train,Q_c91cb3ab2e77d02c6198,2,1,2013-12-11,2013-12-11,1,False
train,Q_c922d304c5c72648a2aa,2,1,2016-02-17,2016-02-17,1,False
train,Q_c92491ea3bac1428add8,2,1,2016-01-20,2016-01-20,1,False
train,Q_c927aedb19831bf96b82,2,1,2014-06-25,2014-06-25,1,False
train,Q_c9350b2558ee8f24d4b8,2,1,2013-10-30,2013-10-30,1,False
train,Q_c93c5b16f6b0434c7778,2,1,2013-02-27,2013-02-27,1,False
train,Q_c93c64bfdf1fe86ed784,2,1,2016-06-22,2016-06-22,1,False
train,Q_c93e0033dbd6a6acd92d,2,1,2014-10-15,2014-10-15,1,False
train,Q_c94913677112d3d323df,2,1,2016-03-16,2016-03-16,1,False
train,Q_c94a103d46584afdfa1d,2,1,2016-01-13,2016-01-13,1,False
train,Q_c9522c9c154011a2c12a,2,1,2012-11-28,2012-11-28,1,False
train,Q_c9552b99f7434c349ae0,2,1,2015-10-14,2015-10-14,1,False
train,Q_c9635f0bd390503260fb,2,1,2016-03-09,2016-03-09,1,False
train,Q_c9690033a533315f12d1,2,1,2013-12-25,2013-12-25,1,False
train,Q_c96d7a5339b33800f59b,2,1,2013-09-04,2013-09-04,1,False
train,Q_c97de839da833bb759c6,2,1,2015-06-17,2015-06-17,1,False
train,Q_c980253ff4f444febd99,2,1,2015-08-05,2015-08-05,1,False
train,Q_c980dfd4269e107b3818,2,1,2013-07-17,2013-07-17,1,False
train,Q_c98b83a9a1f25c04ff6e,2,1,2015-07-15,2015-07-15,1,False
train,Q_c98baf380180a0325dff,2,1,2014-07-09,2014-07-09,1,False
train,Q_c98c74351093c607fe6d,2,1,2015-06-17,2015-06-17,1,False
train,Q_c9ac5bea26b1f0ae0567,2,1,2016-02-24,2016-02-24,1,False
train,Q_c9af2fade1bcd1c5cf95,2,1,2014-01-29,2014-01-29,1,False
train,Q_c9b50b4c6eecea6e53af,2,1,2014-10-15,2014-10-15,1,False
train,Q_c9b88b2ce7d36d94eab5,2,1,2015-03-04,2015-03-04,1,False
train,Q_c9bc4d8fc32cd01bd0f6,2,1,2012-07-11,2012-07-11,1,False
train,Q_c9caa564a1dbab2d4ef7,2,1,2015-02-11,2015-02-11,1,False
train,Q_c9d45eca88aa3d872bf0,2,1,2013-02-06,2013-02-06,1,False
train,Q_c9d5fe28bb2664e4e5bf,2,1,2016-04-20,2016-04-20,1,False
train,Q_c9f26bccdfd46562bd43,2,1,2014-07-09,2014-07-09,1,False
train,Q_c9f8593bd4e335b24fef,2,1,2012-11-28,2012-11-28,1,False
train,Q_c9f9815c2e64c45b1923,2,1,2013-10-02,2013-10-02,1,False
train,Q_ca035559d37046d0844e,2,1,2014-12-17,2014-12-17,1,False
train,Q_ca0c0477f194114d7f04,2,1,2015-07-29,2015-07-29,1,False
train,Q_ca0efa6d0a58e68c88a3,2,1,2014-01-01,2014-01-01,1,False
train,Q_ca2058a0d6c0bf81d0cc,2,1,2015-09-16,2015-09-16,1,False
train,Q_ca216f703d00a328b4cb,2,1,2012-09-26,2012-09-26,1,False
train,Q_ca21bc53de33d79e68c8,2,1,2013-07-10,2013-07-10,1,False
train,Q_ca316be1c3fbed98dedf,2,1,2014-10-22,2014-10-22,1,False
train,Q_ca3b3741b50d9708a503,2,1,2014-11-05,2014-11-05,1,False
train,Q_ca49bad9ee867a7ccf12,2,1,2014-05-28,2014-05-28,1,False
train,Q_ca4c05c759e7c458e097,2,1,2015-08-05,2015-08-05,1,False
train,Q_ca4c97e168f912769a27,2,1,2014-12-31,2014-12-31,1,False
train,Q_ca4d6806ec69a2f9c4d1,2,1,2015-12-16,2015-12-16,1,False
train,Q_ca4ee428f058aaf35d56,2,1,2016-07-27,2016-07-27,1,False
train,Q_ca4f5e790f80fb4efa9b,2,1,2016-06-01,2016-06-01,1,False
train,Q_ca50cc5f3772fc4f1890,2,1,2014-07-09,2014-07-09,1,False
train,Q_ca542da00d96a962db83,2,1,2016-02-10,2016-02-10,1,False
train,Q_ca563cc780417f5542f8,2,1,2015-09-23,2015-09-23,1,False
train,Q_ca574d52640f64209213,2,1,2012-10-24,2012-10-24,1,False
train,Q_ca605049179c914768ba,2,1,2012-09-12,2012-09-12,1,False
train,Q_ca66f865a5dd11ea7e05,2,1,2014-12-17,2014-12-17,1,False
train,Q_ca74c84da9b81fafb1b7,2,1,2014-10-29,2014-10-29,1,False
train,Q_ca7dc43186b25feaff92,2,1,2014-10-15,2014-10-15,1,False
train,Q_ca7f99e9cc654f71efeb,2,1,2016-06-22,2016-06-22,1,False
train,Q_ca7f9fda7aac0b6b989f,2,1,2014-08-06,2014-08-06,1,False
train,Q_ca8513b0ba3bbd0058da,2,1,2016-04-20,2016-04-20,1,False
train,Q_ca88ae2ee78c911515d0,2,1,2015-07-15,2015-07-15,1,False
train,Q_ca8a2ea0529c5ff274bb,2,1,2014-08-27,2014-08-27,1,False
train,Q_ca9102da2e0be47514ad,2,1,2012-08-08,2012-08-08,1,False
train,Q_ca93c92b36f595e1e59a,2,1,2013-09-25,2013-09-25,1,False
train,Q_ca960f9dae6773a5900c,2,1,2014-07-23,2014-07-23,1,False
train,Q_ca9a0ce76cf8c1191054,2,1,2015-04-22,2015-04-22,1,False
train,Q_cab1ddd2c495be5056f7,2,1,2012-07-25,2012-07-25,1,False
train,Q_cab25f9ef667568b8983,2,1,2012-08-15,2012-08-15,1,False
train,Q_cab299cdff13e8d0adf0,2,1,2015-12-02,2015-12-02,1,False
train,Q_cab578d5b773e026fa2f,2,1,2016-02-10,2016-02-10,1,False
train,Q_cab5fa05132cf419ad02,2,1,2016-03-16,2016-03-16,1,False
train,Q_cabeba9fe239f1af0c9f,2,1,2014-07-09,2014-07-09,1,False
train,Q_cac8bde15716a1533e6c,2,1,2015-09-16,2015-09-16,1,False
train,Q_caccd256357a4ea6c9e6,2,1,2013-04-10,2013-04-10,1,False
train,Q_cacf757ac8557beb5ac1,2,1,2015-06-17,2015-06-17,1,False
train,Q_cad15de9002ea5327abb,2,1,2012-12-19,2012-12-19,1,False
train,Q_cad41355c9eeb4baafdc,2,1,2012-08-01,2012-08-01,1,False
train,Q_cad52e86eba9059f385d,2,1,2016-05-11,2016-05-11,1,False
train,Q_cadaf6196718c5850857,2,1,2013-12-04,2013-12-04,1,False
train,Q_cae965782f8c18762a03,2,1,2014-05-07,2014-05-07,1,False
train,Q_caf3b844dfd57cff86d6,2,1,2014-11-19,2014-11-19,1,False
train,Q_cafbc70dfd9dcb6b00f8,2,1,2014-08-13,2014-08-13,1,False
train,Q_cb044e7a1608ee6aa5a9,2,1,2015-08-19,2015-08-19,1,False
train,Q_cb097d86e1b53ea9b279,2,1,2012-09-19,2012-09-19,1,False
train,Q_cb16617069f6259c2ba1,2,1,2015-11-25,2015-11-25,1,False
train,Q_cb17ce3e98f362065fb9,2,1,2012-09-19,2012-09-19,1,False
train,Q_cb18568da60130a2fe1e,2,1,2013-03-20,2013-03-20,1,False
train,Q_cb195f9953b0ef6b2813,2,1,2016-09-14,2016-09-14,1,False
train,Q_cb2b694e33904d18bc37,2,1,2016-03-23,2016-03-23,1,False
train,Q_cb2da71f68caf444bc12,2,1,2013-06-26,2013-06-26,1,False
train,Q_cb4402d9a4c25d5974a8,2,1,2015-05-13,2015-05-13,1,False
train,Q_cb5704f574690c646bc6,2,1,2013-11-13,2013-11-13,1,False
train,Q_cb62ed83c780e3519669,2,1,2014-12-31,2014-12-31,1,False
train,Q_cb6b68b57d5b4a1904ed,2,1,2015-12-09,2015-12-09,1,False
train,Q_cb76b081fb81c7af7959,2,1,2016-08-24,2016-08-24,1,False
train,Q_cb7bcc902b05ae43ae05,2,1,2012-08-01,2012-08-01,1,False
train,Q_cb7f325301c643a55d8a,2,1,2016-05-25,2016-05-25,1,False
train,Q_cb89e1af042d3ed3d9f6,2,1,2013-06-26,2013-06-26,1,False
train,Q_cb8b5fb80a2f393ba6f1,2,1,2013-03-13,2013-03-13,1,False
train,Q_cb8bead31b6496fe6eb5,2,1,2013-12-11,2013-12-11,1,False
train,Q_cb99237f7b1af6a3379f,2,1,2014-09-17,2014-09-17,1,False
train,Q_cb9f9ae1ede9c5e90d21,2,1,2016-06-15,2016-06-15,1,False
train,Q_cba65bfde907eadc3f26,2,1,2014-01-15,2014-01-15,1,False
train,Q_cba72c9d0a05339ff260,2,1,2012-08-22,2012-08-22,1,False
train,Q_cbab6b1e82b2bf6cef6b,2,1,2015-11-25,2015-11-25,1,False
train,Q_cbba9b38c7dfb8561c85,2,1,2016-01-27,2016-01-27,1,False
train,Q_cbcc4ef055a4176ed3de,2,1,2015-03-18,2015-03-18,1,False
train,Q_cbd15e2ba66f070e1fd5,2,1,2014-11-19,2014-11-19,1,False
train,Q_cbe104e5f9d3aa938ed7,2,1,2014-05-21,2014-05-21,1,False
train,Q_cbe94b69df64a39f8f2a,2,1,2014-12-31,2014-12-31,1,False
train,Q_cbf591c0e9cfc9a3f1b2,2,1,2014-05-07,2014-05-07,1,False
train,Q_cbf9a11d61378642171c,2,1,2013-05-01,2013-05-01,1,False
train,Q_cbfcd7a0f49f12d188ad,2,1,2015-03-04,2015-03-04,1,False
train,Q_cc104cf953735d3a3643,2,1,2015-11-04,2015-11-04,1,False
train,Q_cc12d5ce278540c9dc93,2,1,2013-06-26,2013-06-26,1,False
train,Q_cc16933fd2ec4353cd6a,2,1,2014-12-24,2014-12-24,1,False
train,Q_cc1d89c55007badd3e3e,2,1,2015-01-21,2015-01-21,1,False
train,Q_cc1dd8cb5d6fead8bd0c,2,1,2016-09-07,2016-09-07,1,False
train,Q_cc1f6d9373ca0ecce5ff,2,1,2016-01-06,2016-01-06,1,False
train,Q_cc4cf67bdd121fdf0896,2,1,2016-01-13,2016-01-13,1,False
train,Q_cc514b047278a65c197b,2,1,2014-05-14,2014-05-14,1,False
train,Q_cc6345c841094eb898d3,2,1,2016-06-29,2016-06-29,1,False
train,Q_cc778e4bf0e5524d8605,1,1,2012-11-28,2012-11-28,1,False
train,Q_cc7c123cd72590cfba08,2,1,2015-09-09,2015-09-09,1,False
train,Q_cc7e24db919b894825d0,2,1,2016-04-06,2016-04-06,1,False
train,Q_cc856dff5831be220d01,2,1,2015-06-24,2015-06-24,1,False
train,Q_cc94cc5f22b7079700f0,2,1,2013-01-30,2013-01-30,1,False
train,Q_cc97424813c9411d7104,2,1,2014-10-29,2014-10-29,1,False
train,Q_cc9b259ecc668ac6ed03,2,1,2015-12-09,2015-12-09,1,False
train,Q_cc9fe30750f5d9a067af,2,1,2014-02-12,2014-02-12,1,False
train,Q_cca2efa31f1a06ca976c,2,1,2014-10-08,2014-10-08,1,False
train,Q_ccad0d7098f9d181d826,2,1,2014-06-25,2014-06-25,1,False
train,Q_ccc13848634b0d56c229,2,1,2016-04-06,2016-04-06,1,False
train,Q_cccad4d95deda901bd8a,2,1,2014-02-05,2014-02-05,1,False
train,Q_ccd02f25de9c757d5a17,2,1,2014-06-11,2014-06-11,1,False
train,Q_ccdaaecb207f8968b5a4,2,1,2013-04-24,2013-04-24,1,False
train,Q_ccdee69ab0128879cd22,2,1,2014-10-15,2014-10-15,1,False
train,Q_ccdfb8aff4dbb6c8d368,2,1,2013-10-30,2013-10-30,1,False
train,Q_cce54d5c656147098c9b,2,1,2015-12-16,2015-12-16,1,False
train,Q_ccf813f1ca73e860e3fc,2,1,2015-01-21,2015-01-21,1,False
train,Q_cd0565e8f0e75a8cb5d7,2,1,2015-10-14,2015-10-14,1,False
train,Q_cd05c14d5103c5fc3201,2,1,2016-03-23,2016-03-23,1,False
train,Q_cd05e73e59313a8350b9,2,1,2015-07-29,2015-07-29,1,False
train,Q_cd0b3bb031914c8750ed,2,1,2014-06-25,2014-06-25,1,False
train,Q_cd1b0bc9f1e38736c3df,2,1,2015-07-15,2015-07-15,1,False
train,Q_cd1d93b26f152edf5d26,2,1,2013-08-21,2013-08-21,1,False
train,Q_cd21b40753df25c5cc27,2,1,2015-02-04,2015-02-04,1,False
train,Q_cd24d68a05072ee1a663,2,1,2016-05-18,2016-05-18,1,False
train,Q_cd38e7baf45684344389,2,1,2014-09-10,2014-09-10,1,False
train,Q_cd3d3ce3da7a7cc9129d,2,1,2014-10-15,2014-10-15,1,False
train,Q_cd4cdc7cd1102601dc0e,2,1,2015-02-25,2015-02-25,1,False
train,Q_cd57c32958b302ab87a2,2,1,2014-10-29,2014-10-29,1,False
train,Q_cd59c0f3a15e68c57b0d,2,1,2013-10-23,2013-10-23,1,False
train,Q_cd5f07100f74a427852f,2,1,2013-11-27,2013-11-27,1,False
train,Q_cd7419cc058decebf5d8,2,1,2013-05-08,2013-05-08,1,False
train,Q_cd7976878d03c9098b33,2,1,2014-04-23,2014-04-23,1,False
train,Q_cd7c661a754f8988b149,2,1,2013-10-02,2013-10-02,1,False
train,Q_cd8c96ab7576df62e79f,2,1,2015-04-29,2015-04-29,1,False
train,Q_cda01f4812874bd3e02d,2,1,2015-03-18,2015-03-18,1,False
train,Q_cdaf130aafed716fe594,2,1,2015-02-11,2015-02-11,1,False
train,Q_cdd63659193b22888344,4,2,2013-06-05,2014-04-16,2,True
train,Q_cdda6f3687c3bb4afa27,2,1,2015-03-04,2015-03-04,1,False
train,Q_cdea39881cf48f385622,2,1,2016-01-27,2016-01-27,1,False
train,Q_cdeb87bfa6110631a9ea,2,1,2016-06-22,2016-06-22,1,False
train,Q_cdeba1e126389ff4817f,2,1,2016-05-11,2016-05-11,1,False
train,Q_cdf2ea0e44657ccc60ce,2,1,2015-10-28,2015-10-28,1,False
train,Q_cdfad5559920ee59a9b8,2,1,2013-01-16,2013-01-16,1,False
train,Q_ce01d261d35bb7545c5e,2,1,2016-01-27,2016-01-27,1,False
train,Q_ce0d89d530da59887885,2,1,2013-10-02,2013-10-02,1,False
train,Q_ce144b38191c95541ed1,2,1,2015-10-14,2015-10-14,1,False
train,Q_ce14c06b2e9a3e57c6f8,2,1,2013-06-26,2013-06-26,1,False
train,Q_ce1c4c94876a26794705,2,1,2014-10-01,2014-10-01,1,False
train,Q_ce23bf7042ae23d7f448,2,1,2013-09-18,2013-09-18,1,False
train,Q_ce27f38cf61862808c5d,2,1,2015-12-23,2015-12-23,1,False
train,Q_ce28ca67123549ae9ee5,2,1,2015-03-18,2015-03-18,1,False
train,Q_ce34add67aed48ac42cc,2,1,2014-01-15,2014-01-15,1,False
train,Q_ce3cbd93406b9ff6c6dc,2,1,2014-08-20,2014-08-20,1,False
train,Q_ce479f58f5de3d661d16,2,1,2015-10-28,2015-10-28,1,False
train,Q_ce4b080bc5be74217432,2,1,2015-10-14,2015-10-14,1,False
train,Q_ce4d4640cb662566e93a,2,1,2015-01-21,2015-01-21,1,False
train,Q_ce595312d0d0166e0b87,2,1,2014-10-01,2014-10-01,1,False
train,Q_ce64479520a22886e410,2,1,2015-07-08,2015-07-08,1,False
train,Q_ce6cb66066ce6e1632ba,2,1,2013-05-29,2013-05-29,1,False
train,Q_ce78ef94f26dccf78e4c,2,1,2014-10-01,2014-10-01,1,False
train,Q_ce84110f8c49b90db6a2,2,1,2016-04-27,2016-04-27,1,False
train,Q_cea081dc45b8bb8c1db5,2,1,2013-06-19,2013-06-19,1,False
train,Q_cea17329be32d5faef09,2,1,2016-02-03,2016-02-03,1,False
train,Q_ceaa47fea5ea7de8f679,2,1,2013-07-17,2013-07-17,1,False
train,Q_ceae5624c53a75731a93,2,1,2014-12-31,2014-12-31,1,False
train,Q_ceb85d79acc0481186b7,2,1,2016-04-20,2016-04-20,1,False
train,Q_cebe5a4e268f93365009,2,1,2015-04-08,2015-04-08,1,False
train,Q_cec2a6724adbf65df535,2,1,2014-11-26,2014-11-26,1,False
train,Q_cecf0d016576bf072c09,2,1,2013-06-26,2013-06-26,1,False
train,Q_cedc80137cfdbf069d97,2,1,2016-01-27,2016-01-27,1,False
train,Q_cee02c1514a9560a31bc,2,1,2014-04-09,2014-04-09,1,False
train,Q_cee1dca1a4b971ed0891,2,1,2015-11-18,2015-11-18,1,False
train,Q_cee1eb29c59b37e9a1dc,2,1,2015-08-26,2015-08-26,1,False
train,Q_cee9a0cddec8fac281a1,2,1,2013-06-12,2013-06-12,1,False
train,Q_ceecf568d922c3971635,2,1,2014-05-21,2014-05-21,1,False
train,Q_cef1754e7601860b9573,2,1,2012-10-03,2012-10-03,1,False
train,Q_cefe690ff07dd9b9097a,2,1,2016-08-10,2016-08-10,1,False
train,Q_cf0c4dffa75d721103d4,2,1,2013-10-02,2013-10-02,1,False
train,Q_cf16356946b37418c6dc,2,1,2016-02-24,2016-02-24,1,False
train,Q_cf1b23f1712f8d8d1c93,2,1,2014-12-24,2014-12-24,1,False
train,Q_cf2b91e5b764ce9ddf84,2,1,2015-12-30,2015-12-30,1,False
train,Q_cf3a72e1ee1f3bcff0cf,2,1,2012-09-26,2012-09-26,1,False
train,Q_cf404f0f0603a3ddef66,2,1,2016-02-10,2016-02-10,1,False
train,Q_cf470856a324d7776960,2,1,2013-09-18,2013-09-18,1,False
train,Q_cf4e8dcba3a6e747d589,2,1,2014-10-29,2014-10-29,1,False
train,Q_cf57e9fc5a0335c16597,2,1,2013-11-06,2013-11-06,1,False
train,Q_cf61e6a56984f0dd64fa,2,1,2013-04-10,2013-04-10,1,False
train,Q_cf671038f2055c01e237,2,1,2014-11-05,2014-11-05,1,False
train,Q_cf7332bc0150ac5b1619,2,1,2015-09-02,2015-09-02,1,False
train,Q_cf798e00695ef1649ed4,2,1,2015-12-02,2015-12-02,1,False
train,Q_cf82614c4b12adc8a190,2,1,2014-08-20,2014-08-20,1,False
train,Q_cf8d1359e3731d9e16e2,2,1,2015-09-16,2015-09-16,1,False
train,Q_cf8f6bbb97f1a9cacadb,2,1,2016-06-01,2016-06-01,1,False
train,Q_cf9118f57800a21b23b5,2,1,2015-04-29,2015-04-29,1,False
train,Q_cf97bd214f168a862b98,2,1,2016-04-06,2016-04-06,1,False
train,Q_cf9a842ddf0b931fb294,2,1,2015-09-02,2015-09-02,1,False
train,Q_cf9cc2de9c4ca2904831,2,1,2013-03-20,2013-03-20,1,False
train,Q_cfa8d37a13ffb8cc3262,2,1,2015-04-15,2015-04-15,1,False
train,Q_cfb536dd410bc8ec069e,2,1,2014-06-18,2014-06-18,1,False
train,Q_cfbca85eea684c930d92,2,1,2015-05-20,2015-05-20,1,False
train,Q_cfccd71fd1748ce21db1,2,1,2016-06-01,2016-06-01,1,False
train,Q_cfdc1ee7f72024b702d1,2,1,2015-09-16,2015-09-16,1,False
train,Q_cfe6983e52cedaf568ee,2,1,2016-06-01,2016-06-01,1,False
train,Q_cfee512b5e7bfde808d4,2,1,2012-11-21,2012-11-21,1,False
train,Q_cff52cdb686697e01d8c,2,1,2014-08-06,2014-08-06,1,False
train,Q_cffccd73f326bbc2143c,2,1,2013-10-02,2013-10-02,1,False
train,Q_cfffcf9170b38779ef2e,2,1,2015-09-09,2015-09-09,1,False
train,Q_d0038beeedbbd96a3900,2,1,2012-12-19,2012-12-19,1,False
train,Q_d00fa50b92b5d9fab751,2,1,2014-06-04,2014-06-04,1,False
train,Q_d00fe6d95981d8e458ac,2,1,2016-03-23,2016-03-23,1,False
train,Q_d010914f871d5490e01d,2,1,2014-10-15,2014-10-15,1,False
train,Q_d012fdebc2fee186283d,2,1,2015-04-08,2015-04-08,1,False
train,Q_d016f60971cec14486e7,2,1,2013-06-19,2013-06-19,1,False
train,Q_d0194b7ea2ceb7228435,2,1,2014-11-19,2014-11-19,1,False
train,Q_d01ed3f117c081867a72,2,1,2016-04-20,2016-04-20,1,False
train,Q_d02d09dc87a7242bb41e,2,1,2015-03-25,2015-03-25,1,False
train,Q_d02d45a2e7eb93f36a13,2,1,2015-04-29,2015-04-29,1,False
train,Q_d035be78c80ff38647ad,2,1,2015-08-05,2015-08-05,1,False
train,Q_d0385c9f21ae39e5c9f1,2,1,2014-10-29,2014-10-29,1,False
train,Q_d039df4378573568ee88,2,1,2014-06-25,2014-06-25,1,False
train,Q_d03a73a903ec5828bd55,2,1,2012-10-17,2012-10-17,1,False
train,Q_d04138ae6e88dffb77ab,2,1,2013-06-19,2013-06-19,1,False
train,Q_d0480d7f8b713e0c4f31,2,1,2015-04-22,2015-04-22,1,False
train,Q_d06454e3bd0a8db2f860,2,1,2013-12-25,2013-12-25,1,False
train,Q_d06471b3e3935ea2fb30,2,1,2014-02-12,2014-02-12,1,False
train,Q_d070c63317acd5bd6f4b,2,2,2013-01-02,2016-06-15,2,True
train,Q_d070c6543591831fe766,2,1,2015-01-21,2015-01-21,1,False
train,Q_d078761cb10cddbc6412,2,1,2014-02-05,2014-02-05,1,False
train,Q_d07f6e53ff162a1e2428,2,1,2012-09-19,2012-09-19,1,False
train,Q_d0848df7e324a1d5d0b4,2,1,2015-02-25,2015-02-25,1,False
train,Q_d09543329f4d743a1783,2,1,2016-09-14,2016-09-14,1,False
train,Q_d09a356dbbc6f86d1969,2,1,2015-09-30,2015-09-30,1,False
train,Q_d09a9139ffeba1c8d603,2,1,2013-01-16,2013-01-16,1,False
train,Q_d09bf30b52be7b458d10,2,1,2014-01-15,2014-01-15,1,False
train,Q_d09eb32446cca465f2d8,2,1,2016-05-11,2016-05-11,1,False
train,Q_d0a4b6718c324217ee51,2,1,2012-07-25,2012-07-25,1,False
train,Q_d0ab9531de798a0fda76,2,1,2014-05-28,2014-05-28,1,False
train,Q_d0bd30169d5512c27b21,2,1,2012-09-05,2012-09-05,1,False
train,Q_d0c600d3e4a5857f59eb,2,1,2013-08-07,2013-08-07,1,False
train,Q_d0d93c124ed782bc0810,2,1,2014-01-15,2014-01-15,1,False
train,Q_d0d9951a16f99bfda5ce,2,1,2013-09-18,2013-09-18,1,False
train,Q_d0dab69b0a127e5ea22d,2,1,2013-10-23,2013-10-23,1,False
train,Q_d0f11187fdff6b9b012a,2,1,2013-11-13,2013-11-13,1,False
train,Q_d0f97da329a093111723,2,1,2015-06-24,2015-06-24,1,False
train,Q_d0fdb8647a756f6a0ae7,2,1,2016-05-25,2016-05-25,1,False
train,Q_d10373837b24d525905d,2,1,2013-11-13,2013-11-13,1,False
train,Q_d108dc028fb677331d20,2,1,2014-06-25,2014-06-25,1,False
train,Q_d10a5fcea8ed96413a86,2,1,2013-09-25,2013-09-25,1,False
train,Q_d10e12c6690657093c01,2,1,2014-05-07,2014-05-07,1,False
train,Q_d1223af7ec86bb2b21b7,2,1,2013-03-20,2013-03-20,1,False
train,Q_d12e98544f58f75a0acb,1,1,2012-11-28,2012-11-28,1,False
train,Q_d14180eb328785d11c29,2,1,2013-04-24,2013-04-24,1,False
train,Q_d15fe942f6345518ebc7,2,1,2016-05-04,2016-05-04,1,False
train,Q_d171fe206fe6c1ebb2fc,2,1,2014-06-25,2014-06-25,1,False
train,Q_d17e17096076b4f2c6ee,2,1,2016-05-18,2016-05-18,1,False
train,Q_d18a189d092002dad0aa,2,1,2014-06-25,2014-06-25,1,False
train,Q_d1917d81f10f215c656e,2,1,2016-06-22,2016-06-22,1,False
train,Q_d192ba5a338fc9a390da,2,1,2015-04-22,2015-04-22,1,False
train,Q_d195fe2aef0fbea51f80,2,1,2015-03-04,2015-03-04,1,False
train,Q_d1a25cdf4eae752ab6eb,2,1,2012-08-22,2012-08-22,1,False
train,Q_d1a2ec6e97de4ba7ab04,2,1,2016-02-10,2016-02-10,1,False
train,Q_d1a413f5dc9f1120b194,2,1,2014-10-22,2014-10-22,1,False
train,Q_d1a6b91edecc834496d8,2,1,2015-04-29,2015-04-29,1,False
train,Q_d1b20a6bf0db564040f9,2,1,2015-12-02,2015-12-02,1,False
train,Q_d1b6bfb284cf6e67ba31,2,1,2015-02-11,2015-02-11,1,False
train,Q_d1bc3d778dd5aef548ad,2,1,2015-09-16,2015-09-16,1,False
train,Q_d1c9dd9cbe635c6576aa,2,1,2016-05-18,2016-05-18,1,False
train,Q_d1ca3110b97113b0f093,2,1,2015-01-07,2015-01-07,1,False
train,Q_d1dc55ba8acc799ebea2,2,1,2015-03-18,2015-03-18,1,False
train,Q_d1de01f86682e8b30c54,2,1,2013-01-30,2013-01-30,1,False
train,Q_d1e76895cbdb569d7f81,2,1,2015-06-24,2015-06-24,1,False
train,Q_d1f80a8ca819d7dbfd09,2,1,2013-08-28,2013-08-28,1,False
train,Q_d1ffa69c689580bce6ab,2,1,2015-01-14,2015-01-14,1,False
train,Q_d209aa5eaf08f0671c3f,2,1,2016-02-03,2016-02-03,1,False
train,Q_d21c584ee06f8edcedb0,2,1,2015-03-04,2015-03-04,1,False
train,Q_d2389304837533dd18b9,2,1,2016-06-29,2016-06-29,1,False
train,Q_d240de15213f52a13cd7,2,1,2016-01-27,2016-01-27,1,False
train,Q_d246e8c80cc50f4afd5d,2,1,2014-11-19,2014-11-19,1,False
train,Q_d2585ef14d07101ed1ed,2,1,2016-06-01,2016-06-01,1,False
train,Q_d258c8bb4fe50f056032,2,1,2013-10-02,2013-10-02,1,False
train,Q_d260e54efcffcbdce2b5,2,1,2014-09-17,2014-09-17,1,False
train,Q_d278dd878e66874259d2,2,1,2013-09-11,2013-09-11,1,False
train,Q_d27ac74ad753c2ac5df4,2,1,2014-01-01,2014-01-01,1,False
train,Q_d28b9a5b53d4b3265d73,2,1,2013-07-31,2013-07-31,1,False
train,Q_d28bcd58bb06ed28a095,2,1,2015-12-09,2015-12-09,1,False
train,Q_d28cd9e8f1f73c2a288b,2,1,2013-10-02,2013-10-02,1,False
train,Q_d2939d8a3fed873da02c,2,1,2012-11-21,2012-11-21,1,False
train,Q_d29afeb0cafe13a80ceb,2,1,2016-04-13,2016-04-13,1,False
train,Q_d2a14325ed77e8fa9a58,2,1,2014-06-04,2014-06-04,1,False
train,Q_d2ae47b5913c7154f769,2,1,2016-09-21,2016-09-21,1,False
train,Q_d2b4af1ae610e769e0cc,2,1,2014-07-30,2014-07-30,1,False
train,Q_d2bcd479d3752c8818af,2,1,2015-06-10,2015-06-10,1,False
train,Q_d2c51023e41eb553bc90,2,1,2013-12-11,2013-12-11,1,False
train,Q_d2dbb8232a1ba4c8bb16,2,1,2016-02-24,2016-02-24,1,False
train,Q_d2de51f433abe99cde7f,2,1,2015-12-16,2015-12-16,1,False
train,Q_d30b8018db839d825ee6,2,1,2016-04-06,2016-04-06,1,False
train,Q_d32205f86fa2d6ecc6b3,2,1,2016-04-06,2016-04-06,1,False
train,Q_d328b5e988c7ab3ecb28,2,1,2012-10-03,2012-10-03,1,False
train,Q_d328bc4f94084fd77d7e,2,1,2014-01-15,2014-01-15,1,False
train,Q_d32a952ffdd4371afbb1,2,1,2012-10-03,2012-10-03,1,False
train,Q_d32fd73874ef107128a4,2,1,2012-09-26,2012-09-26,1,False
train,Q_d34a1c3090fad69827e8,2,1,2014-12-17,2014-12-17,1,False
train,Q_d34a561bd51f4a55c403,2,1,2015-10-14,2015-10-14,1,False
train,Q_d34d81725c3ccce86d61,2,1,2015-09-30,2015-09-30,1,False
train,Q_d351837e033febc0b041,2,1,2013-07-10,2013-07-10,1,False
train,Q_d3571f41a19ebc1fb9ec,2,1,2016-05-04,2016-05-04,1,False
train,Q_d35adcc585dc3b774681,2,1,2014-10-29,2014-10-29,1,False
train,Q_d35bf58d4f3616c3d587,2,1,2016-09-14,2016-09-14,1,False
train,Q_d36cd1a939c3dc93033e,2,1,2014-05-21,2014-05-21,1,False
train,Q_d375656b1943595fd811,2,1,2015-09-09,2015-09-09,1,False
train,Q_d377e8b9462e27673c39,2,1,2014-09-24,2014-09-24,1,False
train,Q_d37d3442745fbf83eb0a,2,1,2014-02-12,2014-02-12,1,False
train,Q_d386338a84a9529c7947,2,1,2015-06-24,2015-06-24,1,False
train,Q_d38f96b6a693ba8ff1bd,2,1,2013-10-30,2013-10-30,1,False
train,Q_d39c69653d8c7a3d8e3e,2,1,2016-01-13,2016-01-13,1,False
train,Q_d39d13adb52574c3959c,2,1,2014-10-22,2014-10-22,1,False
train,Q_d3b8a25646a626ab9bc1,2,1,2014-04-09,2014-04-09,1,False
train,Q_d3c0d2942efb583017f9,2,1,2015-08-19,2015-08-19,1,False
train,Q_d3cc91f0155f663c8cb3,2,1,2014-03-12,2014-03-12,1,False
train,Q_d3cebf8ad6ce7d667aa1,2,1,2015-07-15,2015-07-15,1,False
train,Q_d3dad7c1828b45763eef,2,1,2014-10-01,2014-10-01,1,False
train,Q_d3e38ed980f3272bc1d4,2,1,2012-09-05,2012-09-05,1,False
train,Q_d3fac38ce07c3333837d,2,1,2014-12-31,2014-12-31,1,False
train,Q_d40e6011fe8fa59547d4,2,1,2012-11-07,2012-11-07,1,False
train,Q_d41360fb3f1c2135be41,2,1,2016-06-22,2016-06-22,1,False
train,Q_d41410a6f34274fd1245,2,1,2014-09-17,2014-09-17,1,False
train,Q_d41a60effa63eaf8ab2b,2,1,2015-07-29,2015-07-29,1,False
train,Q_d41ac9dc4cde234c3ddd,2,1,2014-04-23,2014-04-23,1,False
train,Q_d41b22d09e08fb4c5f4c,2,1,2014-12-10,2014-12-10,1,False
train,Q_d42774000fe2b644c1b2,2,1,2012-11-28,2012-11-28,1,False
train,Q_d43481115ae0132385ab,2,1,2015-12-02,2015-12-02,1,False
train,Q_d4348e8c42b730ec5d1e,2,1,2014-04-30,2014-04-30,1,False
train,Q_d4413157a05d2e748977,2,1,2015-10-28,2015-10-28,1,False
train,Q_d4484ff6ab38a52a02e5,2,1,2013-01-30,2013-01-30,1,False
train,Q_d44946e320a1e720b9e9,2,1,2015-09-16,2015-09-16,1,False
train,Q_d456809c7f84aaf79136,2,1,2014-12-10,2014-12-10,1,False
train,Q_d457015977da09ccc8a1,2,1,2013-10-30,2013-10-30,1,False
train,Q_d46384ff676264487689,2,1,2012-08-08,2012-08-08,1,False
train,Q_d46590b83c8f82f33afb,2,1,2016-02-24,2016-02-24,1,False
train,Q_d465a0d20a4dd3943f0b,2,1,2016-01-27,2016-01-27,1,False
train,Q_d46a246c1d6267a26b66,2,1,2016-02-10,2016-02-10,1,False
train,Q_d4792e0f090266796eb1,2,1,2016-09-14,2016-09-14,1,False
train,Q_d47a00a89766fdb90d08,2,1,2014-06-18,2014-06-18,1,False
train,Q_d47aa8d0ea7ac88cf465,2,1,2016-05-04,2016-05-04,1,False
train,Q_d4815e9207259c282264,2,1,2016-04-13,2016-04-13,1,False
train,Q_d4835d93fb13f53f317b,2,1,2016-08-10,2016-08-10,1,False
train,Q_d4999cba1361a2b8ce2e,2,1,2015-05-06,2015-05-06,1,False
train,Q_d4a7b194760b020ea83d,2,1,2015-01-14,2015-01-14,1,False
train,Q_d4ace091004fbbe111fd,2,1,2013-01-23,2013-01-23,1,False
train,Q_d4ad8a797bf599a10e3b,2,1,2014-11-26,2014-11-26,1,False
train,Q_d4af33d08cb6ab476816,2,1,2014-05-07,2014-05-07,1,False
train,Q_d4b2d9506c2a614f70f7,2,1,2016-03-23,2016-03-23,1,False
train,Q_d4b650b0884eba4ffe13,2,1,2013-09-25,2013-09-25,1,False
train,Q_d4b7eb2962affb331df0,2,1,2015-11-18,2015-11-18,1,False
train,Q_d4bd16bcce8a9b688578,2,1,2014-09-24,2014-09-24,1,False
train,Q_d4c4bd380fa93c5116b6,2,1,2014-02-05,2014-02-05,1,False
train,Q_d4d891be761eb4f26e4c,2,1,2013-07-10,2013-07-10,1,False
train,Q_d4e0b9b2a5622430216a,2,1,2013-11-27,2013-11-27,1,False
train,Q_d4ea9d628859be261194,2,1,2016-09-21,2016-09-21,1,False
train,Q_d4ef176ad860179826f3,2,1,2014-07-30,2014-07-30,1,False
train,Q_d4f3fbd2fd02327bdcb2,2,1,2014-04-16,2014-04-16,1,False
train,Q_d4f65864d529880e3708,2,1,2015-04-22,2015-04-22,1,False
train,Q_d5084ee8e23868434ffa,2,1,2013-03-20,2013-03-20,1,False
train,Q_d5100b25e8170fd3a19c,2,1,2014-09-17,2014-09-17,1,False
train,Q_d514b06a1831d9eea859,2,1,2014-02-19,2014-02-19,1,False
train,Q_d515f6354732f3c2e689,2,1,2016-04-06,2016-04-06,1,False
train,Q_d5181d98415fce056c1a,2,1,2015-03-25,2015-03-25,1,False
train,Q_d51a8572e51b624a9a7b,2,1,2012-12-19,2012-12-19,1,False
train,Q_d527930b6f1cc58fc9ab,2,1,2014-09-17,2014-09-17,1,False
train,Q_d52fafb4c1386e88fafa,2,1,2013-11-06,2013-11-06,1,False
train,Q_d536ebfc110cad6a08a7,2,1,2013-07-17,2013-07-17,1,False
train,Q_d5396064d7d8f7a0bc0a,2,1,2016-04-06,2016-04-06,1,False
train,Q_d53a5a0372ddd54d0a3d,2,1,2015-01-21,2015-01-21,1,False
train,Q_d54ca833e6cabc95ceaa,2,1,2012-07-04,2012-07-04,1,False
train,Q_d552c2607efe6b6c82c0,2,1,2015-01-21,2015-01-21,1,False
train,Q_d55628ae75871ec2caaa,2,1,2014-06-25,2014-06-25,1,False
train,Q_d565786ce113a8c8ce1d,2,1,2015-12-30,2015-12-30,1,False
train,Q_d568cbb53e7f008b9477,2,1,2013-09-18,2013-09-18,1,False
train,Q_d5805b9ed8b9059e4cf6,2,1,2016-06-01,2016-06-01,1,False
train,Q_d5845eb76045e12d21c9,2,1,2014-04-16,2014-04-16,1,False
train,Q_d5885e79551879bd5597,2,1,2014-11-26,2014-11-26,1,False
train,Q_d593dc7d6fea1fc95763,2,1,2013-10-02,2013-10-02,1,False
train,Q_d5a0e7cea3b3e3f4238d,2,1,2016-02-03,2016-02-03,1,False
train,Q_d5aa24f3b1d7a2159628,2,1,2013-12-04,2013-12-04,1,False
train,Q_d5b46649ca0df0ff0728,2,1,2012-08-29,2012-08-29,1,False
train,Q_d5b9aa1f75537c34ec5b,2,1,2013-10-16,2013-10-16,1,False
train,Q_d5badf1fbc96f605643b,2,1,2016-03-02,2016-03-02,1,False
train,Q_d5c04b5883e93f75f645,2,1,2013-09-25,2013-09-25,1,False
train,Q_d5c2979808120dcbac2b,2,1,2016-08-24,2016-08-24,1,False
train,Q_d5c4f7ab5164a86acb93,2,1,2015-12-02,2015-12-02,1,False
train,Q_d5c5d25f0cdb5e32329e,2,1,2014-07-23,2014-07-23,1,False
train,Q_d5c626f942cb79161a51,2,1,2012-09-19,2012-09-19,1,False
train,Q_d5c7cdf818ae0672003a,2,1,2012-07-11,2012-07-11,1,False
train,Q_d5d51a90b8d249af1b5d,2,1,2015-05-20,2015-05-20,1,False
train,Q_d5dcbd949eedc3ffbd89,2,1,2013-04-03,2013-04-03,1,False
train,Q_d5e5968bcb3f551cbd2d,2,1,2014-03-12,2014-03-12,1,False
train,Q_d5ec996350c54fcfa94a,2,1,2015-04-08,2015-04-08,1,False
train,Q_d5f632cabd4f750e7de4,2,1,2014-12-17,2014-12-17,1,False
train,Q_d5fc010d9d14ba38129d,2,1,2013-10-23,2013-10-23,1,False
train,Q_d5fd486d0a529dafcb40,2,1,2015-04-29,2015-04-29,1,False
train,Q_d60dc5fcaee0e035cdcc,2,1,2015-04-15,2015-04-15,1,False
train,Q_d61ac989aca23ccc2b95,2,1,2014-04-23,2014-04-23,1,False
train,Q_d61adc9b6c7304ac7e0e,2,1,2013-10-30,2013-10-30,1,False
train,Q_d61b69822e1c76f5e4c1,2,1,2015-07-29,2015-07-29,1,False
train,Q_d6271b044b88d8393d2d,2,1,2015-02-11,2015-02-11,1,False
train,Q_d62d3c2bd75bc204463f,2,1,2014-10-29,2014-10-29,1,False
train,Q_d6306cc6b75f493db3ff,2,1,2013-09-04,2013-09-04,1,False
train,Q_d6321b1700a1fa54473c,2,1,2016-04-13,2016-04-13,1,False
train,Q_d63a7465edc51ef7dd5c,2,1,2014-06-25,2014-06-25,1,False
train,Q_d63a8213905d37508163,2,1,2016-02-10,2016-02-10,1,False
train,Q_d641acedd01cc523c45e,2,1,2015-06-17,2015-06-17,1,False
train,Q_d6499691368e1a3bcc86,2,1,2014-12-17,2014-12-17,1,False
train,Q_d64d4dc3a985d8b139a7,2,1,2014-04-30,2014-04-30,1,False
train,Q_d655f9e8b49042a804b8,2,1,2015-09-23,2015-09-23,1,False
train,Q_d66013b59f55367be318,2,1,2013-02-13,2013-02-13,1,False
train,Q_d669d9aafdb45e8fdf63,2,1,2012-07-25,2012-07-25,1,False
train,Q_d66e02da02bd32614220,3,1,2012-11-28,2012-11-28,2,False
train,Q_d672ae1df24344acfe50,2,1,2012-09-26,2012-09-26,1,False
train,Q_d679d23de2c1f15fc3db,2,1,2013-10-02,2013-10-02,1,False
train,Q_d689976c1b3bb938de51,2,1,2014-04-23,2014-04-23,1,False
train,Q_d692d81566becb0a67e4,2,1,2013-06-26,2013-06-26,1,False
train,Q_d6b95a0315f3d1f30564,2,1,2015-03-04,2015-03-04,1,False
train,Q_d6d55c728c23268bf4da,2,1,2012-09-26,2012-09-26,1,False
train,Q_d6dabea2e6782ec26653,2,1,2015-03-25,2015-03-25,1,False
train,Q_d6dbff4835d422116929,2,1,2014-06-04,2014-06-04,1,False
train,Q_d6e90a0cc9d8fa13fbce,2,1,2014-01-22,2014-01-22,1,False
train,Q_d6ec2755ee5c8e7f99d9,2,1,2015-01-07,2015-01-07,1,False
train,Q_d6f6d3a4267042cb06d8,2,1,2015-03-18,2015-03-18,1,False
train,Q_d6f810cf4a2ad312d23c,2,1,2014-08-13,2014-08-13,1,False
train,Q_d6fdc4d5126e62b08aff,2,1,2012-10-03,2012-10-03,1,False
train,Q_d70157d414073f237e90,2,1,2015-10-14,2015-10-14,1,False
train,Q_d7015fa2592e25d59c6c,2,1,2013-03-20,2013-03-20,1,False
train,Q_d7047a6590eb985f149c,2,1,2015-12-02,2015-12-02,1,False
train,Q_d71c43a6f27cec9417db,2,1,2016-08-10,2016-08-10,1,False
train,Q_d721bc290fc6b5f503f7,2,1,2012-07-25,2012-07-25,1,False
train,Q_d738806b410e273637dc,2,1,2016-08-03,2016-08-03,1,False
train,Q_d73f331afd43d0e41fa0,2,1,2015-12-09,2015-12-09,1,False
train,Q_d7481476fe049cfd8da0,2,1,2014-09-10,2014-09-10,1,False
train,Q_d74a90a7670e8bdcdcc7,2,1,2016-09-07,2016-09-07,1,False
train,Q_d74decd0ca72cab2b43b,2,1,2014-08-13,2014-08-13,1,False
train,Q_d751d2bb25416b3b3ee9,2,1,2014-01-15,2014-01-15,1,False
train,Q_d75fbf125d7d7557b3f4,2,1,2016-09-14,2016-09-14,1,False
train,Q_d762d1670ca183a18b77,2,1,2013-08-14,2013-08-14,1,False
train,Q_d771989535325c97dc19,2,1,2014-02-05,2014-02-05,1,False
train,Q_d78161c3448285e6dd11,2,1,2014-01-22,2014-01-22,1,False
train,Q_d78cfe45ee3c9d812536,2,1,2014-05-28,2014-05-28,1,False
train,Q_d7a264dec983d31ceb23,2,1,2012-08-22,2012-08-22,1,False
train,Q_d7b6f19594730c7f53c6,2,1,2014-05-28,2014-05-28,1,False
train,Q_d7b95d9d8320312129a5,2,1,2015-02-25,2015-02-25,1,False
train,Q_d7d538fd3450b465555a,2,1,2013-11-20,2013-11-20,1,False
train,Q_d7df5e45ff0c1c337c8b,2,1,2014-07-23,2014-07-23,1,False
train,Q_d7e33ae6566bc9f95180,2,1,2014-10-01,2014-10-01,1,False
train,Q_d7e3eaa1301833b92d97,2,1,2016-01-20,2016-01-20,1,False
train,Q_d7ecc69fed46ab883a8c,2,1,2016-05-04,2016-05-04,1,False
train,Q_d7f6c8d7232fae02ab22,2,1,2012-11-21,2012-11-21,1,False
train,Q_d7ff211afb27d8e881cc,2,1,2015-08-05,2015-08-05,1,False
train,Q_d80acf1bb4d4ebf2c931,2,1,2015-12-16,2015-12-16,1,False
train,Q_d80e85713474c5c86c74,2,1,2013-09-04,2013-09-04,1,False
train,Q_d80fd4e08b1117047855,2,1,2014-09-10,2014-09-10,1,False
train,Q_d81f481d10998ba30c86,2,1,2016-06-01,2016-06-01,1,False
train,Q_d820a4adcc41951c4a08,2,1,2013-04-10,2013-04-10,1,False
train,Q_d834e332682c04406c22,2,1,2013-09-11,2013-09-11,1,False
train,Q_d836765cc993e9cd814a,2,1,2013-06-26,2013-06-26,1,False
train,Q_d841dbb04a7d0ebd79b9,2,1,2013-12-04,2013-12-04,1,False
train,Q_d84218faf937cc8884c6,2,1,2015-06-24,2015-06-24,1,False
train,Q_d84a242adc73c100a0f0,2,1,2015-09-23,2015-09-23,1,False
train,Q_d84efeae64a4be5abad7,2,1,2014-10-01,2014-10-01,1,False
train,Q_d85da7f6db66a5507fc7,2,1,2013-09-18,2013-09-18,1,False
train,Q_d862622b3d1bfee3e74e,2,1,2014-05-21,2014-05-21,1,False
train,Q_d87714f6cf7f0fa26b4c,2,1,2013-04-24,2013-04-24,1,False
train,Q_d87cfe27369061b1ce19,2,1,2015-05-20,2015-05-20,1,False
train,Q_d87eb631a9669049a21b,2,1,2013-05-22,2013-05-22,1,False
train,Q_d889b0a5bba017f86786,2,1,2015-04-15,2015-04-15,1,False
train,Q_d88fda6c2e8f4c161098,8,1,2014-10-15,2014-10-15,4,False
train,Q_d8987bd10e510bdd6ad8,2,1,2013-05-29,2013-05-29,1,False
train,Q_d89ad1b24a4f907a0498,2,1,2014-07-23,2014-07-23,1,False
train,Q_d89e6325316d22356e26,2,1,2016-01-20,2016-01-20,1,False
train,Q_d8a0ab959bc767137130,2,1,2015-11-25,2015-11-25,1,False
train,Q_d8a8e8f6736f7e6f2248,2,1,2014-03-19,2014-03-19,1,False
train,Q_d8ac1f753675e66de9e7,2,1,2013-05-29,2013-05-29,1,False
train,Q_d8b5a3239c5b523476b8,2,1,2015-12-02,2015-12-02,1,False
train,Q_d8b5e8fa9ebf37cfaa78,2,1,2014-12-31,2014-12-31,1,False
train,Q_d8b69a49530684a5b894,2,1,2014-12-03,2014-12-03,1,False
train,Q_d8bc8db71112fb572339,2,1,2016-06-29,2016-06-29,1,False
train,Q_d8be4884724738c6f77e,2,1,2016-04-13,2016-04-13,1,False
train,Q_d8c0a6bcceb8d8a54583,2,1,2015-03-25,2015-03-25,1,False
train,Q_d8c972387bdb6eeacf39,2,1,2012-08-01,2012-08-01,1,False
train,Q_d8cb12f003e2f28c9c50,2,1,2015-09-02,2015-09-02,1,False
train,Q_d8d66ab4cb2c30044443,2,1,2015-04-01,2015-04-01,1,False
train,Q_d8dbb7abb1a845d56d36,2,1,2013-03-06,2013-03-06,1,False
train,Q_d8ddc248c5d3598f13ca,2,1,2013-05-29,2013-05-29,1,False
train,Q_d8e09c3ef8e8b4b4b2ce,2,1,2016-09-14,2016-09-14,1,False
train,Q_d8e93bc7cbffea7f86fc,2,1,2015-03-18,2015-03-18,1,False
train,Q_d8f21365bd5cec7c566a,2,1,2016-08-17,2016-08-17,1,False
train,Q_d8fb8f4a2ee84807b11c,2,1,2016-09-07,2016-09-07,1,False
train,Q_d9071612e1896aeb1a5a,2,1,2016-05-11,2016-05-11,1,False
train,Q_d90a38aba6072df424ae,2,1,2013-07-17,2013-07-17,1,False
train,Q_d91643b4ac19f9238db3,2,1,2012-08-15,2012-08-15,1,False
train,Q_d9168f2d938c3d505d90,2,1,2014-02-05,2014-02-05,1,False
train,Q_d9191c421a1c0061cf0d,2,1,2012-10-10,2012-10-10,1,False
train,Q_d91fcf401f4c61e1958e,2,1,2015-12-30,2015-12-30,1,False
train,Q_d927da283104918e8002,2,1,2014-06-25,2014-06-25,1,False
train,Q_d92b2a80b632c6dcd54f,2,1,2016-01-20,2016-01-20,1,False
train,Q_d931738375695d3e5c45,2,1,2013-02-13,2013-02-13,1,False
train,Q_d932f570e199f1f4f91f,2,1,2013-08-21,2013-08-21,1,False
train,Q_d93792ca37371f506148,2,1,2012-10-31,2012-10-31,1,False
train,Q_d940557ba5be0ef729ab,2,1,2016-03-23,2016-03-23,1,False
train,Q_d94664291e2539a875bf,2,1,2016-03-16,2016-03-16,1,False
train,Q_d94d4c2e0b566bc10ee7,2,1,2016-08-31,2016-08-31,1,False
train,Q_d94df57027a2029243c1,2,1,2013-10-02,2013-10-02,1,False
train,Q_d958958afa48c2462921,2,1,2016-03-02,2016-03-02,1,False
train,Q_d958a69e7ea07f759b55,2,1,2016-08-03,2016-08-03,1,False
train,Q_d9656012efc6cf105c74,2,1,2016-06-22,2016-06-22,1,False
train,Q_d97294b316e0fe2611c5,2,1,2014-08-13,2014-08-13,1,False
train,Q_d972f930fbaa8a3c0ae3,2,1,2014-04-09,2014-04-09,1,False
train,Q_d973262da29eabda921e,2,1,2015-06-24,2015-06-24,1,False
train,Q_d97b4469f23b08b34115,2,1,2015-04-01,2015-04-01,1,False
train,Q_d9876e3c53abe4be5691,2,1,2013-01-16,2013-01-16,1,False
train,Q_d98781f5951ec2e52bac,2,1,2015-09-02,2015-09-02,1,False
train,Q_d990668ad41006e9bb3b,2,1,2013-03-20,2013-03-20,1,False
train,Q_d9976cf8b7691c854902,2,1,2013-12-18,2013-12-18,1,False
train,Q_d9983f42055bacb40583,2,1,2014-02-12,2014-02-12,1,False
train,Q_d9a842b11f692aedcbcf,2,1,2015-07-01,2015-07-01,1,False
train,Q_d9acc443af5000fd9617,2,1,2015-11-04,2015-11-04,1,False
train,Q_d9c684c54fb926760b66,2,1,2015-06-17,2015-06-17,1,False
train,Q_d9cee1ff71cf47bfdb38,2,1,2013-01-30,2013-01-30,1,False
train,Q_d9d1c5073f9598385487,2,1,2012-07-25,2012-07-25,1,False
train,Q_d9d251b6c5759ddf5dca,2,1,2013-12-04,2013-12-04,1,False
train,Q_d9e00e1e4457d7c65fa9,2,1,2016-01-13,2016-01-13,1,False
train,Q_d9e3bd31dc49da0a42ac,2,1,2013-09-11,2013-09-11,1,False
train,Q_d9f0388939b391d403d2,2,1,2014-08-06,2014-08-06,1,False
train,Q_d9fca9c71bb044e91636,2,1,2015-01-14,2015-01-14,1,False
train,Q_da03e954231e1c8b98e6,2,1,2014-05-21,2014-05-21,1,False
train,Q_da0d06f295ddcff7c6fd,2,1,2013-01-16,2013-01-16,1,False
train,Q_da0f24cd9d8989af823c,2,1,2015-12-30,2015-12-30,1,False
train,Q_da11887f8a927f1c61e8,2,1,2014-02-12,2014-02-12,1,False
train,Q_da189b38b613c6b5cd27,2,1,2014-03-12,2014-03-12,1,False
train,Q_da1c39663af785f35f93,2,1,2014-07-23,2014-07-23,1,False
train,Q_da3a0bd45e01c10fa6dc,2,1,2013-10-02,2013-10-02,1,False
train,Q_da3d65a9e651f8a6e552,2,1,2014-09-10,2014-09-10,1,False
train,Q_da3ed67c5c93ed490c97,2,1,2016-05-11,2016-05-11,1,False
train,Q_da4181355611252924d9,2,1,2013-09-11,2013-09-11,1,False
train,Q_da5e64f0038862ff47ce,2,1,2015-06-17,2015-06-17,1,False
train,Q_da62a211e2b354a2ab5c,2,1,2015-06-17,2015-06-17,1,False
train,Q_da6876a3d7a241189af1,2,1,2014-01-01,2014-01-01,1,False
train,Q_da6a762bb1315c0d310c,2,1,2015-03-25,2015-03-25,1,False
train,Q_da835282439e4ca88405,2,1,2014-11-19,2014-11-19,1,False
train,Q_da860b768d3e3e7fa862,2,1,2016-01-06,2016-01-06,1,False
train,Q_da891c062421383e9fe7,2,1,2014-02-05,2014-02-05,1,False
train,Q_da9f76144cb4d579c388,2,1,2014-11-19,2014-11-19,1,False
train,Q_daaba8ceac98ae682bad,2,1,2015-03-04,2015-03-04,1,False
train,Q_dabdccd6b74e4a1d9b4d,2,1,2015-10-28,2015-10-28,1,False
train,Q_dac9561a8e8d25204ff9,2,1,2012-11-07,2012-11-07,1,False
train,Q_dad96c932f09c189d5f5,2,1,2015-10-28,2015-10-28,1,False
train,Q_dae578f46f289d9ee5f6,2,1,2014-12-03,2014-12-03,1,False
train,Q_daf1daac7509a91da51f,2,1,2016-06-22,2016-06-22,1,False
train,Q_daf2cfa2759185093b9a,2,1,2016-03-02,2016-03-02,1,False
train,Q_db029a25b93a35344876,2,1,2014-02-19,2014-02-19,1,False
train,Q_db040b359cd1f3dba221,2,1,2014-04-09,2014-04-09,1,False
train,Q_db0b4662b861e153c6f0,2,1,2014-06-11,2014-06-11,1,False
train,Q_db0faf8af07c8a28c30e,2,1,2016-03-02,2016-03-02,1,False
train,Q_db3077768b83f797ff47,2,1,2013-01-23,2013-01-23,1,False
train,Q_db332ff580bc5be393c0,2,1,2015-04-08,2015-04-08,1,False
train,Q_db3a9df447aecc8869a7,2,1,2014-01-22,2014-01-22,1,False
train,Q_db3dcae5f255f4a27823,2,1,2012-09-05,2012-09-05,1,False
train,Q_db616137bb88b232a5a4,2,1,2014-12-03,2014-12-03,1,False
train,Q_db65e4fc5f81e02c27e6,2,1,2012-07-25,2012-07-25,1,False
train,Q_db66831ee6f0bf732f46,2,1,2013-02-27,2013-02-27,1,False
train,Q_db759a47f07321caaaf5,2,1,2013-11-20,2013-11-20,1,False
train,Q_db9989d97940e71262eb,2,1,2014-11-26,2014-11-26,1,False
train,Q_dba010109758962de340,2,1,2012-09-12,2012-09-12,1,False
train,Q_dbc23cf0c984480f61de,2,1,2013-02-27,2013-02-27,1,False
train,Q_dbc5da9db82058c50b2b,2,1,2014-12-24,2014-12-24,1,False
train,Q_dbc80faa710a0556a232,2,1,2013-12-04,2013-12-04,1,False
train,Q_dbdcb034e9363217125b,2,1,2014-04-23,2014-04-23,1,False
train,Q_dbe9e7488625923c28c2,2,1,2015-12-23,2015-12-23,1,False
train,Q_dbf99825e1cde28ad664,2,1,2012-07-04,2012-07-04,1,False
train,Q_dbff5c252cb71d8373e3,2,1,2014-12-31,2014-12-31,1,False
train,Q_dc08006cfc9036a3b8d8,2,1,2014-07-23,2014-07-23,1,False
train,Q_dc098423a6eda5fb05d7,2,1,2014-03-05,2014-03-05,1,False
train,Q_dc0b566f3b4f1c42948c,2,1,2014-08-06,2014-08-06,1,False
train,Q_dc1352314563e85430f3,2,1,2016-03-30,2016-03-30,1,False
train,Q_dc25ce21a4654263eba7,2,1,2012-11-14,2012-11-14,1,False
train,Q_dc30037b87b8f25b0e27,2,1,2014-07-23,2014-07-23,1,False
train,Q_dc550167be03c44fa201,2,1,2013-04-10,2013-04-10,1,False
train,Q_dc577f2a920497ad7af3,2,1,2016-08-03,2016-08-03,1,False
train,Q_dc57ec37eecad3a54d33,2,1,2013-07-24,2013-07-24,1,False
train,Q_dc5a02e6ef54c60450f0,2,1,2013-07-31,2013-07-31,1,False
train,Q_dc625ea49fec4a1f1ea8,2,1,2016-03-09,2016-03-09,1,False
train,Q_dc641f89f517b175fb5b,2,1,2016-01-13,2016-01-13,1,False
train,Q_dc6c3f14fb563cb5eb25,2,1,2016-01-27,2016-01-27,1,False
train,Q_dc7973744172a26147c0,2,1,2012-12-05,2012-12-05,1,False
train,Q_dc83c6bfd0d881bf2527,2,1,2013-07-03,2013-07-03,1,False
train,Q_dc87173594bcf9f6b283,2,1,2012-12-05,2012-12-05,1,False
train,Q_dc8d38b9d1f8815b1240,2,1,2013-12-11,2013-12-11,1,False
train,Q_dc8ea6b8b2b09d46f9af,2,1,2015-02-18,2015-02-18,1,False
train,Q_dc931c23443e40fc6af3,2,1,2013-01-30,2013-01-30,1,False
train,Q_dc98cfc79f9131fa5fda,2,1,2015-04-22,2015-04-22,1,False
train,Q_dcb3c03e767d6404c413,2,1,2013-03-06,2013-03-06,1,False
train,Q_dcb793acb427839afff3,2,1,2014-05-21,2014-05-21,1,False
train,Q_dcbc2a6c5f5b2b71d1a1,2,1,2014-10-29,2014-10-29,1,False
train,Q_dcbc854a1963b8ab0c52,2,1,2013-05-29,2013-05-29,1,False
train,Q_dcc711a761f13e2c5817,2,1,2014-02-05,2014-02-05,1,False
train,Q_dcd912df40a8bf454131,2,1,2015-12-09,2015-12-09,1,False
train,Q_dcdf555f3bbfb868e2bd,2,1,2015-10-14,2015-10-14,1,False
train,Q_dce1082d52eb4ceac42f,2,1,2014-12-03,2014-12-03,1,False
train,Q_dce29fe0f77b82bf1033,2,1,2012-10-31,2012-10-31,1,False
train,Q_dce4aed1785fcaf91a15,2,1,2015-09-30,2015-09-30,1,False
train,Q_dcf28cb3b0dcc06044f8,2,1,2013-06-26,2013-06-26,1,False
train,Q_dcfea047c48e5683c531,2,1,2013-11-20,2013-11-20,1,False
train,Q_dd011a1a45abb4c1c7cf,2,1,2015-01-21,2015-01-21,1,False
train,Q_dd071fae7f8dfc8953bc,2,1,2015-11-11,2015-11-11,1,False
train,Q_dd072d42f231fa6e1a99,2,1,2014-08-06,2014-08-06,1,False
train,Q_dd0791d370d9d41669f4,2,1,2013-11-20,2013-11-20,1,False
train,Q_dd1757c8597ef71fcc71,2,1,2016-03-02,2016-03-02,1,False
train,Q_dd1a417a0caaf9d451ec,2,1,2013-04-10,2013-04-10,1,False
train,Q_dd1e2ee16eac1c1f7cd1,2,1,2014-05-21,2014-05-21,1,False
train,Q_dd1fd913f4084bbbac84,2,1,2013-09-25,2013-09-25,1,False
train,Q_dd2f5d7c7d7451c5ddf8,2,1,2014-04-23,2014-04-23,1,False
train,Q_dd45dd9c17153cefa175,2,1,2015-03-04,2015-03-04,1,False
train,Q_dd45f0288db331bec351,2,1,2012-11-28,2012-11-28,1,False
train,Q_dd50d2f29bb9d8330d93,2,1,2014-10-01,2014-10-01,1,False
train,Q_dd5154d5ab7f79747e67,2,1,2014-09-17,2014-09-17,1,False
train,Q_dd51dedafa7f876aacf4,2,1,2016-06-08,2016-06-08,1,False
train,Q_dd55bab1a028c05fe1a9,2,1,2012-07-25,2012-07-25,1,False
train,Q_dd58a494ad13b5ba4864,2,1,2014-04-09,2014-04-09,1,False
train,Q_dd58f491d6934b0a834c,2,1,2013-12-11,2013-12-11,1,False
train,Q_dd60eceaf20d6ada4925,2,1,2015-03-25,2015-03-25,1,False
train,Q_dd60fd79d73a4673431b,2,1,2013-06-26,2013-06-26,1,False
train,Q_dd7837677bc0895cf105,2,1,2015-09-02,2015-09-02,1,False
train,Q_dd79d112ff282e05d97e,2,1,2013-11-27,2013-11-27,1,False
train,Q_dd7e4633b969d641f88c,2,1,2016-06-01,2016-06-01,1,False
train,Q_dd8e37160a24766e14f3,2,1,2012-08-22,2012-08-22,1,False
train,Q_dd93f6bee7cc406c8144,2,1,2012-10-03,2012-10-03,1,False
train,Q_dd9d84341fb758164c0d,2,1,2014-08-13,2014-08-13,1,False
train,Q_dd9efb33d2bf0e778b80,2,1,2015-09-16,2015-09-16,1,False
train,Q_dda026c9cf8eff4aef19,2,1,2016-04-06,2016-04-06,1,False
train,Q_dda52645f1cb6fb0a899,2,1,2014-03-12,2014-03-12,1,False
train,Q_dda6006cd118a9b8f112,2,1,2013-10-23,2013-10-23,1,False
train,Q_ddaac476a50156b3a2ca,2,1,2013-03-27,2013-03-27,1,False
train,Q_ddabe45630cd730e77dc,2,1,2013-07-31,2013-07-31,1,False
train,Q_ddb825fc54301dfd0b61,2,1,2016-07-06,2016-07-06,1,False
train,Q_ddc3ea52be78ec0cb5f5,2,1,2013-11-20,2013-11-20,1,False
train,Q_ddc44e5c82de549895c8,2,1,2015-04-08,2015-04-08,1,False
train,Q_ddc577c0d80b57932c33,4,2,2013-01-02,2016-06-15,2,True
train,Q_ddde39291010c08cda54,2,1,2013-06-12,2013-06-12,1,False
train,Q_dddeb4e68181469842e9,2,1,2015-12-09,2015-12-09,1,False
train,Q_dde82dfd079a26d8bac1,2,1,2015-10-07,2015-10-07,1,False
train,Q_de09c294aadc3999c90b,2,1,2014-03-12,2014-03-12,1,False
train,Q_de17da6d980f9deb0993,2,1,2016-04-13,2016-04-13,1,False
train,Q_de1a45f482ee131b29c3,4,2,2013-09-18,2013-11-27,2,True
train,Q_de1b10ccdfbd06df4024,2,1,2015-04-29,2015-04-29,1,False
train,Q_de1ead44aa149901f259,2,1,2016-03-02,2016-03-02,1,False
train,Q_de202d5f078ec44ac769,2,1,2014-11-12,2014-11-12,1,False
train,Q_de2e95771b62c974a763,2,1,2015-11-18,2015-11-18,1,False
train,Q_de2fa3c20d4cb7f44180,2,1,2015-07-08,2015-07-08,1,False
train,Q_de30e9c244d8af42443e,2,1,2015-06-17,2015-06-17,1,False
train,Q_de438adbfd40e223683d,2,1,2016-01-27,2016-01-27,1,False
train,Q_de444f58ab89251af397,2,1,2015-08-05,2015-08-05,1,False
train,Q_de46b7991110db184be2,2,1,2015-06-24,2015-06-24,1,False
train,Q_de4a3d641b2f94516307,2,1,2016-06-22,2016-06-22,1,False
train,Q_de4f4d8f3b8d5fd40542,2,1,2015-10-07,2015-10-07,1,False
train,Q_de52d764c26acb8d68e0,2,1,2013-11-13,2013-11-13,1,False
train,Q_de5990def9ea3b1f3542,2,1,2013-03-20,2013-03-20,1,False
train,Q_de5ce1241ab637d74e87,2,1,2012-12-19,2012-12-19,1,False
train,Q_de5fad9fe4f70fbbba57,2,1,2015-02-11,2015-02-11,1,False
train,Q_de6c923bb49f59e24eed,2,1,2015-09-30,2015-09-30,1,False
train,Q_de854c4e7cb6b20b9713,2,1,2016-04-20,2016-04-20,1,False
train,Q_de910181013e2e975ca0,2,1,2013-01-23,2013-01-23,1,False
train,Q_de91d312e8bed9446d92,2,1,2016-09-07,2016-09-07,1,False
train,Q_dea0d9fc895453bad896,2,1,2016-06-01,2016-06-01,1,False
train,Q_deac7d9c587a6062f882,2,1,2013-01-23,2013-01-23,1,False
train,Q_deacd6a98dcc9bef1143,2,1,2014-09-10,2014-09-10,1,False
train,Q_deacea53bb7f37446051,2,1,2015-09-02,2015-09-02,1,False
train,Q_debc5884cccec1f29366,4,2,2014-07-09,2014-09-03,2,True
train,Q_ded9cdd2fba3a6c5c3a0,2,1,2016-03-16,2016-03-16,1,False
train,Q_dee32bb034124d59eacf,2,1,2012-10-31,2012-10-31,1,False
train,Q_dee4974e6d4a64794e12,2,1,2016-02-24,2016-02-24,1,False
train,Q_dee7c66a8c8a6c7a8fc9,2,1,2016-04-13,2016-04-13,1,False
train,Q_deef100a16ba6461b09d,2,1,2016-03-02,2016-03-02,1,False
train,Q_def93b15ef9445c2cf96,2,1,2012-07-04,2012-07-04,1,False
train,Q_defd38a2521bed16640e,2,1,2013-10-02,2013-10-02,1,False
train,Q_deffdf016e68732c5bd0,2,1,2016-03-30,2016-03-30,1,False
train,Q_df0004a641beb3343cd3,2,1,2016-06-22,2016-06-22,1,False
train,Q_df00c94c90fb2d547037,2,1,2016-02-10,2016-02-10,1,False
train,Q_df018a5826001b18cba5,2,1,2012-07-04,2012-07-04,1,False
train,Q_df05921ae03550fa9c51,2,1,2015-12-09,2015-12-09,1,False
train,Q_df1736e87f1e2097f233,2,1,2016-02-10,2016-02-10,1,False
train,Q_df198f147aad7206c830,2,1,2015-09-09,2015-09-09,1,False
train,Q_df27f299413628ac97b7,2,1,2016-09-14,2016-09-14,1,False
train,Q_df36b7da1e287eeae2c3,2,1,2015-09-09,2015-09-09,1,False
train,Q_df433205f70fc3820ee1,2,1,2015-03-18,2015-03-18,1,False
train,Q_df63524db3a2bf630643,2,1,2015-03-04,2015-03-04,1,False
train,Q_df6c7b3693688eeab1b6,4,2,2014-07-09,2014-09-03,2,True
train,Q_df77c8dc5fef56958643,2,1,2015-04-15,2015-04-15,1,False
train,Q_df7c011108ff8c917c27,2,1,2013-10-23,2013-10-23,1,False
train,Q_df87b492173ced5db02d,2,1,2014-12-31,2014-12-31,1,False
train,Q_df90ab744f8016e94bfa,2,1,2014-04-09,2014-04-09,1,False
train,Q_df923bb867840f1cf3a9,2,1,2013-11-13,2013-11-13,1,False
train,Q_df9902a470c77fae449b,2,1,2015-12-16,2015-12-16,1,False
train,Q_df9d0ecdff406f2abb35,2,1,2015-03-25,2015-03-25,1,False
train,Q_dfa3017839b741a0aeee,2,1,2016-08-03,2016-08-03,1,False
train,Q_dfaf1dfe7af56871da09,2,1,2013-01-23,2013-01-23,1,False
train,Q_dfaf5c9a3936fac60510,2,1,2013-12-04,2013-12-04,1,False
train,Q_dfb040ac84fea9f44974,2,1,2016-01-13,2016-01-13,1,False
train,Q_dfb1b9e2994dd4e75a23,2,1,2012-09-05,2012-09-05,1,False
train,Q_dfc64f939e3714457724,2,1,2016-06-22,2016-06-22,1,False
train,Q_dfd87fce34e833e17591,2,1,2015-02-25,2015-02-25,1,False
train,Q_dfda9f2a4d2fd224d1a6,2,1,2016-06-01,2016-06-01,1,False
train,Q_dfe33070d0b4b7334103,2,1,2016-06-08,2016-06-08,1,False
train,Q_dfe6c1829d89f6b2f1c5,2,1,2014-03-12,2014-03-12,1,False
train,Q_dfec7bbde90559c27f7c,2,1,2015-04-22,2015-04-22,1,False
train,Q_dff137f132dc0265a58f,2,1,2014-04-23,2014-04-23,1,False
train,Q_dff1be9b338bdfa06810,2,1,2013-01-02,2013-01-02,1,False
train,Q_e0087cedc94c2b2b6c33,2,1,2014-10-15,2014-10-15,1,False
train,Q_e00b75d33ef35a28c5e0,2,1,2016-03-02,2016-03-02,1,False
train,Q_e00bb63055f7aaf458a5,2,1,2015-07-29,2015-07-29,1,False
train,Q_e0170845bb7de79df8ba,2,1,2014-05-07,2014-05-07,1,False
train,Q_e022bdcdcbf2bab51a32,2,1,2013-02-13,2013-02-13,1,False
train,Q_e024b575e77cfa25f3cb,2,1,2013-10-02,2013-10-02,1,False
train,Q_e028911517b09314672c,2,1,2014-08-27,2014-08-27,1,False
train,Q_e0348931b310c016e787,2,1,2014-06-04,2014-06-04,1,False
train,Q_e05809355c00b14c5f8c,2,1,2015-07-15,2015-07-15,1,False
train,Q_e064eb410d770eb9623d,2,1,2016-08-24,2016-08-24,1,False
train,Q_e0677abed544386eb9ed,2,1,2014-06-18,2014-06-18,1,False
train,Q_e06d41defc9142175687,2,1,2013-06-26,2013-06-26,1,False
train,Q_e06da6c2cc2e6e0fc89f,2,1,2013-07-17,2013-07-17,1,False
train,Q_e073466448cef44f18b5,2,1,2013-06-19,2013-06-19,1,False
train,Q_e074d7e0a858b8f0ba5a,2,1,2015-10-28,2015-10-28,1,False
train,Q_e07ad156ab73b3faefa2,2,1,2014-10-29,2014-10-29,1,False
train,Q_e0810c3ce00a28f28b1b,2,1,2013-11-27,2013-11-27,1,False
train,Q_e08baf393526fce844b4,2,1,2016-05-04,2016-05-04,1,False
train,Q_e08fb66df6dcc05d8b25,2,1,2015-10-28,2015-10-28,1,False
train,Q_e09bd61db926d5f2d70e,2,1,2014-02-05,2014-02-05,1,False
train,Q_e0a1b704995100edef7b,2,1,2016-09-21,2016-09-21,1,False
train,Q_e0ac6febda8b88cee5d6,2,1,2015-06-17,2015-06-17,1,False
train,Q_e0accd870624e209f334,2,1,2016-08-10,2016-08-10,1,False
train,Q_e0b1eb1dd88513a13f7f,2,1,2015-11-25,2015-11-25,1,False
train,Q_e0b35e9ca78f00a029db,2,1,2013-05-22,2013-05-22,1,False
train,Q_e0b4bb34e42f534b7063,2,1,2015-03-25,2015-03-25,1,False
train,Q_e0bd732d726e1d107701,2,1,2016-03-02,2016-03-02,1,False
train,Q_e0c744ff5141a506c1e8,2,1,2014-10-01,2014-10-01,1,False
train,Q_e0d1229867563099075d,2,1,2014-02-05,2014-02-05,1,False
train,Q_e0d1c9462af4e73a420a,2,1,2014-04-30,2014-04-30,1,False
train,Q_e0d772673b069081e80c,2,1,2012-09-26,2012-09-26,1,False
train,Q_e0dd65369e64179814dc,2,1,2012-10-03,2012-10-03,1,False
train,Q_e0e78558e797ed7c289f,2,1,2014-02-19,2014-02-19,1,False
train,Q_e0ecf77da6df6536759e,2,1,2016-08-10,2016-08-10,1,False
train,Q_e0ede01467385c6e8880,2,1,2012-10-10,2012-10-10,1,False
train,Q_e0ef7765b4525f848a9f,2,1,2014-09-17,2014-09-17,1,False
train,Q_e0f06b6ae01b55efbdb5,2,1,2012-07-11,2012-07-11,1,False
train,Q_e0f73ee22277009b4525,2,1,2013-07-17,2013-07-17,1,False
train,Q_e0f91a71bb3725c25b07,2,1,2015-07-01,2015-07-01,1,False
train,Q_e0fb6f608976cfe3f216,2,1,2012-09-19,2012-09-19,1,False
train,Q_e0fb9d6ba2094344eeee,2,1,2012-09-19,2012-09-19,1,False
train,Q_e10ff9d932efbbc7e053,2,1,2013-09-04,2013-09-04,1,False
train,Q_e1175409cccee302d82a,2,1,2015-10-21,2015-10-21,1,False
train,Q_e12029f1fa6864280c3a,2,1,2012-09-19,2012-09-19,1,False
train,Q_e12c5214b64dc536b09d,2,1,2014-11-19,2014-11-19,1,False
train,Q_e1348e492accba66066b,2,1,2012-07-25,2012-07-25,1,False
train,Q_e136c68ef0ff9c597537,2,1,2015-10-21,2015-10-21,1,False
train,Q_e13db8ef3f3c09ac5e91,2,1,2016-02-10,2016-02-10,1,False
train,Q_e13e66517c9c9cc0ab44,2,1,2014-03-12,2014-03-12,1,False
train,Q_e145abf548b898c87143,2,1,2015-06-10,2015-06-10,1,False
train,Q_e14d34933c9a8aee961b,2,1,2012-10-24,2012-10-24,1,False
train,Q_e156cfd82397573bbfb2,2,1,2013-06-12,2013-06-12,1,False
train,Q_e1651023076e5faa7bbe,2,1,2013-05-22,2013-05-22,1,False
train,Q_e1724e59728470a1f0a0,2,1,2016-01-13,2016-01-13,1,False
train,Q_e17690a2747d821a781a,2,1,2015-04-22,2015-04-22,1,False
train,Q_e17fe2b02fc373373f3e,2,1,2015-09-30,2015-09-30,1,False
train,Q_e186160ffd40e1151f79,2,1,2014-02-19,2014-02-19,1,False
train,Q_e18da6d3613cc4adbeb3,2,1,2015-04-15,2015-04-15,1,False
train,Q_e18eca22af987797542c,2,1,2014-10-15,2014-10-15,1,False
train,Q_e18f877ef3851e7c0673,2,1,2012-09-05,2012-09-05,1,False
train,Q_e19170bf2697938ab6cb,2,1,2015-09-23,2015-09-23,1,False
train,Q_e1934d4d10dcd37ea32b,2,1,2015-08-26,2015-08-26,1,False
train,Q_e1a041252c490fe2289e,2,1,2013-08-21,2013-08-21,1,False
train,Q_e1a999c2df3409bd62c0,2,1,2013-03-27,2013-03-27,1,False
train,Q_e1ac866572722ae26638,2,1,2014-02-05,2014-02-05,1,False
train,Q_e1b3ca3a23a3dd651e51,2,1,2014-04-09,2014-04-09,1,False
train,Q_e1b5675ea6fef68e3914,2,1,2015-01-14,2015-01-14,1,False
train,Q_e1b67a43d6bccfcda416,2,1,2012-08-29,2012-08-29,1,False
train,Q_e1b7240d6d885546c91e,2,1,2012-12-19,2012-12-19,1,False
train,Q_e1b799e306072e2fc3c7,2,1,2016-03-23,2016-03-23,1,False
train,Q_e1c2ee9d24770bd3e74f,2,1,2015-07-15,2015-07-15,1,False
train,Q_e1c5510d6b55bc3dcd9b,2,1,2016-02-10,2016-02-10,1,False
train,Q_e1e7bf3d5f813b0009b8,2,1,2015-12-02,2015-12-02,1,False
train,Q_e1f184e7537f75c7c25d,2,1,2013-12-04,2013-12-04,1,False
train,Q_e1f1a63ef6663d0286fa,2,1,2013-01-02,2013-01-02,1,False
train,Q_e201502519ab1082b750,2,1,2013-10-16,2013-10-16,1,False
train,Q_e205dd1f7836b7081a7e,2,1,2015-05-20,2015-05-20,1,False
train,Q_e2103ed74196c2a219f8,2,1,2016-01-20,2016-01-20,1,False
train,Q_e21629191f0397b7505b,2,1,2016-06-29,2016-06-29,1,False
train,Q_e219686878adc9ca7274,2,1,2016-07-27,2016-07-27,1,False
train,Q_e22583bdbbdc753c671a,2,1,2013-03-20,2013-03-20,1,False
train,Q_e23ab586a16826a1be7f,2,1,2015-10-28,2015-10-28,1,False
train,Q_e2463ed77ff948eb9ef0,2,1,2013-04-24,2013-04-24,1,False
train,Q_e2471b1c66c5605a5d53,2,1,2015-12-02,2015-12-02,1,False
train,Q_e2575277164c9473e1b2,2,1,2013-10-09,2013-10-09,1,False
train,Q_e258017bd06998eeb0dd,2,1,2016-09-07,2016-09-07,1,False
train,Q_e25c744a11a63648a97d,2,1,2012-11-07,2012-11-07,1,False
train,Q_e267ec18b2f6ecd3351d,2,1,2014-02-05,2014-02-05,1,False
train,Q_e26af4d23028345030df,2,1,2013-12-18,2013-12-18,1,False
train,Q_e273de00da463c4e7933,2,1,2014-10-22,2014-10-22,1,False
train,Q_e27e1cb990dad6c05887,2,1,2015-07-29,2015-07-29,1,False
train,Q_e27f5338ac1bdd3df9ba,2,1,2012-11-07,2012-11-07,1,False
train,Q_e29467429a5a818b2fb9,2,1,2014-04-23,2014-04-23,1,False
train,Q_e29f54e447a1b3b22413,2,1,2012-12-19,2012-12-19,1,False
train,Q_e2b8c7c79184ecdb87e0,2,1,2014-12-24,2014-12-24,1,False
train,Q_e2d6e4d0aeb7731fe063,2,1,2015-02-11,2015-02-11,1,False
train,Q_e2d7f850b3a1e5a4f930,2,1,2012-07-04,2012-07-04,1,False
train,Q_e2ebb46700f3ada0bd0b,2,1,2016-04-27,2016-04-27,1,False
train,Q_e2ec473c9c5e3a9b72d9,2,1,2016-07-20,2016-07-20,1,False
train,Q_e2fab68d376c49282a4f,2,1,2013-02-13,2013-02-13,1,False
train,Q_e2fd9721baecad93f51c,2,1,2015-03-04,2015-03-04,1,False
train,Q_e3044670429519d294a5,2,1,2015-02-25,2015-02-25,1,False
train,Q_e3044c6b6ecc16a59343,2,1,2015-03-18,2015-03-18,1,False
train,Q_e30af24d18a4e88a0054,2,1,2015-02-25,2015-02-25,1,False
train,Q_e30e6112f1d62d168ece,2,1,2013-10-02,2013-10-02,1,False
train,Q_e321d504572086f34a6d,2,1,2016-06-22,2016-06-22,1,False
train,Q_e3246d1bef48a6003b67,2,1,2012-08-29,2012-08-29,1,False
train,Q_e32e5daef35700258839,2,1,2016-06-22,2016-06-22,1,False
train,Q_e330935f9aa8974009cb,2,1,2016-07-13,2016-07-13,1,False
train,Q_e338facc62202133188e,2,1,2014-09-17,2014-09-17,1,False
train,Q_e33a9380a334e55dd9a4,2,1,2012-10-03,2012-10-03,1,False
train,Q_e3480e1a798599404ea4,2,1,2013-10-30,2013-10-30,1,False
train,Q_e34eafbff3d19734c471,2,1,2013-04-10,2013-04-10,1,False
train,Q_e350ed2938a5d3fc95a8,2,1,2015-06-17,2015-06-17,1,False
train,Q_e364253847e7db594704,2,1,2014-10-08,2014-10-08,1,False
train,Q_e36d79f179975c8f385a,2,1,2015-01-14,2015-01-14,1,False
train,Q_e3740e9f414879793f9c,2,1,2013-11-06,2013-11-06,1,False
train,Q_e37577495c687b40f217,2,1,2013-05-29,2013-05-29,1,False
train,Q_e37ffb834577a06520c6,2,1,2014-07-02,2014-07-02,1,False
train,Q_e3812ecaad21bd056726,2,1,2015-01-07,2015-01-07,1,False
train,Q_e3814998ceb4a2c71b97,2,1,2015-11-18,2015-11-18,1,False
train,Q_e3834aecc0e243325d00,2,1,2013-10-30,2013-10-30,1,False
train,Q_e384120c9b203abaa13c,2,1,2015-09-16,2015-09-16,1,False
train,Q_e38f42cf3b3a8bf6720f,2,1,2015-01-21,2015-01-21,1,False
train,Q_e39335ff1ab64306e9f4,2,1,2014-08-13,2014-08-13,1,False
train,Q_e394e593ab4d4cbbf3d3,2,1,2013-04-17,2013-04-17,1,False
train,Q_e3a576cfd9ac8668750e,2,1,2016-04-13,2016-04-13,1,False
train,Q_e3a73151b80a26c5e25e,2,1,2016-03-16,2016-03-16,1,False
train,Q_e3a971131da980015036,2,1,2013-08-21,2013-08-21,1,False
train,Q_e3ac632772585250b13e,2,1,2013-02-13,2013-02-13,1,False
train,Q_e3d230d182f8efb8721a,2,1,2012-08-01,2012-08-01,1,False
train,Q_e3d3344e542bc7b60907,2,1,2013-01-30,2013-01-30,1,False
train,Q_e3d497f8b2ab62cfe2e5,2,1,2014-12-17,2014-12-17,1,False
train,Q_e3db77890e2f9dca83a5,2,1,2013-06-26,2013-06-26,1,False
train,Q_e3dffe713a8e5ac01269,2,1,2013-01-30,2013-01-30,1,False
train,Q_e3e5264828aa44a00584,2,1,2015-09-02,2015-09-02,1,False
train,Q_e3ee7dd637245b6d514b,2,1,2012-09-12,2012-09-12,1,False
train,Q_e3f133786c0f252ed4bb,2,1,2013-11-13,2013-11-13,1,False
train,Q_e3faf7d9dc38f4ac1696,2,1,2016-01-13,2016-01-13,1,False
train,Q_e3febce84a1021531bfc,2,1,2014-02-05,2014-02-05,1,False
train,Q_e401f932c6336a6b1bad,2,1,2015-06-03,2015-06-03,1,False
train,Q_e4056670b12037ad661a,2,1,2015-07-22,2015-07-22,1,False
train,Q_e4090d1e32f8293a2b03,2,1,2013-12-04,2013-12-04,1,False
train,Q_e4120327af79a2de5a26,2,1,2016-03-02,2016-03-02,1,False
train,Q_e41be869f0d9d6cdcf8a,2,1,2016-07-20,2016-07-20,1,False
train,Q_e41e79883cdfb7ce9e3b,2,1,2013-12-18,2013-12-18,1,False
train,Q_e428c6793dbf975eaab5,2,1,2013-10-30,2013-10-30,1,False
train,Q_e440d030d588777b7755,2,1,2013-03-20,2013-03-20,1,False
train,Q_e469dd70a1e0050f447f,2,1,2012-07-04,2012-07-04,1,False
train,Q_e46ce777206c2108f065,2,1,2013-09-04,2013-09-04,1,False
train,Q_e475d78c5f8e9e54d5af,2,1,2014-08-27,2014-08-27,1,False
train,Q_e47f1f42d2a01ab36117,2,1,2014-09-17,2014-09-17,1,False
train,Q_e48b397bf674c352f060,2,1,2015-11-04,2015-11-04,1,False
train,Q_e4945a1deb0fe7461334,2,1,2015-03-18,2015-03-18,1,False
train,Q_e49ec3e0bd474d611386,2,1,2015-12-02,2015-12-02,1,False
train,Q_e4c1673b63a8dbc8ae89,2,1,2013-12-04,2013-12-04,1,False
train,Q_e4cd967f59f16b508a7f,2,1,2012-08-01,2012-08-01,1,False
train,Q_e4cfcc7ad452e9f749c6,4,2,2013-06-12,2014-04-30,2,True
train,Q_e4f1187cc894fcd1fac4,2,1,2014-10-01,2014-10-01,1,False
train,Q_e4f5423740ad837a1b99,2,1,2015-05-20,2015-05-20,1,False
train,Q_e4fab5624cbc4be6cb29,2,1,2014-10-01,2014-10-01,1,False
train,Q_e4ff101cd8e6d28c1689,2,1,2013-10-23,2013-10-23,1,False
train,Q_e5086c02cefc9e3e0be4,2,1,2013-11-20,2013-11-20,1,False
train,Q_e509fb45c3862b616b19,2,1,2014-05-21,2014-05-21,1,False
train,Q_e50c19ae29ee28a30cbf,2,1,2012-11-07,2012-11-07,1,False
train,Q_e5116f504f8ae6a4bd12,2,1,2014-07-30,2014-07-30,1,False
train,Q_e51df9791872a7d69e90,2,1,2014-10-08,2014-10-08,1,False
train,Q_e531ecdf3dfc9e30336e,2,1,2014-10-01,2014-10-01,1,False
train,Q_e53f6d083d5dbc0f9be1,2,1,2014-10-15,2014-10-15,1,False
train,Q_e540e903f2af073ec0eb,2,1,2016-06-01,2016-06-01,1,False
train,Q_e552de78910a1337d799,2,1,2015-07-01,2015-07-01,1,False
train,Q_e557d7db9f97ac386c06,2,1,2013-12-04,2013-12-04,1,False
train,Q_e564265e97b0197c3a7f,2,1,2015-09-23,2015-09-23,1,False
train,Q_e576a3d5768104958059,2,1,2013-11-20,2013-11-20,1,False
train,Q_e5901edf979dd8efe246,2,1,2016-01-27,2016-01-27,1,False
train,Q_e5921a04368f37b200ac,2,1,2015-10-14,2015-10-14,1,False
train,Q_e597f77f871467b749ee,2,1,2015-12-02,2015-12-02,1,False
train,Q_e59ecbc8d5d793929188,2,1,2014-12-03,2014-12-03,1,False
train,Q_e5a45de5494e8093cfb6,2,1,2016-07-06,2016-07-06,1,False
train,Q_e5b283ff9179346188d9,2,1,2013-12-04,2013-12-04,1,False
train,Q_e5c382762d33880df941,2,1,2013-09-18,2013-09-18,1,False
train,Q_e5cdaecf471e626135d9,2,1,2013-08-21,2013-08-21,1,False
train,Q_e5d28dfc0fba09e8db22,2,1,2016-03-09,2016-03-09,1,False
train,Q_e5d9f06bec1743b29483,2,1,2016-03-02,2016-03-02,1,False
train,Q_e5e1f8cf4ae625bb0285,2,1,2013-03-06,2013-03-06,1,False
train,Q_e5e50c549e9440f882d3,2,1,2015-07-29,2015-07-29,1,False
train,Q_e5e92de62ff65dd8cd5f,2,1,2014-11-26,2014-11-26,1,False
train,Q_e5e969d4b4194ce85c1a,2,1,2014-05-21,2014-05-21,1,False
train,Q_e5e98fd07715f3619e3c,2,1,2015-06-10,2015-06-10,1,False
train,Q_e5efaa2a47c6fc42e976,2,1,2015-11-18,2015-11-18,1,False
train,Q_e601cda4e9b37f61126d,2,1,2014-09-24,2014-09-24,1,False
train,Q_e611a3ec7e87476896b8,2,1,2016-03-02,2016-03-02,1,False
train,Q_e6208377ba3c9d6b99f4,2,1,2016-02-17,2016-02-17,1,False
train,Q_e623abb6ed4f803988ee,2,1,2013-06-19,2013-06-19,1,False
train,Q_e62e051df240595921b6,2,1,2013-10-09,2013-10-09,1,False
train,Q_e62f59d8f5660cd8a9f9,2,1,2013-09-18,2013-09-18,1,False
train,Q_e6418c8831f6b0606383,2,1,2013-11-13,2013-11-13,1,False
train,Q_e64dd0b73a2ee64d75af,2,1,2012-07-25,2012-07-25,1,False
train,Q_e64f0f688d2b6ac0404a,2,1,2015-07-29,2015-07-29,1,False
train,Q_e651f88583f2ae258837,2,1,2014-06-18,2014-06-18,1,False
train,Q_e658362d2652e7c75f92,2,1,2014-10-29,2014-10-29,1,False
train,Q_e659f03ba4530f9b1811,2,1,2013-10-16,2013-10-16,1,False
train,Q_e65bb6db3e8a937a20d1,2,1,2015-11-25,2015-11-25,1,False
train,Q_e65e6518b3ae73b40cdb,2,1,2012-12-12,2012-12-12,1,False
train,Q_e6635c5b6407573baea5,2,1,2016-04-20,2016-04-20,1,False
train,Q_e67f94dd09af1618fc51,2,1,2016-09-21,2016-09-21,1,False
train,Q_e6837401ecf773cf7493,2,1,2016-04-06,2016-04-06,1,False
train,Q_e68ae4ed0c78ae8e4bbe,2,1,2014-08-27,2014-08-27,1,False
train,Q_e697d94c845a8b4d1b2a,2,1,2012-09-12,2012-09-12,1,False
train,Q_e6a575eb329fc4200f6f,2,1,2016-03-02,2016-03-02,1,False
train,Q_e6a981a2f1cb64213b73,2,1,2014-11-19,2014-11-19,1,False
train,Q_e6ad699f1e4d46353e88,2,1,2014-06-18,2014-06-18,1,False
train,Q_e6ba8c078b48edf245c0,2,1,2014-11-26,2014-11-26,1,False
train,Q_e6cbf8203adcff36dcad,2,1,2015-06-03,2015-06-03,1,False
train,Q_e6cf968b3d552c38096e,2,1,2014-05-07,2014-05-07,1,False
train,Q_e6ecf86543bc909fdf0d,2,1,2014-02-12,2014-02-12,1,False
train,Q_e7149642b594946dc0b1,2,1,2016-05-04,2016-05-04,1,False
train,Q_e716ef14ea6968f9451a,2,1,2014-12-31,2014-12-31,1,False
train,Q_e72007856b7e7149e03d,2,1,2014-10-01,2014-10-01,1,False
train,Q_e7250899799e1c015799,2,1,2016-03-02,2016-03-02,1,False
train,Q_e72e96c8d354cd28a0ef,2,1,2013-07-17,2013-07-17,1,False
train,Q_e73c1528eb4ca934bd8e,2,1,2014-04-09,2014-04-09,1,False
train,Q_e73f52f2a91214f25ab3,2,1,2013-10-02,2013-10-02,1,False
train,Q_e744ddaebdd1d78f29c6,2,1,2016-06-15,2016-06-15,1,False
train,Q_e751961e64249fe69a73,2,1,2016-03-02,2016-03-02,1,False
train,Q_e756102a4bc0ede6105c,2,1,2016-05-18,2016-05-18,1,False
train,Q_e757149eaa300fcb33d6,2,1,2015-11-18,2015-11-18,1,False
train,Q_e76021e109f865ca6a7b,2,1,2014-10-29,2014-10-29,1,False
train,Q_e7656a67c91e09eee4ef,2,1,2015-09-16,2015-09-16,1,False
train,Q_e766734c087875ff5fe4,2,1,2013-09-04,2013-09-04,1,False
train,Q_e7676001f4c97ca14991,2,1,2013-01-30,2013-01-30,1,False
train,Q_e76bfc92e30c06ea65a0,2,1,2013-04-24,2013-04-24,1,False
train,Q_e772ea9d399667ad8ca4,2,1,2013-08-14,2013-08-14,1,False
train,Q_e77422da11a132e3ba0f,2,1,2014-12-24,2014-12-24,1,False
train,Q_e776d3503da1baeb94d8,2,1,2016-07-06,2016-07-06,1,False
train,Q_e77c68bba49738889fb3,2,1,2016-06-01,2016-06-01,1,False
train,Q_e77d78da96570ebf7c15,2,1,2013-01-30,2013-01-30,1,False
train,Q_e77f13703164113ea18e,2,1,2013-05-29,2013-05-29,1,False
train,Q_e7908c014f754567acb9,2,1,2012-12-12,2012-12-12,1,False
train,Q_e795449a74b192963d8a,2,1,2014-08-06,2014-08-06,1,False
train,Q_e7980e01484484349a4b,2,1,2015-12-16,2015-12-16,1,False
train,Q_e79d2899c87f35a679d4,2,1,2012-08-01,2012-08-01,1,False
train,Q_e79feafca859a7d5f9f6,2,1,2015-11-11,2015-11-11,1,False
train,Q_e7a698b9fa5f996e3a6a,2,1,2012-12-05,2012-12-05,1,False
train,Q_e7af3568bd0828fb2bb7,2,1,2015-10-07,2015-10-07,1,False
train,Q_e7b2fdc8dfcb03cb3aab,2,1,2015-04-01,2015-04-01,1,False
train,Q_e7b5799a005ecbcce7cb,2,1,2016-06-01,2016-06-01,1,False
train,Q_e7b5a9f156cbccd3839b,2,1,2015-03-04,2015-03-04,1,False
train,Q_e7cb2259af42ef9b3ecd,2,1,2013-07-10,2013-07-10,1,False
train,Q_e7d6aa93ccd9b5fe7a49,2,1,2014-03-05,2014-03-05,1,False
train,Q_e7dcaee24c3e801c990d,2,1,2012-08-15,2012-08-15,1,False
train,Q_e7df51e14639b89e914c,2,1,2013-09-25,2013-09-25,1,False
train,Q_e7e4181d8d9211cdf4f4,2,1,2013-08-21,2013-08-21,1,False
train,Q_e7f35517de4ade936300,2,1,2016-06-08,2016-06-08,1,False
train,Q_e7f3921056497edd314e,2,1,2014-10-01,2014-10-01,1,False
train,Q_e80989b5d487d9bc9d98,2,1,2014-06-18,2014-06-18,1,False
train,Q_e80e704bfa5b5cb2b80f,2,1,2014-12-17,2014-12-17,1,False
train,Q_e80f76da301e6fb67a25,2,1,2015-09-02,2015-09-02,1,False
train,Q_e815d5207fb6c6befffe,2,1,2012-12-19,2012-12-19,1,False
train,Q_e819419954cfe5dd99f5,2,1,2013-03-13,2013-03-13,1,False
train,Q_e81b616b107565853a96,2,1,2013-03-20,2013-03-20,1,False
train,Q_e81d215331ea56174237,2,1,2015-03-04,2015-03-04,1,False
train,Q_e83ae9648c487edabcb4,2,1,2013-06-19,2013-06-19,1,False
train,Q_e83bedcf9377c1956cf0,2,1,2014-05-21,2014-05-21,1,False
train,Q_e83f4def68b616a974ef,2,1,2013-10-02,2013-10-02,1,False
train,Q_e85b373196580365a825,2,1,2014-02-12,2014-02-12,1,False
train,Q_e85c05690f0d4666e484,2,1,2012-09-26,2012-09-26,1,False
train,Q_e86741c0f62b94719205,2,1,2015-11-04,2015-11-04,1,False
train,Q_e867713d8d5ef7b31143,2,1,2013-11-27,2013-11-27,1,False
train,Q_e86a3c01f49fc9847532,2,1,2013-01-02,2013-01-02,1,False
train,Q_e8763bb7e99a4cf1c241,2,1,2016-05-04,2016-05-04,1,False
train,Q_e87655de16231d43067b,2,1,2016-02-03,2016-02-03,1,False
train,Q_e87dac03ee360d0fc3b5,2,1,2015-06-17,2015-06-17,1,False
train,Q_e880d950c39367d0080b,2,1,2015-10-14,2015-10-14,1,False
train,Q_e88bb09c1abeed3d632b,2,1,2016-09-14,2016-09-14,1,False
train,Q_e893f6da25c56f7c400f,2,1,2016-06-22,2016-06-22,1,False
train,Q_e895c66f7224a322c893,2,1,2016-06-22,2016-06-22,1,False
train,Q_e89b5209dc53fd13b920,2,1,2016-03-02,2016-03-02,1,False
train,Q_e8a1191106414c8ce119,2,1,2013-11-27,2013-11-27,1,False
train,Q_e8b0b2f45c046fc8f4e4,2,1,2016-04-27,2016-04-27,1,False
train,Q_e8cbc35f84265a44f827,2,1,2016-08-17,2016-08-17,1,False
train,Q_e8ceeb3fc048508d0153,2,1,2013-04-24,2013-04-24,1,False
train,Q_e8d60b08507d3be3572c,2,1,2014-02-05,2014-02-05,1,False
train,Q_e8dc1770c32c5cdf2414,2,1,2015-04-08,2015-04-08,1,False
train,Q_e8e702bcfdfe0a9f935b,2,1,2013-10-02,2013-10-02,1,False
train,Q_e8ef6489d688e2eea844,2,1,2014-12-10,2014-12-10,1,False
train,Q_e8fa6d2096f738e44b82,2,1,2014-09-17,2014-09-17,1,False
train,Q_e8fcd5ee6f4e7fd08f90,2,1,2016-08-24,2016-08-24,1,False
train,Q_e907fc24ffe40e66e3bb,2,1,2015-12-16,2015-12-16,1,False
train,Q_e90a398a3980b7ff4d24,2,1,2014-01-22,2014-01-22,1,False
train,Q_e910315e11e7bad3b4f6,2,1,2015-12-02,2015-12-02,1,False
train,Q_e9221caa5b4014645715,2,1,2015-02-11,2015-02-11,1,False
train,Q_e92ab4d0ce9193f06e09,2,1,2015-09-16,2015-09-16,1,False
train,Q_e935462fd927b2d946cc,2,1,2012-08-01,2012-08-01,1,False
train,Q_e93c44f6b49298f0750d,2,1,2015-03-25,2015-03-25,1,False
train,Q_e93ec58ddd6e6060bb13,2,1,2015-10-14,2015-10-14,1,False
train,Q_e93fff9f76648fe5b80d,2,1,2015-08-05,2015-08-05,1,False
train,Q_e9462d2f5d1739e17746,2,1,2014-03-05,2014-03-05,1,False
train,Q_e9524c08490691ca989a,2,1,2015-11-25,2015-11-25,1,False
train,Q_e9553dde919acba8d88b,2,1,2014-05-21,2014-05-21,1,False
train,Q_e958ca9b6089d0867bf1,2,1,2013-11-13,2013-11-13,1,False
train,Q_e9621a8ba28c51c356aa,4,2,2014-01-15,2014-04-16,2,True
train,Q_e963e8e47e9a63f3ab38,2,1,2013-06-05,2013-06-05,1,False
train,Q_e9759a451a907ff573a5,2,1,2016-09-21,2016-09-21,1,False
train,Q_e97614ff824f98964e74,2,1,2014-12-31,2014-12-31,1,False
train,Q_e980eb05bf2d30240332,2,1,2014-08-06,2014-08-06,1,False
train,Q_e9a1e5ea4f22f013bc94,2,1,2013-10-02,2013-10-02,1,False
train,Q_e9a25ec4b51e0941368b,2,1,2015-02-25,2015-02-25,1,False
train,Q_e9abdf7b4d0fc94021cb,2,1,2016-04-27,2016-04-27,1,False
train,Q_e9d161d64349b8fbd88e,2,1,2016-02-17,2016-02-17,1,False
train,Q_e9d3ea6e01c13a1a42c7,2,1,2015-04-15,2015-04-15,1,False
train,Q_e9d892ec5cc9a57a0bd6,2,1,2014-06-04,2014-06-04,1,False
train,Q_e9dbe935895784397144,2,1,2013-05-29,2013-05-29,1,False
train,Q_e9e167aae945bb5e02fe,2,1,2013-08-07,2013-08-07,1,False
train,Q_e9eccca68d8b4841ecb9,2,1,2016-02-24,2016-02-24,1,False
train,Q_e9f11d0e48759e3cf745,2,1,2015-02-25,2015-02-25,1,False
train,Q_e9f1ea6b8c809e60aa52,2,1,2016-09-14,2016-09-14,1,False
train,Q_e9f3aaeeb6b5ef3b8a93,2,1,2016-05-25,2016-05-25,1,False
train,Q_e9fc2826cc29e623d798,2,1,2016-02-24,2016-02-24,1,False
train,Q_ea0962df84ce316c9540,2,1,2014-12-03,2014-12-03,1,False
train,Q_ea11b2048705884f9af6,2,1,2012-08-01,2012-08-01,1,False
train,Q_ea15423447bb304fad1c,2,1,2012-09-19,2012-09-19,1,False
train,Q_ea1583e88d27d5089390,2,1,2016-06-01,2016-06-01,1,False
train,Q_ea53f167a7b4c2607d9b,2,1,2013-10-02,2013-10-02,1,False
train,Q_ea57fe35e66ce260e188,2,1,2014-06-04,2014-06-04,1,False
train,Q_ea594d49fbf458e7603c,2,1,2016-03-02,2016-03-02,1,False
train,Q_ea5cb5db8d5c492fd5ee,2,1,2015-07-01,2015-07-01,1,False
train,Q_ea5d5f0644d82d8cd31b,2,1,2015-01-21,2015-01-21,1,False
train,Q_ea65d612d23b337441bb,2,1,2014-05-21,2014-05-21,1,False
train,Q_ea66507ee158e34f0245,2,1,2014-07-02,2014-07-02,1,False
train,Q_ea7100411dd7d57cdd15,2,1,2015-03-18,2015-03-18,1,False
train,Q_ea752283f87f3a1799cb,2,1,2013-03-20,2013-03-20,1,False
train,Q_ea78ae0ff27acd0e3aa8,2,1,2016-01-27,2016-01-27,1,False
train,Q_ea87570f4e4abee2040e,2,1,2014-01-15,2014-01-15,1,False
train,Q_ea95e375671c07ad25d2,2,1,2012-10-31,2012-10-31,1,False
train,Q_ea9795db8fd9f57a3a69,2,1,2015-10-28,2015-10-28,1,False
train,Q_ea97cba78043ed7edd4a,2,1,2012-09-05,2012-09-05,1,False
train,Q_ea982561a098e62ef84e,2,1,2014-06-04,2014-06-04,1,False
train,Q_ea993af908fead4949aa,2,1,2015-09-16,2015-09-16,1,False
train,Q_eaa6625684b63f75d10a,2,1,2015-06-17,2015-06-17,1,False
train,Q_eaa7e01d1a1ba5131d63,2,1,2015-07-15,2015-07-15,1,False
train,Q_eaabb347de9c3d219d8b,2,1,2016-03-02,2016-03-02,1,False
train,Q_eac022b3223c2da9c6b3,2,1,2015-01-21,2015-01-21,1,False
train,Q_eac6002a116af0693ec7,2,1,2014-10-15,2014-10-15,1,False
train,Q_eac689abed327f1a6d3e,2,1,2016-03-23,2016-03-23,1,False
train,Q_eade1861a64798f7bfc0,2,1,2014-06-04,2014-06-04,1,False
train,Q_eae34c71be1444d49d48,2,1,2015-12-02,2015-12-02,1,False
train,Q_eae56a82141cb79f7fd1,2,1,2015-07-29,2015-07-29,1,False
train,Q_eae82cab96e7454531c7,2,1,2014-11-19,2014-11-19,1,False
train,Q_eae8549a4e701b5f2b19,2,1,2015-01-07,2015-01-07,1,False
train,Q_eaefa4e98d1a142bbb77,2,1,2016-05-04,2016-05-04,1,False
train,Q_eaffb18e09304fe79b6e,2,1,2013-09-18,2013-09-18,1,False
train,Q_eb0214b8d8460574f3e2,2,1,2016-05-04,2016-05-04,1,False
train,Q_eb07749e10962da641c8,2,1,2015-10-07,2015-10-07,1,False
train,Q_eb087efeb624949fa5ce,2,1,2016-03-16,2016-03-16,1,False
train,Q_eb126bdf1e0c1b04433b,2,1,2013-05-01,2013-05-01,1,False
train,Q_eb16f92b2e655fbd76bd,2,1,2014-04-23,2014-04-23,1,False
train,Q_eb17d3842ed8a9d897da,2,1,2016-05-25,2016-05-25,1,False
train,Q_eb1b7564609d20df80c6,2,1,2016-04-20,2016-04-20,1,False
train,Q_eb32bc2c4df1f35e875e,2,1,2015-04-29,2015-04-29,1,False
train,Q_eb3a7d444059d32bb937,2,1,2016-06-08,2016-06-08,1,False
train,Q_eb3ba33686ba5d46bd7b,2,1,2013-03-20,2013-03-20,1,False
train,Q_eb3bba274e16c78cf8ad,2,1,2014-12-31,2014-12-31,1,False
train,Q_eb40229f1fd5611f7fff,2,1,2014-04-16,2014-04-16,1,False
train,Q_eb411d5dbe04319f1617,2,1,2016-01-13,2016-01-13,1,False
train,Q_eb5055b19faf459c384d,2,1,2016-08-17,2016-08-17,1,False
train,Q_eb6275b9db3864dc7512,2,1,2015-11-04,2015-11-04,1,False
train,Q_eb682f71c9e3f40eee6c,2,1,2016-08-10,2016-08-10,1,False
train,Q_eb69e6a932e2aea68462,2,1,2015-10-14,2015-10-14,1,False
train,Q_eb9fc028ac015d873e33,2,1,2015-04-08,2015-04-08,1,False
train,Q_eba2f0d63b6cd14dca6e,2,1,2015-05-06,2015-05-06,1,False
train,Q_ebb2cef64837d71b2dd5,2,1,2015-05-20,2015-05-20,1,False
train,Q_ebb54e2d4a6e16eeb735,2,1,2016-08-03,2016-08-03,1,False
train,Q_ebb5fdde388c6621560d,2,1,2012-12-05,2012-12-05,1,False
train,Q_ebc34a4fc7c7e0ddb986,2,1,2013-03-06,2013-03-06,1,False
train,Q_ebd73cc079f1323f9b83,2,1,2015-09-16,2015-09-16,1,False
train,Q_ebd865291e232ec8fbe8,2,1,2014-08-06,2014-08-06,1,False
train,Q_ebe1f1f9a84d15f03f4a,2,1,2015-06-24,2015-06-24,1,False
train,Q_ebe6a49d26d5dc12b812,2,1,2013-08-21,2013-08-21,1,False
train,Q_ebe7553e1dd8884a05de,2,1,2015-09-09,2015-09-09,1,False
train,Q_ebfa25cfceb6210372e6,2,1,2015-12-16,2015-12-16,1,False
train,Q_ec0522467b807e73de86,2,1,2013-11-13,2013-11-13,1,False
train,Q_ec0631819666b8551845,2,1,2013-02-06,2013-02-06,1,False
train,Q_ec0b7d24151cb88f850f,2,1,2014-06-04,2014-06-04,1,False
train,Q_ec0f5a8cb664c689b0b6,2,1,2013-07-17,2013-07-17,1,False
train,Q_ec16073f2eb6c02beea0,2,1,2012-11-07,2012-11-07,1,False
train,Q_ec19c8b4228ffa2d8dba,2,1,2012-09-26,2012-09-26,1,False
train,Q_ec30d40652d9bd0eaec9,2,1,2013-12-04,2013-12-04,1,False
train,Q_ec3eafcf3bb22709b58b,2,1,2012-09-26,2012-09-26,1,False
train,Q_ec519791cbe6b20092ca,2,1,2015-11-04,2015-11-04,1,False
train,Q_ec5a4f4566366e2d7acc,2,1,2013-02-20,2013-02-20,1,False
train,Q_ec602b878226b94bfd35,2,1,2016-08-03,2016-08-03,1,False
train,Q_ec6a565bf27d60b8dc5e,2,1,2012-09-26,2012-09-26,1,False
train,Q_ec76104951ccffe3cf46,2,1,2014-06-04,2014-06-04,1,False
train,Q_ec78aaa18b8ab074c353,2,1,2014-07-30,2014-07-30,1,False
train,Q_ec7bc0129116ccf72623,2,1,2014-11-19,2014-11-19,1,False
train,Q_ec803430b38c6365b221,2,1,2016-02-17,2016-02-17,1,False
train,Q_ec8669fbbe0c812968a4,2,1,2014-02-19,2014-02-19,1,False
train,Q_ec882e497ac021b15b05,2,1,2013-11-20,2013-11-20,1,False
train,Q_ec892f96c2668ed4ff2f,2,1,2015-07-29,2015-07-29,1,False
train,Q_ec8dbdf379c0ee39be60,2,1,2012-11-28,2012-11-28,1,False
train,Q_ec946b806aafd7c52104,2,1,2014-12-17,2014-12-17,1,False
train,Q_ec953d6bc966f303f9d8,2,1,2012-12-05,2012-12-05,1,False
train,Q_ec9bdae9691fa43ad1fa,2,1,2016-01-13,2016-01-13,1,False
train,Q_ec9cc9c88fb6d747fbe7,2,1,2015-03-25,2015-03-25,1,False
train,Q_eca077bb0c3d81dc19fd,2,1,2013-06-19,2013-06-19,1,False
train,Q_eca807ce3f2294fcde99,2,1,2013-09-25,2013-09-25,1,False
train,Q_ecac4e87f4f9b54d1e3d,2,1,2013-01-02,2013-01-02,1,False
train,Q_ecb405605e24ca96e082,2,1,2015-11-04,2015-11-04,1,False
train,Q_ecc5d4f43f77d622a1aa,2,1,2015-06-24,2015-06-24,1,False
train,Q_eccbd5e7bc5aa849a72d,4,2,2013-09-18,2013-11-27,2,True
train,Q_eccdb5569e5f55b5c9db,2,1,2013-11-20,2013-11-20,1,False
train,Q_ecd3f7299fe7951aef59,2,1,2016-04-27,2016-04-27,1,False
train,Q_ecefef0e578232424e73,2,1,2014-12-03,2014-12-03,1,False
train,Q_ecf4588cbae95a3d4300,2,1,2015-07-01,2015-07-01,1,False
train,Q_ecf53601a7207f8f58dc,2,1,2013-11-13,2013-11-13,1,False
train,Q_ecf567ee26be2bbda33d,2,1,2013-07-31,2013-07-31,1,False
train,Q_ed0c423a59ff559296ac,2,1,2015-05-20,2015-05-20,1,False
train,Q_ed1713dc6760fa27d55a,2,1,2016-02-03,2016-02-03,1,False
train,Q_ed195249547f12223aec,2,1,2016-02-10,2016-02-10,1,False
train,Q_ed1af97b48a5162cfa64,2,1,2013-08-14,2013-08-14,1,False
train,Q_ed2aa802c15a4e08ab66,2,1,2015-12-16,2015-12-16,1,False
train,Q_ed331f7acd3609082c15,2,1,2015-02-04,2015-02-04,1,False
train,Q_ed37fa64358cfa44c56d,2,1,2015-08-05,2015-08-05,1,False
train,Q_ed3c7d32ec10e17bf3fb,2,1,2013-10-02,2013-10-02,1,False
train,Q_ed40f14266230534243c,2,1,2015-01-21,2015-01-21,1,False
train,Q_ed44ccf341c17e50543b,2,1,2015-04-15,2015-04-15,1,False
train,Q_ed4d02725378d2175519,2,1,2016-05-25,2016-05-25,1,False
train,Q_ed522070a49976bfd7f6,2,1,2014-10-22,2014-10-22,1,False
train,Q_ed59ae529cca452fd820,2,1,2012-09-26,2012-09-26,1,False
train,Q_ed5eab8a72d2130c8ba5,2,1,2014-12-31,2014-12-31,1,False
train,Q_ed7090c3a99007981122,2,1,2016-05-18,2016-05-18,1,False
train,Q_ed779fb1bd15d5f2025f,2,1,2014-08-06,2014-08-06,1,False
train,Q_ed7d1962b3521e25bdab,2,1,2015-12-30,2015-12-30,1,False
train,Q_ed7e953f92e64705ae9e,2,1,2016-01-20,2016-01-20,1,False
train,Q_ed8bfb563277b0f5bf15,2,1,2013-01-30,2013-01-30,1,False
train,Q_ed958475eb6e7322ad7b,2,1,2016-06-01,2016-06-01,1,False
train,Q_ed9a17b5c022ea234af5,2,1,2016-02-10,2016-02-10,1,False
train,Q_eda076955c73cad3916c,2,1,2015-12-02,2015-12-02,1,False
train,Q_eda2490128836a5aa963,2,1,2016-06-22,2016-06-22,1,False
train,Q_eda4f5aca8cddb72a585,2,1,2014-04-23,2014-04-23,1,False
train,Q_eda76f39081a83d43c34,2,1,2015-12-09,2015-12-09,1,False
train,Q_eda84da3727f0d9571c6,2,1,2015-12-30,2015-12-30,1,False
train,Q_edad6ca9da33517b5c37,2,1,2016-03-23,2016-03-23,1,False
train,Q_edc4cba9802400560f83,2,1,2014-08-06,2014-08-06,1,False
train,Q_edd064f4e196cb94155c,2,1,2016-08-03,2016-08-03,1,False
train,Q_edd2b7e0744d3cbb70c1,2,1,2013-10-30,2013-10-30,1,False
train,Q_eddbb8ee9bbbe39fae94,2,1,2014-05-21,2014-05-21,1,False
train,Q_ede455ead8975fb6a534,2,1,2013-11-06,2013-11-06,1,False
train,Q_ede923afd79f9d431c37,2,1,2016-06-08,2016-06-08,1,False
train,Q_edebd1cae378ed2ff7a0,2,1,2014-11-19,2014-11-19,1,False
train,Q_edfbc2d534b7325484a8,2,1,2016-09-21,2016-09-21,1,False
train,Q_edffb0c981509ef33051,2,1,2014-10-29,2014-10-29,1,False
train,Q_ee0a1058d654ada5cdef,2,1,2015-05-20,2015-05-20,1,False
train,Q_ee0b8ebf4caae0e5e4bb,2,1,2015-07-15,2015-07-15,1,False
train,Q_ee10acfbc032f6bab803,2,1,2014-05-14,2014-05-14,1,False
train,Q_ee13a82dc6eb396b4af9,2,1,2015-07-29,2015-07-29,1,False
train,Q_ee1fbf9cda8677dddbcf,2,1,2014-05-21,2014-05-21,1,False
train,Q_ee222646eefbd6ee7183,2,1,2015-11-18,2015-11-18,1,False
train,Q_ee2d9267164649123316,2,1,2015-12-09,2015-12-09,1,False
train,Q_ee2f5af3cbf245d231dd,2,1,2015-11-25,2015-11-25,1,False
train,Q_ee31b906ae66b40a16ee,2,1,2016-01-06,2016-01-06,1,False
train,Q_ee3ecf4452d74ad9a159,2,1,2015-09-16,2015-09-16,1,False
train,Q_ee3f3faa09650c6f6f39,2,1,2016-04-06,2016-04-06,1,False
train,Q_ee54427144202f552bbf,2,1,2013-09-18,2013-09-18,1,False
train,Q_ee5a9480eae5ff139414,2,1,2016-06-01,2016-06-01,1,False
train,Q_ee5e3c353be675843d6d,2,1,2012-10-10,2012-10-10,1,False
train,Q_ee639ee876b6d8fd5a3d,2,1,2015-03-25,2015-03-25,1,False
train,Q_ee698e79821090c4301a,2,1,2014-04-30,2014-04-30,1,False
train,Q_ee6cd398089a014cb4d9,2,1,2013-07-31,2013-07-31,1,False
train,Q_ee77a029785b95d7b1f9,2,1,2014-05-07,2014-05-07,1,False
train,Q_ee7d2961d4a7a78642f7,2,1,2014-10-15,2014-10-15,1,False
train,Q_ee7efd2d64e480553fc8,2,1,2014-06-25,2014-06-25,1,False
train,Q_ee8edda01a428af30514,4,2,2014-07-09,2014-09-03,2,True
train,Q_ee8fecf24d03e2beae93,2,1,2016-04-27,2016-04-27,1,False
train,Q_ee985641378b973ded45,2,1,2016-06-15,2016-06-15,1,False
train,Q_ee9ad6c56ae36c3e0376,2,1,2015-11-25,2015-11-25,1,False
train,Q_eea5aa68119161711eda,2,1,2016-06-22,2016-06-22,1,False
train,Q_eeac85f648cdd2cd4095,2,1,2016-08-10,2016-08-10,1,False
train,Q_eeb1eb1e97e395d12678,2,1,2014-10-01,2014-10-01,1,False
train,Q_eeb78aed932db3bda05c,2,1,2013-12-04,2013-12-04,1,False
train,Q_eeba8678439c9a79e47a,2,1,2015-04-22,2015-04-22,1,False
train,Q_eebf4cfeb0369c713572,2,1,2016-01-27,2016-01-27,1,False
train,Q_eec5f8b4cbf865a9869c,2,1,2015-04-15,2015-04-15,1,False
train,Q_eecc2e05a72a8eb53e57,2,1,2015-06-10,2015-06-10,1,False
train,Q_eecf1373342672d3c774,2,1,2015-10-14,2015-10-14,1,False
train,Q_eed4080dadc92e5ee59c,2,1,2013-04-24,2013-04-24,1,False
train,Q_eed943984438814fc0e0,2,1,2012-07-25,2012-07-25,1,False
train,Q_eee4dbd74a496d1b8f43,2,1,2015-06-03,2015-06-03,1,False
train,Q_eeeabbf54ae605942f9c,2,1,2014-06-04,2014-06-04,1,False
train,Q_eeec2f6246d8cbe5dbcf,2,1,2016-02-17,2016-02-17,1,False
train,Q_ef0365ab09ebd9c99227,2,1,2014-10-15,2014-10-15,1,False
train,Q_ef06463b3005c047eeab,2,1,2014-10-29,2014-10-29,1,False
train,Q_ef0d61d5732c745f3478,2,1,2014-10-01,2014-10-01,1,False
train,Q_ef18bbfde5ef5c1ef276,2,1,2015-08-12,2015-08-12,1,False
train,Q_ef1cbafd9b983fa47de4,2,1,2015-09-30,2015-09-30,1,False
train,Q_ef215094d9fda5f97a89,2,1,2014-02-05,2014-02-05,1,False
train,Q_ef22389844e9f9dafb4c,2,1,2016-08-03,2016-08-03,1,False
train,Q_ef32d9fd32a8e4646656,2,1,2013-04-24,2013-04-24,1,False
train,Q_ef5285b2e832834e96de,2,1,2015-09-16,2015-09-16,1,False
train,Q_ef60b3580d39bd78fba2,2,1,2014-04-23,2014-04-23,1,False
train,Q_ef66fe74fbb37fa47192,2,1,2014-11-19,2014-11-19,1,False
train,Q_ef68c04890bcd569664a,2,1,2016-01-27,2016-01-27,1,False
train,Q_ef8c4a50067c4768b195,2,1,2016-04-27,2016-04-27,1,False
train,Q_ef8e0e50ae50d5781dd9,2,1,2014-09-10,2014-09-10,1,False
train,Q_efa28c9800195c053682,2,1,2016-04-13,2016-04-13,1,False
train,Q_efadaf944536102d650d,2,1,2013-01-16,2013-01-16,1,False
train,Q_efae1c71bf26a481b223,2,1,2013-05-22,2013-05-22,1,False
train,Q_efd2a8fe17f9c333c068,2,1,2016-09-07,2016-09-07,1,False
train,Q_efdc288b35985b0e6345,2,1,2015-09-16,2015-09-16,1,False
train,Q_efe3365f52ae8e9b1bdd,2,1,2013-05-01,2013-05-01,1,False
train,Q_efe4711d71a398ef9dc6,2,1,2015-07-08,2015-07-08,1,False
train,Q_efe7d224390388007da4,2,1,2013-11-06,2013-11-06,1,False
train,Q_efeb9dcefb1b7d768b22,2,1,2013-11-27,2013-11-27,1,False
train,Q_eff19b14167d998e97ee,2,1,2014-10-22,2014-10-22,1,False
train,Q_eff49571ad9b632a3f3e,2,1,2012-07-25,2012-07-25,1,False
train,Q_effe6da5d55bc1a74cec,2,1,2013-03-20,2013-03-20,1,False
train,Q_efffaf3fc593ebacbac8,2,1,2015-09-16,2015-09-16,1,False
train,Q_f000df61c136113fb3d2,2,1,2015-02-04,2015-02-04,1,False
train,Q_f007314f464e980aefe8,2,1,2012-07-25,2012-07-25,1,False
train,Q_f007b443b6df863159cd,2,1,2012-09-05,2012-09-05,1,False
train,Q_f00e254407ba445c4ca5,2,1,2016-01-20,2016-01-20,1,False
train,Q_f01c34936a35cc391bc2,2,1,2014-11-26,2014-11-26,1,False
train,Q_f01d8a5c691db14a24c0,2,1,2015-09-09,2015-09-09,1,False
train,Q_f021ecec393a43bc9484,2,1,2016-02-24,2016-02-24,1,False
train,Q_f0238bce30a4000b89ab,2,1,2016-04-13,2016-04-13,1,False
train,Q_f0310dd101e77f5b4fe2,2,1,2014-02-19,2014-02-19,1,False
train,Q_f03283397c1f1c576247,2,1,2014-10-15,2014-10-15,1,False
train,Q_f03290e9843be7055d11,2,1,2015-11-04,2015-11-04,1,False
train,Q_f03bd4b990e489d4d0b8,2,1,2014-04-23,2014-04-23,1,False
train,Q_f0469d36319cf43a5019,2,1,2016-07-13,2016-07-13,1,False
train,Q_f0472c69771744d6c501,2,1,2016-05-04,2016-05-04,1,False
train,Q_f048911782d841b9804f,2,1,2016-09-14,2016-09-14,1,False
train,Q_f04aa743dc4758315ae6,2,1,2012-09-26,2012-09-26,1,False
train,Q_f04c44d443e66d2ca05a,2,1,2013-01-30,2013-01-30,1,False
train,Q_f053f54c61bf1338e1c6,2,1,2016-02-10,2016-02-10,1,False
train,Q_f05c9cd9731e616ef59f,2,1,2012-09-26,2012-09-26,1,False
train,Q_f0613a95bd6b3087f9c1,2,1,2016-01-06,2016-01-06,1,False
train,Q_f0618a28bcf9e8fe7724,2,1,2013-06-12,2013-06-12,1,False
train,Q_f06a036cad12e8b53223,2,1,2015-11-11,2015-11-11,1,False
train,Q_f06e58295b41fadd9a01,2,1,2015-08-05,2015-08-05,1,False
train,Q_f07281468ac35c7f8016,2,1,2015-11-04,2015-11-04,1,False
train,Q_f07396f467afd19e7b4b,2,1,2013-11-27,2013-11-27,1,False
train,Q_f074e8aa3a2673db40ac,2,1,2015-03-25,2015-03-25,1,False
train,Q_f077aeac42ebedfe89f5,2,1,2012-12-12,2012-12-12,1,False
train,Q_f07d6ed01d0d07cee92c,2,1,2016-03-09,2016-03-09,1,False
train,Q_f07f0d394ee717a567cc,2,1,2016-03-30,2016-03-30,1,False
train,Q_f07f3b20e40c28dcd9d7,2,1,2014-07-09,2014-07-09,1,False
train,Q_f094b891f82ccfbc6aac,2,1,2013-04-24,2013-04-24,1,False
train,Q_f096236f12664f0f5730,2,1,2016-03-09,2016-03-09,1,False
train,Q_f09bc4c1470e4f158d39,2,1,2015-10-07,2015-10-07,1,False
train,Q_f0a198807a79db8f38f7,2,1,2015-04-08,2015-04-08,1,False
train,Q_f0a706b9fd490f367b33,2,1,2016-03-02,2016-03-02,1,False
train,Q_f0a9eb480e78a630a532,2,1,2015-10-28,2015-10-28,1,False
train,Q_f0ac3c0c3648c6eeb50a,2,1,2014-05-07,2014-05-07,1,False
train,Q_f0b9ed10ca203dd309d7,2,1,2014-02-05,2014-02-05,1,False
train,Q_f0becc623a8bd1ee0a14,2,1,2014-04-23,2014-04-23,1,False
train,Q_f0c3f93b40e9517475ea,2,1,2013-08-28,2013-08-28,1,False
train,Q_f0c796f059840c7b8267,2,1,2016-02-03,2016-02-03,1,False
train,Q_f0d77a29495b52f4dd74,2,1,2013-06-12,2013-06-12,1,False
train,Q_f0d8c7d70086e8b9e00f,2,1,2012-10-10,2012-10-10,1,False
train,Q_f0dba0b1de2188e259a5,2,1,2016-04-06,2016-04-06,1,False
train,Q_f0dfd3d7624a78af2e64,2,1,2013-05-01,2013-05-01,1,False
train,Q_f0eccf0618d42b8078b0,2,1,2014-06-11,2014-06-11,1,False
train,Q_f0f1273754372dfbfa66,2,1,2015-06-24,2015-06-24,1,False
train,Q_f0f2fac498517bd00093,2,1,2013-10-02,2013-10-02,1,False
train,Q_f0fb230656b47722a857,2,1,2014-08-13,2014-08-13,1,False
train,Q_f101ac3bfb0c00b827e1,2,1,2013-10-02,2013-10-02,1,False
train,Q_f1053623983464a10063,2,1,2013-07-17,2013-07-17,1,False
train,Q_f109a7edb68c99188fc3,2,1,2014-10-01,2014-10-01,1,False
train,Q_f112cf9757a6adaefd00,2,1,2016-05-25,2016-05-25,1,False
train,Q_f11b109934e932e4cf13,2,1,2014-06-04,2014-06-04,1,False
train,Q_f122b5a831170eb6eeaa,2,1,2014-07-23,2014-07-23,1,False
train,Q_f125fb7d4fe8f54532e1,2,1,2012-08-01,2012-08-01,1,False
train,Q_f127c52a2691b6f54087,2,1,2015-04-29,2015-04-29,1,False
train,Q_f135931eedc2b353a730,2,1,2012-09-12,2012-09-12,1,False
train,Q_f137bbf28302bf1fb878,2,1,2014-10-01,2014-10-01,1,False
train,Q_f13cdcac3b7d08d41ba9,2,1,2012-09-05,2012-09-05,1,False
train,Q_f13f9c3b53793dc0889e,2,1,2016-06-01,2016-06-01,1,False
train,Q_f145e72dd73b404ac111,2,1,2013-06-26,2013-06-26,1,False
train,Q_f147d176679910accb18,2,1,2015-06-03,2015-06-03,1,False
train,Q_f15e4a2f8836dd2dee5f,2,1,2016-01-13,2016-01-13,1,False
train,Q_f16bdc91358d66707b49,2,1,2015-03-18,2015-03-18,1,False
train,Q_f16db5695284afcc562a,2,1,2013-11-20,2013-11-20,1,False
train,Q_f16dc5c824bf9d804e68,2,1,2014-09-17,2014-09-17,1,False
train,Q_f174e9260cd344969090,2,1,2016-06-29,2016-06-29,1,False
train,Q_f17938e555183b3ee2bb,2,1,2013-04-17,2013-04-17,1,False
train,Q_f17af7b0465d585d1c6f,2,1,2015-11-18,2015-11-18,1,False
train,Q_f17c67f43180b1ddcf30,2,1,2014-10-15,2014-10-15,1,False
train,Q_f18282ba4f17b46f7f89,2,1,2015-01-07,2015-01-07,1,False
train,Q_f1847cb45287601c65a8,2,1,2016-04-06,2016-04-06,1,False
train,Q_f1862ec79401b3bacf7c,2,1,2015-09-23,2015-09-23,1,False
train,Q_f193e4e64d87f3cb4e63,2,1,2012-09-26,2012-09-26,1,False
train,Q_f19d97091727e8cad7eb,2,1,2015-12-30,2015-12-30,1,False
train,Q_f19e207f69283224c404,2,1,2014-06-04,2014-06-04,1,False
train,Q_f1a8f0dfbda1cbef7b50,2,1,2016-05-18,2016-05-18,1,False
train,Q_f1b34aad7fccdb479eee,2,1,2016-05-25,2016-05-25,1,False
train,Q_f1b68b9be6c2f9dd668a,2,1,2013-10-09,2013-10-09,1,False
train,Q_f1c6cc5951e4692a101d,4,2,2014-07-09,2014-09-03,2,True
train,Q_f1c987a00b760f74c343,2,1,2015-08-12,2015-08-12,1,False
train,Q_f1c9b7129f1646dae725,2,1,2014-06-11,2014-06-11,1,False
train,Q_f1c9ee48c0024121a1aa,2,1,2015-10-28,2015-10-28,1,False
train,Q_f1cb8fb4cf435af50c32,2,1,2012-08-29,2012-08-29,1,False
train,Q_f1ce604e251490ba7da0,2,1,2013-02-13,2013-02-13,1,False
train,Q_f1d0182b8b2b1f78fbbc,2,1,2014-02-05,2014-02-05,1,False
train,Q_f1dd30df7282b5fa88da,2,1,2016-05-04,2016-05-04,1,False
train,Q_f1e1216a5adfc4d116b2,2,1,2015-12-09,2015-12-09,1,False
train,Q_f1f27055112144493939,2,1,2012-10-03,2012-10-03,1,False
train,Q_f1f5ade3438300769455,2,1,2015-01-07,2015-01-07,1,False
train,Q_f219bc581e28ef199bed,2,1,2013-06-19,2013-06-19,1,False
train,Q_f21a647a1556003d71c1,2,1,2012-12-05,2012-12-05,1,False
train,Q_f21babf1f954843475a9,2,1,2013-07-17,2013-07-17,1,False
train,Q_f2610387054a37b8ae28,2,1,2012-08-01,2012-08-01,1,False
train,Q_f26271677ac39f55a2de,2,1,2016-06-01,2016-06-01,1,False
train,Q_f2661eb874e2bdd0d451,2,1,2013-11-20,2013-11-20,1,False
train,Q_f2795a58ecec7edf18b0,2,1,2015-09-16,2015-09-16,1,False
train,Q_f27fb63f50bd39732057,2,1,2013-03-13,2013-03-13,1,False
train,Q_f28eac497b15a61ec7f3,4,2,2013-09-18,2013-11-27,2,True
train,Q_f29112929a1a6479b071,2,1,2012-08-01,2012-08-01,1,False
train,Q_f29768bc28e0cb132369,2,1,2012-08-01,2012-08-01,1,False
train,Q_f29b90e6698cce0ce0cd,2,1,2016-03-30,2016-03-30,1,False
train,Q_f29bb7d27d3b89fc9748,2,1,2014-02-05,2014-02-05,1,False
train,Q_f29c3fc0be48d30a5cc3,2,1,2016-03-30,2016-03-30,1,False
train,Q_f29dc951369239e45173,2,1,2015-11-04,2015-11-04,1,False
train,Q_f2a52314ca6fffc5a131,2,1,2014-06-25,2014-06-25,1,False
train,Q_f2b32b174973579ae98e,2,1,2013-04-24,2013-04-24,1,False
train,Q_f2bb96843b19cc67fb70,2,1,2013-07-10,2013-07-10,1,False
train,Q_f2c182e4225eeca88ca2,2,1,2013-07-17,2013-07-17,1,False
train,Q_f2d2f330f07b5a9cebbb,2,1,2015-10-14,2015-10-14,1,False
train,Q_f2e09214d97277784355,2,1,2015-12-02,2015-12-02,1,False
train,Q_f2e105bbc0ab1d181d53,2,1,2016-01-20,2016-01-20,1,False
train,Q_f2e6edee63540777bf61,2,1,2016-05-25,2016-05-25,1,False
train,Q_f2f3e0df03a695f54ca4,2,1,2014-07-09,2014-07-09,1,False
train,Q_f2f7c2f0d20f4a826220,2,1,2013-11-27,2013-11-27,1,False
train,Q_f304402d80d63d347735,2,1,2014-11-12,2014-11-12,1,False
train,Q_f306adbae03389f2fadc,2,1,2015-06-03,2015-06-03,1,False
train,Q_f306ea42c94a0f94f9dd,2,1,2014-06-11,2014-06-11,1,False
train,Q_f30aaf95cdc784752197,2,1,2013-06-19,2013-06-19,1,False
train,Q_f30baf79dbf373d97a61,2,1,2013-11-20,2013-11-20,1,False
train,Q_f3279672b8f01f1fa1fc,2,1,2015-02-18,2015-02-18,1,False
train,Q_f33394ff44a54f4315cf,2,1,2016-06-22,2016-06-22,1,False
train,Q_f333b03fc1d3fce9296a,2,1,2015-07-08,2015-07-08,1,False
train,Q_f33e470089dc46e66fe6,2,1,2013-06-12,2013-06-12,1,False
train,Q_f33f2bf1a3f7f0c03039,4,2,2014-04-09,2014-10-08,2,True
train,Q_f3414507bbda91755508,2,1,2014-12-17,2014-12-17,1,False
train,Q_f342b284fafd8a1355c1,2,1,2013-02-27,2013-02-27,1,False
train,Q_f3484bf6848461e968e6,2,1,2013-08-28,2013-08-28,1,False
train,Q_f34d8131c75d289fb740,2,1,2015-02-04,2015-02-04,1,False
train,Q_f3516bf79fec0b00fa20,2,1,2013-08-21,2013-08-21,1,False
train,Q_f36f9afb47906ba3ffc6,2,1,2015-11-18,2015-11-18,1,False
train,Q_f3720caac7e5f085c569,2,1,2013-01-23,2013-01-23,1,False
train,Q_f374d3da31646035b268,2,1,2014-09-17,2014-09-17,1,False
train,Q_f378748aeb010d601232,2,1,2015-04-15,2015-04-15,1,False
train,Q_f37882cb3042b2bcda3d,2,1,2013-03-20,2013-03-20,1,False
train,Q_f37ad570e7d5ecf2148b,2,1,2013-06-26,2013-06-26,1,False
train,Q_f38f57c00c74cbee9ca7,2,1,2013-12-25,2013-12-25,1,False
train,Q_f397df7bd23841e2a0b0,2,1,2013-05-01,2013-05-01,1,False
train,Q_f3a4cdd0cc4656cbc67f,2,1,2015-12-02,2015-12-02,1,False
train,Q_f3a9b3f897f19f7a3c70,2,1,2013-08-28,2013-08-28,1,False
train,Q_f3b589e6033faddfca55,2,1,2014-06-04,2014-06-04,1,False
train,Q_f3b7c600540c678490b3,2,1,2014-09-17,2014-09-17,1,False
train,Q_f3b9d2c9c101bb801473,2,1,2013-03-20,2013-03-20,1,False
train,Q_f3bd704f43b2a4e40879,2,1,2015-02-11,2015-02-11,1,False
train,Q_f3d0e990d7a78fc91fc0,2,1,2015-11-18,2015-11-18,1,False
train,Q_f3d612b2e32e5173d724,2,1,2013-07-10,2013-07-10,1,False
train,Q_f3d759bbb9063638d11e,2,1,2016-03-23,2016-03-23,1,False
train,Q_f3d84de0ff418b8f2040,2,1,2014-01-22,2014-01-22,1,False
train,Q_f3dfa1ed568e3fc415b1,2,1,2015-10-07,2015-10-07,1,False
train,Q_f3e5560dba546a2236f3,2,1,2013-08-21,2013-08-21,1,False
train,Q_f40ec8c44da627633159,2,1,2013-05-01,2013-05-01,1,False
train,Q_f417a57f19414932b3b2,2,1,2014-08-27,2014-08-27,1,False
train,Q_f4192789181cfa4b4599,2,1,2016-01-27,2016-01-27,1,False
train,Q_f43318262bca2830f80b,2,1,2014-12-03,2014-12-03,1,False
train,Q_f43762437dd236564753,2,1,2013-01-30,2013-01-30,1,False
train,Q_f43eb672509c76ceafe2,2,1,2013-11-20,2013-11-20,1,False
train,Q_f4682eac748b1b5793eb,2,1,2016-05-25,2016-05-25,1,False
train,Q_f4707099b58a61c2b161,2,1,2016-03-23,2016-03-23,1,False
train,Q_f4747e26ce97ffdd7717,2,1,2016-04-20,2016-04-20,1,False
train,Q_f47a09a6d069a5436825,2,1,2012-09-26,2012-09-26,1,False
train,Q_f48fdf8569864b01888d,2,1,2016-03-16,2016-03-16,1,False
train,Q_f49a34bff28b7fd01dd3,2,1,2013-07-31,2013-07-31,1,False
train,Q_f49ff371246ed6bde1fe,2,1,2016-03-16,2016-03-16,1,False
train,Q_f4aa307bea9743af4a16,2,1,2012-08-29,2012-08-29,1,False
train,Q_f4b1dcb061aef369edc5,2,1,2013-12-04,2013-12-04,1,False
train,Q_f4b803eee278724aceae,2,1,2013-03-20,2013-03-20,1,False
train,Q_f4b9be6340c4906ac6e9,2,1,2013-04-10,2013-04-10,1,False
train,Q_f4ba54ba835fe1a7bdcd,2,1,2012-08-22,2012-08-22,1,False
train,Q_f4bcd260626e21a9ad03,2,1,2013-03-06,2013-03-06,1,False
train,Q_f4c9b28ae3002d2830ac,2,1,2014-11-19,2014-11-19,1,False
train,Q_f4ca4f6f4db867024c13,2,1,2016-03-09,2016-03-09,1,False
train,Q_f4d73909cb6be36864e0,2,1,2014-06-04,2014-06-04,1,False
train,Q_f4dad001270cfbae514a,2,1,2015-08-12,2015-08-12,1,False
train,Q_f4de95d9ab5b1327b636,2,1,2014-04-23,2014-04-23,1,False
train,Q_f4e7dcc9b9caa5f4be21,2,1,2013-04-24,2013-04-24,1,False
train,Q_f4efc8cbf3d78d295cd4,2,1,2012-11-21,2012-11-21,1,False
train,Q_f51cc10414a6be8faddf,2,1,2014-11-19,2014-11-19,1,False
train,Q_f525c1ac12a81ebf78a9,2,1,2014-04-23,2014-04-23,1,False
train,Q_f5348e28a9e0a677b706,2,1,2012-07-25,2012-07-25,1,False
train,Q_f534c64e78c8d1a104b2,2,1,2016-03-09,2016-03-09,1,False
train,Q_f53842479f88916b88e4,2,1,2016-08-10,2016-08-10,1,False
train,Q_f53df32e84a74cfdffbd,2,1,2014-06-11,2014-06-11,1,False
train,Q_f548e758dfeb55ef7a2b,2,1,2013-08-21,2013-08-21,1,False
train,Q_f5499a72af60ec2724c1,2,1,2014-09-17,2014-09-17,1,False
train,Q_f5537e80c9f8c549667e,2,1,2014-10-15,2014-10-15,1,False
train,Q_f5548ad77ebf5ff13f1e,2,1,2016-04-13,2016-04-13,1,False
train,Q_f55bf59495bb99761d05,2,1,2014-04-09,2014-04-09,1,False
train,Q_f571f974fac3de3eabf8,2,1,2014-10-15,2014-10-15,1,False
train,Q_f57ffeed0980f2825749,2,1,2012-10-03,2012-10-03,1,False
train,Q_f5867ad12317b767f377,2,1,2016-04-06,2016-04-06,1,False
train,Q_f5879d70c0081a602c51,2,1,2014-07-30,2014-07-30,1,False
train,Q_f590d171472ecf5cad82,2,1,2013-12-04,2013-12-04,1,False
train,Q_f59436f1977432273884,4,2,2013-09-18,2013-11-27,2,True
train,Q_f59ba2571afcb94eea64,2,1,2014-07-23,2014-07-23,1,False
train,Q_f5a09f56a2c16145f555,2,1,2014-08-20,2014-08-20,1,False
train,Q_f5a8a0db8f12b0372e9c,2,1,2015-08-12,2015-08-12,1,False
train,Q_f5ae94069ae42092e030,2,1,2012-11-28,2012-11-28,1,False
train,Q_f5b09018918b399c9856,2,1,2014-02-12,2014-02-12,1,False
train,Q_f5c6869e7225cf85319f,2,1,2016-08-24,2016-08-24,1,False
train,Q_f5c970171b287392e32c,2,1,2014-06-04,2014-06-04,1,False
train,Q_f5ce7e6bb70675d8eb94,2,1,2014-02-05,2014-02-05,1,False
train,Q_f5ed37f6d6a82c82f9cb,2,1,2013-06-19,2013-06-19,1,False
train,Q_f5ef9912a373de952283,2,1,2016-08-24,2016-08-24,1,False
train,Q_f5f0e7f23f0c2c31fed8,2,1,2015-08-12,2015-08-12,1,False
train,Q_f5f552f6147e22b9f59a,2,1,2014-02-05,2014-02-05,1,False
train,Q_f5ffd2ab6f2eaa01ed4a,2,1,2016-02-03,2016-02-03,1,False
train,Q_f604d3ffa38ab6cde12d,2,1,2014-12-24,2014-12-24,1,False
train,Q_f6223950e36a06d39b10,2,1,2012-10-24,2012-10-24,1,False
train,Q_f6227c3b90e9b4224283,2,1,2016-02-03,2016-02-03,1,False
train,Q_f640678cd04a7e3fdc5c,2,1,2016-02-24,2016-02-24,1,False
train,Q_f64657f443b2e2316e65,2,1,2013-03-13,2013-03-13,1,False
train,Q_f64f9ce350b622357300,2,1,2013-11-20,2013-11-20,1,False
train,Q_f660f01e9133f8b39ddd,2,1,2014-12-31,2014-12-31,1,False
train,Q_f664e0373c2d9bbeeecb,2,1,2014-06-25,2014-06-25,1,False
train,Q_f67dc258215594ef2321,2,1,2013-10-02,2013-10-02,1,False
train,Q_f68359faee2b35fa1c6d,2,1,2013-08-21,2013-08-21,1,False
train,Q_f68642515d87b4b8caeb,2,1,2014-02-12,2014-02-12,1,False
train,Q_f6889d0da9106f5d5fb2,2,1,2015-07-01,2015-07-01,1,False
train,Q_f693fa9a484bab5707f0,2,1,2015-05-06,2015-05-06,1,False
train,Q_f69e70e77712838f0772,2,1,2013-07-17,2013-07-17,1,False
train,Q_f6a4e3f3572a88ae4ce3,2,1,2015-12-30,2015-12-30,1,False
train,Q_f6a83f7b6a802e2845a6,2,1,2014-04-09,2014-04-09,1,False
train,Q_f6b13b796054e7b9338c,2,1,2016-08-10,2016-08-10,1,False
train,Q_f6c0a7aa1cf1c485d264,2,1,2013-02-20,2013-02-20,1,False
train,Q_f6cb019d185a8223b3a3,2,1,2014-06-18,2014-06-18,1,False
train,Q_f6cba7dcfd3bd7ab78b0,2,1,2016-02-10,2016-02-10,1,False
train,Q_f6de4a5829c08d8305dc,2,1,2015-06-24,2015-06-24,1,False
train,Q_f6e1c9921c500bea5be0,2,1,2015-11-18,2015-11-18,1,False
train,Q_f6e9b422f75aeee41e9d,2,1,2012-09-19,2012-09-19,1,False
train,Q_f6eababb7be587c64700,2,1,2014-01-01,2014-01-01,1,False
train,Q_f70a4c287f716fbda2e5,2,1,2013-07-10,2013-07-10,1,False
train,Q_f715a8d8eb28013c1647,2,1,2012-08-29,2012-08-29,1,False
train,Q_f71e2f50fe980a44964c,2,1,2013-09-25,2013-09-25,1,False
train,Q_f725ff69b295ba9d16f8,2,1,2014-10-15,2014-10-15,1,False
train,Q_f738a797f14e6605df70,2,1,2015-09-23,2015-09-23,1,False
train,Q_f73d96f0c93fe84d91ad,2,1,2014-12-31,2014-12-31,1,False
train,Q_f74c7cc89eb809dcba15,2,1,2014-12-03,2014-12-03,1,False
train,Q_f752f59eb0c62d5e525f,2,1,2012-09-05,2012-09-05,1,False
train,Q_f767b06f760b8ef9034a,2,1,2014-01-15,2014-01-15,1,False
train,Q_f76b07b1c3c6a26b1a03,2,1,2015-02-25,2015-02-25,1,False
train,Q_f77a4db9616dc43743eb,2,1,2014-07-09,2014-07-09,1,False
train,Q_f786bbac0eeef2ba24ac,2,1,2014-10-01,2014-10-01,1,False
train,Q_f7891446b8d1803b1783,2,1,2013-06-26,2013-06-26,1,False
train,Q_f7a09564f9ced74a8c5e,2,1,2014-02-05,2014-02-05,1,False
train,Q_f7a55148f68ed8c4ba9c,2,1,2014-06-04,2014-06-04,1,False
train,Q_f7ac81fdbc9c49112aa2,2,1,2015-07-29,2015-07-29,1,False
train,Q_f7bfbd9611eddc0b29dc,2,1,2014-01-29,2014-01-29,1,False
train,Q_f7ceda05e973797adfad,2,1,2014-01-15,2014-01-15,1,False
train,Q_f7e0ec5d34cd3ba74c36,2,1,2015-02-11,2015-02-11,1,False
train,Q_f7e31db4759a52752217,2,1,2012-08-01,2012-08-01,1,False
train,Q_f7e6959100b93dbf9c97,2,1,2014-10-01,2014-10-01,1,False
train,Q_f7ef3645d430f534c3a8,2,1,2013-06-19,2013-06-19,1,False
train,Q_f7f50ee544feddb70961,2,1,2015-06-24,2015-06-24,1,False
train,Q_f7fe19a58de7fced686e,2,1,2016-06-22,2016-06-22,1,False
train,Q_f8040f4408e9d1e8f525,2,1,2013-01-16,2013-01-16,1,False
train,Q_f810af9b5682cb5ce243,2,1,2014-09-24,2014-09-24,1,False
train,Q_f812f48bf0b652f25d57,2,1,2013-10-30,2013-10-30,1,False
train,Q_f82a5eb7e8927a18ca56,2,1,2015-04-29,2015-04-29,1,False
train,Q_f82fa9e860ef16d98fdf,2,1,2015-09-16,2015-09-16,1,False
train,Q_f831a9bb278613132d4f,2,1,2013-11-20,2013-11-20,1,False
train,Q_f834486415e845165538,2,1,2013-12-04,2013-12-04,1,False
train,Q_f83fe83b8f4084669f1e,2,1,2014-11-19,2014-11-19,1,False
train,Q_f84849e3e9f317e12969,4,1,2013-01-23,2013-01-23,2,False
train,Q_f8490eaae2f917d80e8f,2,1,2015-11-04,2015-11-04,1,False
train,Q_f8495a6b0d3cb2dfa252,2,1,2015-05-06,2015-05-06,1,False
train,Q_f85a26c91881f6930280,2,1,2015-03-04,2015-03-04,1,False
train,Q_f85d85626362bdf1483b,2,1,2012-10-31,2012-10-31,1,False
train,Q_f860d97538ff715eafd3,2,1,2014-06-04,2014-06-04,1,False
train,Q_f8640dfec6990cde321e,2,1,2015-05-06,2015-05-06,1,False
train,Q_f8784b35b07dc6c7d1ba,2,1,2014-12-17,2014-12-17,1,False
train,Q_f8846fc18806f71ed589,2,1,2013-06-19,2013-06-19,1,False
train,Q_f88a899ac3dd6b95f480,2,1,2016-09-07,2016-09-07,1,False
train,Q_f88f86c57b3ef3272dbe,2,1,2013-12-11,2013-12-11,1,False
train,Q_f89513ed0c80b86f3ca1,2,1,2015-12-30,2015-12-30,1,False
train,Q_f89982304c33fa37bf5a,2,1,2012-11-14,2012-11-14,1,False
train,Q_f89dc168cc4d9e1c5569,2,1,2016-03-02,2016-03-02,1,False
train,Q_f8a76737d9d94d330304,2,1,2012-09-26,2012-09-26,1,False
train,Q_f8a83a43feb3436482ae,2,1,2012-07-11,2012-07-11,1,False
train,Q_f8a8d9499d947b9a8f38,2,1,2013-10-30,2013-10-30,1,False
train,Q_f8a9f146dfe31533521f,2,1,2012-07-25,2012-07-25,1,False
train,Q_f8acd6a4e4d59ea8e581,2,1,2015-12-02,2015-12-02,1,False
train,Q_f8ae9a83ae2a5660e331,2,1,2013-05-15,2013-05-15,1,False
train,Q_f8b069db25c2f59a6a4e,2,1,2013-10-02,2013-10-02,1,False
train,Q_f8b4b06a2ec4c5b912bc,2,1,2012-08-01,2012-08-01,1,False
train,Q_f8b500bec31bfad47ee9,2,1,2016-03-02,2016-03-02,1,False
train,Q_f8bf10f8bb9a7c8669c3,2,1,2012-12-26,2012-12-26,1,False
train,Q_f8c1abe7a6ed66bfad84,2,1,2015-09-16,2015-09-16,1,False
train,Q_f8c68c572e2724982eb4,2,1,2012-10-31,2012-10-31,1,False
train,Q_f8d2e85ee90d8ba2d3d0,2,1,2013-09-18,2013-09-18,1,False
train,Q_f8e318849dd7c5f7ef52,2,1,2016-04-20,2016-04-20,1,False
train,Q_f8eec76ae51c2c7b5692,2,1,2016-03-16,2016-03-16,1,False
train,Q_f8f634a859f27b0bbf18,2,1,2016-02-03,2016-02-03,1,False
train,Q_f9025ffd362c73c51ad9,2,1,2016-04-13,2016-04-13,1,False
train,Q_f90579bdb423b1f59a0b,2,1,2015-08-12,2015-08-12,1,False
train,Q_f90b0624181d55ceeb7e,2,1,2016-05-18,2016-05-18,1,False
train,Q_f90be026d965b5ac7f73,2,1,2015-03-25,2015-03-25,1,False
train,Q_f9176802d9983d0dcfe8,2,1,2014-05-21,2014-05-21,1,False
train,Q_f922b68a07799070242c,4,2,2014-07-09,2014-09-03,2,True
train,Q_f92d8cdc0fd3289888fd,2,1,2013-12-04,2013-12-04,1,False
train,Q_f93012a5e637689de448,2,1,2012-08-08,2012-08-08,1,False
train,Q_f935f90e7451d60dfe05,2,1,2015-03-04,2015-03-04,1,False
train,Q_f938031a8e5bb5dcdaeb,2,1,2014-05-21,2014-05-21,1,False
train,Q_f943a2c324798ba5c80a,2,1,2013-01-30,2013-01-30,1,False
train,Q_f9531daa03d405d6c16d,2,1,2015-07-08,2015-07-08,1,False
train,Q_f959be44e03d70c3d32d,2,1,2015-07-22,2015-07-22,1,False
train,Q_f95c20896798f89c8ce6,2,1,2012-08-01,2012-08-01,1,False
train,Q_f96640da88077bf9f2c8,2,1,2014-04-23,2014-04-23,1,False
train,Q_f96bd49423ec77a4c257,2,1,2015-10-21,2015-10-21,1,False
train,Q_f979a996abdcecea1bef,2,1,2015-10-21,2015-10-21,1,False
train,Q_f97e630fa150e0348f16,2,1,2015-01-07,2015-01-07,1,False
train,Q_f97e70c55f0804451ff4,2,1,2016-08-10,2016-08-10,1,False
train,Q_f98731cf4b9d7b492c1b,2,1,2012-09-05,2012-09-05,1,False
train,Q_f9ab56e90345db44d3c1,2,1,2012-07-04,2012-07-04,1,False
train,Q_f9ad67eaf8490df60caa,2,1,2015-03-18,2015-03-18,1,False
train,Q_f9b34613831199dc1312,2,1,2013-10-23,2013-10-23,1,False
train,Q_f9bfe1ad8d71de496fe6,2,1,2016-05-11,2016-05-11,1,False
train,Q_f9d0485baed7348ceeef,2,1,2013-06-19,2013-06-19,1,False
train,Q_f9d1b2c66e34c371bdf0,2,1,2015-11-25,2015-11-25,1,False
train,Q_f9d4475d228022bce10a,2,1,2014-12-31,2014-12-31,1,False
train,Q_f9e0b281725470155887,2,1,2015-04-22,2015-04-22,1,False
train,Q_f9eb39b804a980a9dca1,2,1,2013-05-08,2013-05-08,1,False
train,Q_f9f101f375c0a7940945,2,1,2013-08-07,2013-08-07,1,False
train,Q_f9f200a155b82eaa8081,2,1,2016-04-27,2016-04-27,1,False
train,Q_f9f94b095d0d2c8f61b4,2,1,2012-07-25,2012-07-25,1,False
train,Q_fa08c8b7c81d98b24a21,2,1,2016-05-25,2016-05-25,1,False
train,Q_fa0fed45325b165aa54d,2,1,2014-05-28,2014-05-28,1,False
train,Q_fa1104f8d6aa4fc007cd,2,1,2016-05-11,2016-05-11,1,False
train,Q_fa1be31418354049f84f,2,1,2015-11-04,2015-11-04,1,False
train,Q_fa1cfb130e4c4fb6d8b0,2,1,2014-07-23,2014-07-23,1,False
train,Q_fa2120ce703d2e0321ab,2,1,2013-08-21,2013-08-21,1,False
train,Q_fa23556680ba69ef2d74,2,1,2016-07-06,2016-07-06,1,False
train,Q_fa29acc4b79f71c3d159,2,1,2012-09-05,2012-09-05,1,False
train,Q_fa326aa6ff3559d8c3bd,2,1,2012-09-05,2012-09-05,1,False
train,Q_fa34d38facd248907ef3,2,1,2013-12-25,2013-12-25,1,False
train,Q_fa36e1ed2f0cdd52222b,2,1,2015-12-09,2015-12-09,1,False
train,Q_fa3ae82da83bd596b919,2,1,2015-08-12,2015-08-12,1,False
train,Q_fa3be7814c2347fcf874,2,1,2014-12-24,2014-12-24,1,False
train,Q_fa3fc4f6f96af3eb4a58,2,1,2015-11-25,2015-11-25,1,False
train,Q_fa5a50afc87949e961a1,2,1,2015-11-04,2015-11-04,1,False
train,Q_fa5bb478ab37b3cf7f92,2,1,2012-07-25,2012-07-25,1,False
train,Q_fa5ffbefed11b7d3dfed,2,1,2014-05-21,2014-05-21,1,False
train,Q_fa60d448d3e288ca2aa7,2,1,2015-09-02,2015-09-02,1,False
train,Q_fa6e0f8810725053ac49,2,1,2013-08-28,2013-08-28,1,False
train,Q_fa6f11c639596969e48a,2,1,2016-06-08,2016-06-08,1,False
train,Q_fa6fc2ed000ba2d7a9b5,2,1,2016-02-03,2016-02-03,1,False
train,Q_fa70d3880dda547fb224,2,1,2014-06-18,2014-06-18,1,False
train,Q_fa7a73dfc2bc302439d6,2,1,2015-10-14,2015-10-14,1,False
train,Q_fa8de7e1d7037dfe457e,2,1,2013-04-10,2013-04-10,1,False
train,Q_fa91d38dccac45ab8220,2,1,2014-06-11,2014-06-11,1,False
train,Q_fa9a5b0e4e8d6f07926e,4,2,2013-03-27,2014-01-15,2,True
train,Q_fa9d74e8e8586594b26d,2,1,2014-10-22,2014-10-22,1,False
train,Q_faa142290064c55bb492,2,1,2016-03-23,2016-03-23,1,False
train,Q_faa19deb555fba1521bc,2,1,2015-05-27,2015-05-27,1,False
train,Q_faa2cb3dd977ee8cc0f6,2,1,2016-01-27,2016-01-27,1,False
train,Q_fab3f76958f94167924c,2,1,2016-02-10,2016-02-10,1,False
train,Q_fabd7cbd444aef4635c0,2,1,2015-12-30,2015-12-30,1,False
train,Q_fac0b386440cf7ca833c,2,1,2016-08-17,2016-08-17,1,False
train,Q_fac319ed8e135a5ba424,2,1,2013-06-26,2013-06-26,1,False
train,Q_fac32614cb339c0ef02d,2,1,2015-03-04,2015-03-04,1,False
train,Q_facacc4426905060669a,2,1,2014-10-01,2014-10-01,1,False
train,Q_fad52b46f5f45f139ad0,2,1,2016-04-06,2016-04-06,1,False
train,Q_fadd1513beae20c887f0,2,1,2015-12-23,2015-12-23,1,False
train,Q_fae421b5133d53c95cf4,2,1,2015-02-11,2015-02-11,1,False
train,Q_fae86f68dddec540ab02,2,1,2016-09-21,2016-09-21,1,False
train,Q_faec99ff3f8ff8937090,2,1,2014-06-11,2014-06-11,1,False
train,Q_faed40b417c3a9ed867d,2,1,2016-01-20,2016-01-20,1,False
train,Q_faf84d94dcf310a638fe,2,1,2015-04-15,2015-04-15,1,False
train,Q_fafa6232a00fc86ca5e9,2,1,2012-10-03,2012-10-03,1,False
train,Q_fb0570889d6815ed9538,2,1,2013-10-09,2013-10-09,1,False
train,Q_fb1249c1c7f71c4ca043,2,1,2014-08-13,2014-08-13,1,False
train,Q_fb1c3e5f2d36416ba2a8,2,1,2015-03-04,2015-03-04,1,False
train,Q_fb22bc3810384394587a,2,1,2016-09-07,2016-09-07,1,False
train,Q_fb26731f6cc2e7522cc0,2,1,2016-04-06,2016-04-06,1,False
train,Q_fb28ee7b4a96f91b80d3,2,1,2013-04-17,2013-04-17,1,False
train,Q_fb3bc7500e9f553b26c4,2,1,2016-09-14,2016-09-14,1,False
train,Q_fb4096b44af346e59d9b,2,1,2012-11-14,2012-11-14,1,False
train,Q_fb40c547979c7c16cb70,1,1,2012-11-28,2012-11-28,1,False
train,Q_fb45b06ecdfa9562ffb3,2,1,2015-04-01,2015-04-01,1,False
train,Q_fb4ac7779bf564de0ebe,2,1,2016-08-31,2016-08-31,1,False
train,Q_fb57bf2937536ed2e011,2,1,2014-01-22,2014-01-22,1,False
train,Q_fb5a234ad65dd3daf265,2,1,2016-01-27,2016-01-27,1,False
train,Q_fb5b8101074af07fe074,2,1,2015-03-25,2015-03-25,1,False
train,Q_fb5bddf1e97226d5a72a,2,1,2016-08-17,2016-08-17,1,False
train,Q_fb5fc34f5ea57dc910ad,2,1,2014-07-23,2014-07-23,1,False
train,Q_fb63f5058c88e4246cde,2,1,2013-08-07,2013-08-07,1,False
train,Q_fb6f36d569d2e33a461a,2,1,2015-03-25,2015-03-25,1,False
train,Q_fb7fb26168e7363a3e6a,2,1,2016-05-25,2016-05-25,1,False
train,Q_fb8b975b13178e9de834,2,1,2014-11-19,2014-11-19,1,False
train,Q_fb8bba72b5b17a6c61ed,2,1,2013-07-17,2013-07-17,1,False
train,Q_fbaaceaa7a94eff17123,2,1,2013-11-20,2013-11-20,1,False
train,Q_fbab053fc97a0bdd8771,2,1,2016-05-11,2016-05-11,1,False
train,Q_fbabf8a10e758d018dd4,2,1,2014-04-09,2014-04-09,1,False
train,Q_fbae25162c5e325fc609,2,1,2016-01-13,2016-01-13,1,False
train,Q_fbae4060b9ad0f1347cb,2,1,2014-04-23,2014-04-23,1,False
train,Q_fbb994005a31e687173d,2,1,2015-03-18,2015-03-18,1,False
train,Q_fbc544c0c0893d1e1c2c,2,1,2016-03-16,2016-03-16,1,False
train,Q_fbd06180e83f40f4d38e,2,1,2012-09-05,2012-09-05,1,False
train,Q_fbdd3cb27df55e2898e6,2,1,2015-09-09,2015-09-09,1,False
train,Q_fbec0aa861e569f8cc2d,2,1,2012-10-31,2012-10-31,1,False
train,Q_fbf72552e92c3189454f,2,1,2015-05-13,2015-05-13,1,False
train,Q_fbf93986440690bf7cec,2,1,2015-05-06,2015-05-06,1,False
train,Q_fbfbc10439309b306983,2,1,2015-10-14,2015-10-14,1,False
train,Q_fbfbe8b86edc9405a967,2,1,2013-01-30,2013-01-30,1,False
train,Q_fc0ce685e1ee9f0f5400,2,1,2012-08-29,2012-08-29,1,False
train,Q_fc0e3f8854facb0ef882,2,1,2013-10-02,2013-10-02,1,False
train,Q_fc119674848bc631917e,2,1,2015-09-16,2015-09-16,1,False
train,Q_fc309026133afc731469,2,1,2013-09-04,2013-09-04,1,False
train,Q_fc337fc5e4ea708bd740,2,1,2012-07-11,2012-07-11,1,False
train,Q_fc3fe09310ba6c6603f3,2,1,2012-11-28,2012-11-28,1,False
train,Q_fc5433d562d699814312,2,1,2016-05-18,2016-05-18,1,False
train,Q_fc58201b74d7cfa49f06,2,1,2015-04-08,2015-04-08,1,False
train,Q_fc60a41ecfe2e18c2f3a,2,1,2016-01-13,2016-01-13,1,False
train,Q_fc61f65fb55baaeb0308,2,1,2016-02-10,2016-02-10,1,False
train,Q_fc6b8cebbfe6a4ad1185,2,1,2013-03-27,2013-03-27,1,False
train,Q_fc6d7700995eeaa91b7a,2,1,2014-01-15,2014-01-15,1,False
train,Q_fc77444f73c11c41713d,2,1,2013-02-27,2013-02-27,1,False
train,Q_fc798d84455d96a26c5f,2,1,2014-01-01,2014-01-01,1,False
train,Q_fc7d186d1fba27dbe344,2,1,2014-07-09,2014-07-09,1,False
train,Q_fc9c5c0280880865ae71,2,1,2012-09-26,2012-09-26,1,False
train,Q_fcb16daff824e26b2460,2,1,2015-08-05,2015-08-05,1,False
train,Q_fcbb35b845d4550cc964,2,1,2012-09-05,2012-09-05,1,False
train,Q_fcc2a3e7046d0eb3ebd0,2,1,2013-02-13,2013-02-13,1,False
train,Q_fccf911105926ebcaea3,2,1,2016-05-25,2016-05-25,1,False
train,Q_fcd00d8f3372aef64bdd,2,1,2013-01-30,2013-01-30,1,False
train,Q_fcd1c4fb51246636a1c8,2,1,2013-08-21,2013-08-21,1,False
train,Q_fce52d8990a0e11cde18,2,1,2016-06-01,2016-06-01,1,False
train,Q_fd03460ba3dd78aa0028,2,1,2012-08-29,2012-08-29,1,False
train,Q_fd039ee353568e32d158,2,1,2015-06-17,2015-06-17,1,False
train,Q_fd03f0c397651d6be5c1,2,1,2012-07-04,2012-07-04,1,False
train,Q_fd03febf357708536f81,2,1,2015-02-11,2015-02-11,1,False
train,Q_fd05b4a1c494aa66547e,2,1,2015-09-02,2015-09-02,1,False
train,Q_fd07327663a64645ab7b,2,1,2015-04-29,2015-04-29,1,False
train,Q_fd0845c7c9bea03839ad,2,1,2015-05-06,2015-05-06,1,False
train,Q_fd0f856e35d19552228a,2,1,2015-10-07,2015-10-07,1,False
train,Q_fd1a564c3826bdf3bcf0,2,1,2014-03-05,2014-03-05,1,False
train,Q_fd2cd0fa44f52c7563e2,2,1,2012-09-12,2012-09-12,1,False
train,Q_fd2f04a5f7cf477e6708,2,1,2012-12-19,2012-12-19,1,False
train,Q_fd31ab224a6871258565,2,1,2014-10-15,2014-10-15,1,False
train,Q_fd3361433fc3a287adf3,2,1,2013-10-02,2013-10-02,1,False
train,Q_fd37718bd7dc1e8d2db7,2,1,2013-05-22,2013-05-22,1,False
train,Q_fd37fb59d5cfa3cb70e7,2,1,2015-01-21,2015-01-21,1,False
train,Q_fd40a1a28814f405ef7d,2,1,2014-06-25,2014-06-25,1,False
train,Q_fd4f687ca053eb70f5d3,2,1,2016-01-13,2016-01-13,1,False
train,Q_fd51685c560eb5beae34,2,1,2012-09-26,2012-09-26,1,False
train,Q_fd5472429cb148d556d4,2,1,2014-09-17,2014-09-17,1,False
train,Q_fd59ef378e407e150d94,2,1,2016-02-24,2016-02-24,1,False
train,Q_fd61da15c01bebda91f0,2,1,2015-10-14,2015-10-14,1,False
train,Q_fd697a32b5bb5457b782,2,1,2012-11-14,2012-11-14,1,False
train,Q_fd700b3a2e1508461b2b,2,1,2012-11-07,2012-11-07,1,False
train,Q_fd74400c933fe8e98bad,2,1,2016-03-02,2016-03-02,1,False
train,Q_fd7c3717dff0b314e243,2,1,2015-03-04,2015-03-04,1,False
train,Q_fd8ce3fca9a198b006f9,2,1,2016-08-17,2016-08-17,1,False
train,Q_fd9515838d9e2ecdd020,2,1,2012-08-22,2012-08-22,1,False
train,Q_fd95e9d99e6970e6cec8,2,1,2015-10-14,2015-10-14,1,False
train,Q_fd9b693fd9a8d54696db,2,1,2015-01-14,2015-01-14,1,False
train,Q_fd9e4f394eb814b3c8ab,2,1,2014-04-23,2014-04-23,1,False
train,Q_fd9f54cb94be94a1d361,2,1,2014-02-05,2014-02-05,1,False
train,Q_fda405d3a1a23e8a0104,2,1,2015-12-02,2015-12-02,1,False
train,Q_fdaad0df0b6dd8c71494,2,1,2016-03-23,2016-03-23,1,False
train,Q_fdac9aec96e158474cf4,2,1,2016-03-23,2016-03-23,1,False
train,Q_fdad9fc97c6e9de39cf3,2,1,2014-10-29,2014-10-29,1,False
train,Q_fdb3b64b82f6df481fcf,2,1,2015-11-25,2015-11-25,1,False
train,Q_fdb54f12e0f83493a963,2,1,2015-10-07,2015-10-07,1,False
train,Q_fdb913abad4904b7f25f,2,1,2016-02-03,2016-02-03,1,False
train,Q_fdbdaa9e3ebc3cc9f54d,2,1,2014-08-13,2014-08-13,1,False
train,Q_fdbfbea4d706accbf322,2,1,2013-06-19,2013-06-19,1,False
train,Q_fdc3967f7cc305f22de1,2,1,2016-08-17,2016-08-17,1,False
train,Q_fdc66df45f4e549f7776,2,1,2013-10-23,2013-10-23,1,False
train,Q_fdd7ca81afca1bd09933,2,1,2013-11-27,2013-11-27,1,False
train,Q_fddbfc3d21d6ee314a80,2,1,2014-02-05,2014-02-05,1,False
train,Q_fddd7b3983be1c60e146,2,1,2016-07-06,2016-07-06,1,False
train,Q_fdeaf35a47cf77451388,2,1,2016-03-02,2016-03-02,1,False
train,Q_fdfaa11a997f4a683677,2,1,2015-09-02,2015-09-02,1,False
train,Q_fe0ffbd6748e2df162fd,2,1,2014-04-23,2014-04-23,1,False
train,Q_fe111ee7b4ea0c992721,2,1,2016-04-06,2016-04-06,1,False
train,Q_fe14cef883d08dc3e839,2,1,2016-02-03,2016-02-03,1,False
train,Q_fe21ee3bba10968267bb,2,1,2014-11-05,2014-11-05,1,False
train,Q_fe2379dcf111406cf7a9,2,1,2013-01-02,2013-01-02,1,False
train,Q_fe264b2aee2cd4e5a5b0,2,1,2013-03-20,2013-03-20,1,False
train,Q_fe2bb2b49109f7e4a1dd,2,1,2012-08-01,2012-08-01,1,False
train,Q_fe335a3131a155c2ec4a,2,1,2016-07-06,2016-07-06,1,False
train,Q_fe34e292b3cb82dd0684,2,1,2016-03-02,2016-03-02,1,False
train,Q_fe36f463d41070a7b9fb,2,1,2014-01-22,2014-01-22,1,False
train,Q_fe3a45ecfe137e2cc281,2,1,2012-11-21,2012-11-21,1,False
train,Q_fe3a832d71c0bebabf1f,2,1,2014-12-31,2014-12-31,1,False
train,Q_fe3acac8b867bcba8132,2,1,2015-07-08,2015-07-08,1,False
train,Q_fe40bd5e3ad0b2f3c3ec,2,1,2012-08-29,2012-08-29,1,False
train,Q_fe4e75f625a4cf82a39d,2,1,2015-12-09,2015-12-09,1,False
train,Q_fe527c3b743a34981a48,2,1,2013-06-26,2013-06-26,1,False
train,Q_fe53787759b580e91755,2,1,2013-12-11,2013-12-11,1,False
train,Q_fe53c8a2859e14e8da86,2,1,2012-08-01,2012-08-01,1,False
train,Q_fe574ee8ad5b1f5f0ee0,2,1,2012-12-12,2012-12-12,1,False
train,Q_fe5efbe9e37fe3d73d88,2,1,2014-06-04,2014-06-04,1,False
train,Q_fe5f9f4f99892d6f226e,2,1,2016-06-22,2016-06-22,1,False
train,Q_fe61abad1b7629b1b780,2,1,2013-11-06,2013-11-06,1,False
train,Q_fe61bf8be6b5339b0ea2,2,1,2015-09-16,2015-09-16,1,False
train,Q_fe6f1bd4118a7dc1f76e,2,1,2016-02-03,2016-02-03,1,False
train,Q_fe7277af948802446f44,2,1,2013-10-30,2013-10-30,1,False
train,Q_fe7ed10531a57485428a,2,1,2014-10-29,2014-10-29,1,False
train,Q_fe8127f8e423550517bb,2,1,2014-10-29,2014-10-29,1,False
train,Q_fe84c017053e790dc075,2,1,2015-05-06,2015-05-06,1,False
train,Q_fe87bd385638b1723f46,2,1,2014-03-12,2014-03-12,1,False
train,Q_fe89daa6802092932704,2,1,2016-01-13,2016-01-13,1,False
train,Q_fe8c8925eeac52d45337,2,1,2016-06-22,2016-06-22,1,False
train,Q_fe9147d70fb55ba6d70f,2,1,2012-09-05,2012-09-05,1,False
train,Q_fe94bf956f3f0ccdcfdf,2,1,2013-08-21,2013-08-21,1,False
train,Q_fe965b713a4f7fd5b294,2,1,2015-02-11,2015-02-11,1,False
train,Q_fe97ea33511b861e0b6e,2,1,2016-01-27,2016-01-27,1,False
train,Q_fe9973a5438328ad019f,2,1,2016-09-21,2016-09-21,1,False
train,Q_feacef30c4cdf7bbad7f,2,1,2012-10-24,2012-10-24,1,False
train,Q_feb80fa31b5b2f9ff000,2,1,2016-03-16,2016-03-16,1,False
train,Q_feb8c4348aa9f2cb8a50,2,1,2013-08-21,2013-08-21,1,False
train,Q_fec27c9c8da3ef5da071,2,1,2014-10-15,2014-10-15,1,False
train,Q_fed4ce826f7adbeb9f92,2,1,2013-08-21,2013-08-21,1,False
train,Q_fed67923f126aa65612e,2,1,2016-06-08,2016-06-08,1,False
train,Q_fed7692ce3693f152bc8,2,1,2013-11-27,2013-11-27,1,False
train,Q_fee0deb79c7d28381b88,2,1,2013-04-24,2013-04-24,1,False
train,Q_feed0639860fcb4bd0ed,2,1,2013-11-06,2013-11-06,1,False
train,Q_feed31ad3276ea989b7b,2,1,2016-02-17,2016-02-17,1,False
train,Q_fefc798be0c204ecca24,2,1,2016-02-10,2016-02-10,1,False
train,Q_fefe5e302cd955a83c79,2,1,2013-06-05,2013-06-05,1,False
train,Q_fefff0b2af693b5d5fa8,2,1,2012-12-12,2012-12-12,1,False
train,Q_ff1901a877e391fca5f8,2,1,2016-09-21,2016-09-21,1,False
train,Q_ff27401f834e5862daf1,2,1,2013-12-04,2013-12-04,1,False
train,Q_ff289be22381a67e57b1,2,1,2016-07-27,2016-07-27,1,False
train,Q_ff292bf8c01913e9b159,2,1,2012-09-05,2012-09-05,1,False
train,Q_ff2b58f303187225304c,2,1,2015-08-12,2015-08-12,1,False
train,Q_ff3aa6d91bb51ec410b5,2,1,2014-10-29,2014-10-29,1,False
train,Q_ff3b159a7dff11377602,2,1,2014-06-04,2014-06-04,1,False
train,Q_ff3be42e2b9819c98e4d,2,1,2016-04-06,2016-04-06,1,False
train,Q_ff448eaa83c70d80a8f4,2,1,2013-03-20,2013-03-20,1,False
train,Q_ff4a68cedf9dd5251536,2,1,2015-11-11,2015-11-11,1,False
train,Q_ff4bd7df81e60b494883,2,1,2016-06-22,2016-06-22,1,False
train,Q_ff5125586b0815c0de9a,2,1,2015-05-20,2015-05-20,1,False
train,Q_ff58200f507a579d2e49,2,1,2012-07-04,2012-07-04,1,False
train,Q_ff59009c32ffeab5bb1a,2,1,2014-04-23,2014-04-23,1,False
train,Q_ff652853668968b9c96d,2,1,2015-05-06,2015-05-06,1,False
train,Q_ff73db0ac0c0b4768557,2,1,2014-12-17,2014-12-17,1,False
train,Q_ff7abafb0badeade8de3,2,1,2014-07-23,2014-07-23,1,False
train,Q_ff7cff653779099129d8,2,1,2016-01-06,2016-01-06,1,False
train,Q_ff7f2975682ed8a55363,2,1,2015-11-25,2015-11-25,1,False
train,Q_ff8855215d53b22401fc,2,1,2014-12-03,2014-12-03,1,False
train,Q_ff89035962def864982b,2,1,2016-06-08,2016-06-08,1,False
train,Q_ff8e4942c4689108a2bf,2,1,2014-11-05,2014-11-05,1,False
train,Q_ffadce697a74fd672327,2,1,2013-01-16,2013-01-16,1,False
train,Q_ffca5c34ee4eb833495d,2,1,2015-04-08,2015-04-08,1,False
train,Q_ffd29191794a648a03ad,2,1,2015-04-29,2015-04-29,1,False
train,Q_ffdf88728b23c3f06d3a,2,1,2013-09-25,2013-09-25,1,False
train,Q_ffdfc21c0ac75041bb8b,2,1,2015-04-29,2015-04-29,1,False
train,Q_ffef0b0ab1c3eb420738,2,1,2016-03-09,2016-03-09,1,False
train,Q_ffff94d32eff4f8d5b3c,2,1,2016-02-24,2016-02-24,1,False
